config_id,device_id,telnet_num,ssh_num,logging_num,guest_iso_num,dhcp_snoop_num,security_weakening_score,segmentation_risk_score,has_authorized_ticket,num_changed_fields,risk_label,risk_num
CFG-0000001,DEV-MAIN-ACC-090,1,1,1,1,1,0.4,0.0,0,1,HIGH,2
CFG-0000002,DEV-CARDIO-COR-063,0,1,1,1,1,0.0,0.0,0,0,LOW,0
CFG-0000003,DEV-CARDIO-FIR-089,0,1,1,1,1,0.0,0.0,0,0,LOW,0
CFG-0000004,DEV-CARDIO-EDG-085,0,1,1,1,1,0.0,0.0,0,0,LOW,0
CFG-0000005,DEV-PHARM-ACC-083,0,1,1,1,1,0.0,0.0,0,0,LOW,0
CFG-0000006,DEV-CARDIO-EDG-085,0,1,1,1,1,0.0,0.0,0,0,LOW,0
CFG-0000007,DEV-PEDS-IOT-035,0,1,1,1,1,0.0,0.0,0,0,LOW,0
CFG-0000008,DEV-PEDS-WIR-007,0,1,1,1,1,0.0,0.0,0,0,LOW,0
CFG-0000009,DEV-MAIN-FIR-064,0,1,1,1,1,0.0,0.0,1,0,LOW,0
CFG-0000010,DEV-CLINIC-ACC-034,0,1,1,1,1,0.0,0.0,0,0,LOW,0
CFG-0000011,DEV-EMERGENCY-VPN-002,0,1,1,1,1,0.0,0.0,0,0,LOW,0
CFG-0000012,DEV-ONCOLOGY-FIR-061,0,1,1,1,1,0.0,0.0,1,0,LOW,0
CFG-0000013,DEV-MAIN-SWI-017,0,1,1,1,1,0.0,0.0,0,0,LOW,0
CFG-0000014,DEV-CARDIO-ACC-008,0,1,1,1,1,0.0,0.0,0,0,LOW,0
CFG-0000015,DEV-ONCOLOGY-WIR-037,0,1,1,1,1,0.0,0.0,0,0,LOW,0
CFG-0000016,DEV-PHARM-FIR-101,1,1,1,1,1,0.4,0.0,0,1,HIGH,2
CFG-0000017,DEV-ADMIN-SWI-049,0,1,1,1,1,0.0,0.0,0,0,LOW,0
CFG-0000018,DEV-ONCOLOGY-ACC-053,0,1,1,1,0,0.0,0.5,1,0,LOW,0
CFG-0000019,DEV-PEDS-WIR-095,0,1,1,1,1,0.0,0.0,1,0,LOW,0
CFG-0000020,DEV-CLINIC-VPN-051,0,1,1,1,0,0.0,0.5,0,0,LOW,0
CFG-0000021,DEV-PHARM-FIR-028,0,1,1,1,1,0.0,0.0,0,0,LOW,0
CFG-0000022,DEV-DIAG-ACC-103,0,1,1,1,1,0.0,0.0,0,0,LOW,0
CFG-0000023,DEV-ADMIN-WIR-013,0,1,1,1,1,0.0,0.0,0,0,LOW,0
CFG-0000024,DEV-EMERGENCY-SWI-052,0,1,1,1,1,0.0,0.0,0,0,LOW,0
CFG-0000025,DEV-EMERGENCY-FIR-058,1,1,1,1,1,0.4,0.0,0,1,HIGH,2
CFG-0000026,DEV-MAIN-SWI-042,0,1,1,1,1,0.0,0.0,0,0,LOW,0
CFG-0000027,DEV-ONCOLOGY-SWI-039,0,1,1,1,1,0.0,0.0,0,0,LOW,0
CFG-0000028,DEV-EMERGENCY-FIR-030,0,1,1,1,1,0.0,0.0,0,0,LOW,0
CFG-0000029,DEV-ADMIN-COR-105,0,1,1,1,0,0.0,0.5,0,0,LOW,0
CFG-0000030,DEV-CARDIO-ACC-008,0,1,1,1,1,0.0,0.0,0,0,LOW,0
CFG-0000031,DEV-PHARM-VPN-023,0,1,1,1,1,0.0,0.0,1,0,LOW,0
CFG-0000032,DEV-PEDS-WIR-095,0,1,1,1,1,0.0,0.0,0,0,LOW,0
CFG-0000033,DEV-MAIN-VPN-026,0,1,1,1,0,0.0,0.5,0,0,LOW,0
CFG-0000034,DEV-MAIN-EDG-071,0,1,1,1,1,0.0,0.0,0,0,LOW,0
CFG-0000035,DEV-PHARM-COR-106,0,1,1,1,1,0.0,0.0,0,0,LOW,0
CFG-0000036,DEV-RESEARCH-SWI-001,0,1,1,1,1,0.0,0.0,1,0,LOW,0
CFG-0000037,DEV-ONCOLOGY-VPN-075,0,1,1,1,1,0.0,0.0,1,0,LOW,0
CFG-0000038,DEV-PHARM-EDG-038,0,1,0,1,1,0.3,0.0,1,1,LOW,0
CFG-0000039,DEV-EMERGENCY-FIR-030,0,1,1,1,1,0.0,0.0,0,0,LOW,0
CFG-0000040,DEV-CARDIO-VPN-011,0,1,1,1,1,0.0,0.0,0,0,LOW,0
CFG-0000041,DEV-DIAG-COR-009,0,1,1,1,1,0.0,0.0,0,0,LOW,0
CFG-0000042,DEV-CLINIC-VPN-051,0,1,1,1,1,0.0,0.0,0,0,LOW,0
CFG-0000043,DEV-RESEARCH-SWI-001,0,1,1,1,1,0.0,0.0,1,0,LOW,0
CFG-0000044,DEV-PHARM-VPN-023,0,1,1,1,1,0.0,0.0,0,0,LOW,0
CFG-0000045,DEV-ONCOLOGY-ACC-053,0,1,1,1,1,0.0,0.0,0,0,LOW,0
CFG-0000046,DEV-RESEARCH-FIR-086,0,1,1,1,1,0.0,0.0,0,0,LOW,0
CFG-0000047,DEV-PHARM-ACC-083,0,1,1,1,0,0.0,0.5,0,0,LOW,0
CFG-0000048,DEV-CLINIC-FIR-087,0,1,1,0,1,0.0,0.5,1,1,LOW,0
CFG-0000049,DEV-CARDIO-SWI-062,1,1,1,1,1,0.4,0.0,0,1,HIGH,2
CFG-0000050,DEV-RESEARCH-FIR-078,0,1,1,1,1,0.0,0.0,0,0,LOW,0
CFG-0000051,DEV-CLINIC-ACC-109,0,1,1,1,1,0.0,0.0,0,0,LOW,0
CFG-0000052,DEV-RESEARCH-EDG-055,0,1,1,1,1,0.0,0.0,0,0,LOW,0
CFG-0000053,DEV-CARDIO-SWI-074,0,1,1,1,1,0.0,0.0,0,0,LOW,0
CFG-0000054,DEV-CARDIO-IOT-006,0,1,1,1,1,0.0,0.0,0,0,LOW,0
CFG-0000055,DEV-RESEARCH-SWI-100,0,1,1,1,1,0.0,0.0,0,0,LOW,0
CFG-0000056,DEV-PEDS-IOT-035,0,1,1,1,1,0.0,0.0,0,0,LOW,0
CFG-0000057,DEV-CARDIO-FIR-089,1,1,1,1,1,0.4,0.0,0,1,HIGH,2
CFG-0000058,DEV-RESEARCH-SWI-001,0,1,1,1,1,0.0,0.0,1,0,LOW,0
CFG-0000059,DEV-ADMIN-WIR-013,0,1,1,1,1,0.0,0.0,0,0,LOW,0
CFG-0000060,DEV-DIAG-COR-009,0,1,1,1,1,0.0,0.0,1,0,LOW,0
CFG-0000061,DEV-DIAG-COR-009,0,1,1,1,1,0.0,0.0,0,0,LOW,0
CFG-0000062,DEV-PEDS-FIR-069,0,1,1,1,1,0.0,0.0,0,0,LOW,0
CFG-0000063,DEV-RESEARCH-SWI-001,0,1,1,1,1,0.0,0.0,0,0,LOW,0
CFG-0000064,DEV-ADMIN-COR-105,0,1,0,1,1,0.3,0.0,1,1,LOW,0
CFG-0000065,DEV-DIAG-EDG-067,0,1,1,1,1,0.0,0.0,0,0,LOW,0
CFG-0000066,DEV-RESEARCH-FIR-086,0,1,1,1,1,0.0,0.0,0,0,LOW,0
CFG-0000067,DEV-CLINIC-SWI-082,0,1,1,0,1,0.0,0.5,1,1,LOW,0
CFG-0000068,DEV-MAIN-EDG-071,0,1,1,1,1,0.0,0.0,0,0,LOW,0
CFG-0000069,DEV-CLINIC-ACC-109,0,1,1,1,1,0.0,0.0,1,0,LOW,0
CFG-0000070,DEV-PEDS-COR-054,0,1,1,1,1,0.0,0.0,0,0,LOW,0
CFG-0000071,DEV-RESEARCH-SWI-001,0,1,1,1,1,0.0,0.0,1,0,LOW,0
CFG-0000072,DEV-PEDS-COR-019,1,1,1,1,1,0.4,0.0,0,1,HIGH,2
CFG-0000073,DEV-CLINIC-VPN-029,0,1,1,1,1,0.0,0.0,0,0,LOW,0
CFG-0000074,DEV-DIAG-EDG-080,0,1,1,1,0,0.0,0.5,1,0,LOW,0
CFG-0000075,DEV-RESEARCH-SWI-079,0,1,1,1,1,0.0,0.0,1,0,LOW,0
CFG-0000076,DEV-CARDIO-IOT-110,0,1,1,1,1,0.0,0.0,0,0,LOW,0
CFG-0000077,DEV-CARDIO-SWI-074,0,1,1,1,1,0.0,0.0,1,0,LOW,0
CFG-0000078,DEV-EMERGENCY-IOT-015,0,1,1,1,1,0.0,0.0,0,0,LOW,0
CFG-0000079,DEV-MAIN-SWI-044,0,1,1,1,1,0.0,0.0,0,0,LOW,0
CFG-0000080,DEV-ONCOLOGY-FIR-061,0,1,1,1,1,0.0,0.0,0,0,LOW,0
CFG-0000081,DEV-EMERGENCY-FIR-030,0,1,1,1,1,0.0,0.0,0,0,LOW,0
CFG-0000082,DEV-PEDS-WIR-007,0,1,1,1,1,0.0,0.0,0,0,LOW,0
CFG-0000083,DEV-ONCOLOGY-VPN-075,0,1,1,1,0,0.0,0.5,0,0,LOW,0
CFG-0000084,DEV-EMERGENCY-SWI-099,0,1,1,1,1,0.0,0.0,0,0,LOW,0
CFG-0000085,DEV-PHARM-VPN-047,0,1,1,1,1,0.0,0.0,1,0,LOW,0
CFG-0000086,DEV-DIAG-EDG-080,0,1,1,1,1,0.0,0.0,0,0,LOW,0
CFG-0000087,DEV-CARDIO-ACC-008,0,1,1,1,1,0.0,0.0,0,0,LOW,0
CFG-0000088,DEV-EMERGENCY-IOT-073,0,1,1,1,1,0.0,0.0,0,0,LOW,0
CFG-0000089,DEV-RESEARCH-SWI-100,0,1,1,1,1,0.0,0.0,0,0,LOW,0
CFG-0000090,DEV-ONCOLOGY-WIR-037,0,1,1,0,1,0.0,0.5,1,1,LOW,0
CFG-0000091,DEV-RESEARCH-FIR-078,0,1,1,1,1,0.0,0.0,0,0,LOW,0
CFG-0000092,DEV-ONCOLOGY-WIR-037,0,1,1,1,1,0.0,0.0,0,0,LOW,0
CFG-0000093,DEV-CARDIO-SWI-062,0,1,1,1,1,0.0,0.0,0,0,LOW,0
CFG-0000094,DEV-CLINIC-SWI-082,0,1,1,1,1,0.0,0.0,1,0,LOW,0
CFG-0000095,DEV-RESEARCH-EDG-057,0,1,1,1,1,0.0,0.0,0,0,LOW,0
CFG-0000096,DEV-CLINIC-SWI-082,0,1,1,1,1,0.0,0.0,0,0,LOW,0
CFG-0000097,DEV-PEDS-WIR-095,0,1,1,0,1,0.0,0.5,0,1,MEDIUM,1
CFG-0000098,DEV-CLINIC-VPN-098,0,1,1,1,1,0.0,0.0,0,0,LOW,0
CFG-0000099,DEV-PEDS-WIR-007,0,1,1,1,1,0.0,0.0,1,0,LOW,0
CFG-0000100,DEV-CLINIC-IOT-041,0,1,1,1,1,0.0,0.0,0,0,LOW,0
CFG-0000101,DEV-RESEARCH-SWI-001,0,1,1,1,1,0.0,0.0,0,0,LOW,0
CFG-0000102,DEV-CARDIO-IOT-110,0,1,0,1,1,0.3,0.0,1,1,LOW,0
CFG-0000103,DEV-MAIN-ACC-077,0,1,1,1,1,0.0,0.0,0,0,LOW,0
CFG-0000104,DEV-MAIN-WIR-043,0,1,1,1,1,0.0,0.0,1,0,LOW,0
CFG-0000105,DEV-CARDIO-FIR-089,0,1,1,1,1,0.0,0.0,0,0,LOW,0
CFG-0000106,DEV-PHARM-EDG-038,0,1,1,1,1,0.0,0.0,0,0,LOW,0
CFG-0000107,DEV-MAIN-ACC-090,0,1,1,1,1,0.0,0.0,1,0,LOW,0
CFG-0000108,DEV-PEDS-FIR-069,0,1,1,1,1,0.0,0.0,0,0,LOW,0
CFG-0000109,DEV-CARDIO-ACC-068,0,1,1,1,1,0.0,0.0,0,0,LOW,0
CFG-0000110,DEV-EMERGENCY-COR-022,0,1,1,1,1,0.0,0.0,0,0,LOW,0
CFG-0000111,DEV-RESEARCH-IOT-072,0,1,1,0,1,0.0,0.5,0,1,MEDIUM,1
CFG-0000112,DEV-ADMIN-FIR-024,0,1,1,1,1,0.0,0.0,0,0,LOW,0
CFG-0000113,DEV-ADMIN-FIR-024,0,1,1,1,1,0.0,0.0,1,0,LOW,0
CFG-0000114,DEV-MAIN-SWI-044,0,1,1,1,1,0.0,0.0,1,0,LOW,0
CFG-0000115,DEV-ADMIN-FIR-093,0,1,1,1,1,0.0,0.0,0,0,LOW,0
CFG-0000116,DEV-CARDIO-FIR-088,1,1,0,1,1,0.7,0.0,1,2,LOW,0
CFG-0000117,DEV-CLINIC-EDG-048,0,1,1,1,1,0.0,0.0,0,0,LOW,0
CFG-0000118,DEV-PHARM-ACC-083,0,1,1,1,1,0.0,0.0,0,0,LOW,0
CFG-0000119,DEV-EMERGENCY-VPN-002,0,1,1,1,1,0.0,0.0,1,0,LOW,0
CFG-0000120,DEV-MAIN-SWI-042,0,1,1,1,1,0.0,0.0,0,0,LOW,0
CFG-0000121,DEV-PHARM-VPN-023,0,1,1,1,0,0.0,0.5,1,0,LOW,0
CFG-0000122,DEV-MAIN-SWI-017,0,1,1,1,1,0.0,0.0,1,0,LOW,0
CFG-0000123,DEV-MAIN-FIR-064,0,1,1,1,0,0.0,0.5,1,0,LOW,0
CFG-0000124,DEV-PEDS-FIR-069,0,1,1,1,1,0.0,0.0,0,0,LOW,0
CFG-0000125,DEV-DIAG-EDG-080,0,1,1,0,1,0.0,0.5,0,1,MEDIUM,1
CFG-0000126,DEV-DIAG-SWI-032,0,1,0,1,1,0.3,0.0,0,1,HIGH,2
CFG-0000127,DEV-ADMIN-VPN-021,0,1,1,0,1,0.0,0.5,0,1,MEDIUM,1
CFG-0000128,DEV-ONCOLOGY-ACC-053,0,1,1,1,1,0.0,0.0,0,0,LOW,0
CFG-0000129,DEV-CARDIO-COR-063,0,1,1,1,1,0.0,0.0,0,0,LOW,0
CFG-0000130,DEV-RESEARCH-FIR-086,0,1,1,0,1,0.0,0.5,0,1,MEDIUM,1
CFG-0000131,DEV-EMERGENCY-VPN-094,0,1,1,1,0,0.0,0.5,0,0,LOW,0
CFG-0000132,DEV-ADMIN-WIR-013,0,1,1,1,1,0.0,0.0,0,0,LOW,0
CFG-0000133,DEV-CARDIO-ACC-008,0,1,1,1,1,0.0,0.0,1,0,LOW,0
CFG-0000134,DEV-CARDIO-ACC-008,0,1,1,1,1,0.0,0.0,0,0,LOW,0
CFG-0000135,DEV-RESEARCH-EDG-057,0,1,1,1,1,0.0,0.0,0,0,LOW,0
CFG-0000136,DEV-EMERGENCY-SWI-096,0,1,1,1,0,0.0,0.5,0,0,LOW,0
CFG-0000137,DEV-ONCOLOGY-WIR-037,0,1,1,1,1,0.0,0.0,1,0,LOW,0
CFG-0000138,DEV-MAIN-FIR-091,0,1,1,1,1,0.0,0.0,0,0,LOW,0
CFG-0000139,DEV-MAIN-EDG-014,0,1,1,1,1,0.0,0.0,1,0,LOW,0
CFG-0000140,DEV-CARDIO-IOT-110,0,1,1,1,1,0.0,0.0,1,0,LOW,0
CFG-0000141,DEV-ADMIN-IOT-003,0,1,1,1,1,0.0,0.0,0,0,LOW,0
CFG-0000142,DEV-ADMIN-FIR-024,0,1,0,1,1,0.3,0.0,0,1,HIGH,2
CFG-0000143,DEV-CLINIC-ACC-033,0,1,1,1,0,0.0,0.5,0,0,LOW,0
CFG-0000144,DEV-DIAG-ACC-103,0,1,1,1,1,0.0,0.0,0,0,LOW,0
CFG-0000145,DEV-CLINIC-EDG-048,0,1,1,1,1,0.0,0.0,0,0,LOW,0
CFG-0000146,DEV-MAIN-IOT-018,0,1,1,1,1,0.0,0.0,0,0,LOW,0
CFG-0000147,DEV-RESEARCH-VPN-045,0,1,1,1,1,0.0,0.0,0,0,LOW,0
CFG-0000148,DEV-DIAG-ACC-103,1,1,1,1,1,0.4,0.0,0,1,HIGH,2
CFG-0000149,DEV-ADMIN-VPN-021,0,1,1,1,1,0.0,0.0,1,0,LOW,0
CFG-0000150,DEV-PHARM-EDG-038,0,1,1,1,1,0.0,0.0,1,0,LOW,0
CFG-0000151,DEV-ONCOLOGY-IOT-070,1,1,1,1,1,0.4,0.0,0,1,HIGH,2
CFG-0000152,DEV-CLINIC-VPN-029,0,1,1,1,1,0.0,0.0,0,0,LOW,0
CFG-0000153,DEV-ADMIN-SWI-049,0,1,1,1,1,0.0,0.0,1,0,LOW,0
CFG-0000154,DEV-CARDIO-ACC-068,0,1,1,1,1,0.0,0.0,0,0,LOW,0
CFG-0000155,DEV-RESEARCH-SWI-079,0,1,1,1,1,0.0,0.0,0,0,LOW,0
CFG-0000156,DEV-RESEARCH-FIR-031,0,1,1,1,1,0.0,0.0,1,0,LOW,0
CFG-0000157,DEV-ADMIN-COR-105,0,1,0,1,1,0.3,0.0,0,1,HIGH,2
CFG-0000158,DEV-ADMIN-SWI-049,0,1,1,1,1,0.0,0.0,0,0,LOW,0
CFG-0000159,DEV-DIAG-COR-009,0,1,1,1,1,0.0,0.0,1,0,LOW,0
CFG-0000160,DEV-RESEARCH-SWI-001,0,1,1,1,1,0.0,0.0,0,0,LOW,0
CFG-0000161,DEV-EMERGENCY-SWI-096,0,1,1,1,1,0.0,0.0,1,0,LOW,0
CFG-0000162,DEV-RESEARCH-IOT-072,0,1,1,1,1,0.0,0.0,0,0,LOW,0
CFG-0000163,DEV-CARDIO-VPN-011,0,1,1,1,1,0.0,0.0,1,0,LOW,0
CFG-0000164,DEV-ADMIN-FIR-024,0,1,1,1,1,0.0,0.0,0,0,LOW,0
CFG-0000165,DEV-CLINIC-IOT-041,0,1,1,1,1,0.0,0.0,1,0,LOW,0
CFG-0000166,DEV-ADMIN-EDG-050,0,1,1,1,1,0.0,0.0,1,0,LOW,0
CFG-0000167,DEV-CARDIO-IOT-006,0,1,1,1,1,0.0,0.0,1,0,LOW,0
CFG-0000168,DEV-EMERGENCY-FIR-030,0,1,1,1,1,0.0,0.0,0,0,LOW,0
CFG-0000169,DEV-PEDS-WIR-007,1,1,1,1,1,0.4,0.0,0,1,HIGH,2
CFG-0000170,DEV-CARDIO-ACC-068,0,1,1,1,1,0.0,0.0,0,0,LOW,0
CFG-0000171,DEV-PHARM-FIR-028,0,1,1,1,1,0.0,0.0,0,0,LOW,0
CFG-0000172,DEV-MAIN-IOT-005,0,1,1,1,1,0.0,0.0,1,0,LOW,0
CFG-0000173,DEV-DIAG-SWI-092,0,1,1,1,1,0.0,0.0,0,0,LOW,0
CFG-0000174,DEV-ADMIN-FIR-024,0,1,1,1,1,0.0,0.0,0,0,LOW,0
CFG-0000175,DEV-MAIN-FIR-091,0,1,1,1,1,0.0,0.0,0,0,LOW,0
CFG-0000176,DEV-CARDIO-ACC-008,1,1,1,1,1,0.4,0.0,1,1,LOW,0
CFG-0000177,DEV-EMERGENCY-FIR-058,0,1,1,1,1,0.0,0.0,1,0,LOW,0
CFG-0000178,DEV-PHARM-COR-106,0,1,1,1,1,0.0,0.0,0,0,LOW,0
CFG-0000179,DEV-PHARM-VPN-047,1,1,1,1,1,0.4,0.0,0,1,HIGH,2
CFG-0000180,DEV-MAIN-EDG-012,0,1,1,1,1,0.0,0.0,0,0,LOW,0
CFG-0000181,DEV-MAIN-WIR-043,0,1,1,1,1,0.0,0.0,0,0,LOW,0
CFG-0000182,DEV-PHARM-FIR-101,0,1,1,1,1,0.0,0.0,0,0,LOW,0
CFG-0000183,DEV-ONCOLOGY-FIR-061,1,1,1,1,1,0.4,0.0,0,1,HIGH,2
CFG-0000184,DEV-RESEARCH-SWI-001,0,1,1,1,1,0.0,0.0,1,0,LOW,0
CFG-0000185,DEV-EMERGENCY-FIR-030,0,1,1,1,1,0.0,0.0,0,0,LOW,0
CFG-0000186,DEV-PEDS-WIR-040,0,1,1,1,1,0.0,0.0,1,0,LOW,0
CFG-0000187,DEV-PEDS-WIR-040,1,1,1,1,1,0.4,0.0,0,1,HIGH,2
CFG-0000188,DEV-ONCOLOGY-ACC-016,0,1,1,1,1,0.0,0.0,0,0,LOW,0
CFG-0000189,DEV-ONCOLOGY-IOT-059,0,1,1,1,1,0.0,0.0,1,0,LOW,0
CFG-0000190,DEV-PHARM-VPN-023,0,1,1,0,1,0.0,0.5,1,1,LOW,0
CFG-0000191,DEV-RESEARCH-SWI-001,0,1,1,1,1,0.0,0.0,0,0,LOW,0
CFG-0000192,DEV-CLINIC-FIR-087,0,1,1,1,1,0.0,0.0,0,0,LOW,0
CFG-0000193,DEV-EMERGENCY-IOT-015,0,1,1,1,1,0.0,0.0,0,0,LOW,0
CFG-0000194,DEV-RESEARCH-IOT-072,0,1,1,1,1,0.0,0.0,0,0,LOW,0
CFG-0000195,DEV-MAIN-EDG-071,0,1,1,1,1,0.0,0.0,1,0,LOW,0
CFG-0000196,DEV-CLINIC-VPN-098,0,1,0,1,1,0.3,0.0,1,1,LOW,0
CFG-0000197,DEV-CLINIC-IOT-041,0,1,1,1,1,0.0,0.0,0,0,LOW,0
CFG-0000198,DEV-DIAG-SWI-060,0,1,1,1,1,0.0,0.0,0,0,LOW,0
CFG-0000199,DEV-EMERGENCY-VPN-094,0,1,1,1,1,0.0,0.0,0,0,LOW,0
CFG-0000200,DEV-MAIN-EDG-012,0,1,1,1,1,0.0,0.0,1,0,LOW,0
CFG-0000201,DEV-MAIN-EDG-012,0,1,1,1,1,0.0,0.0,1,0,LOW,0
CFG-0000202,DEV-PHARM-VPN-023,0,1,1,1,1,0.0,0.0,0,0,LOW,0
CFG-0000203,DEV-CARDIO-ACC-008,0,1,0,1,1,0.3,0.0,0,1,HIGH,2
CFG-0000204,DEV-PEDS-WIR-040,0,1,1,1,1,0.0,0.0,0,0,LOW,0
CFG-0000205,DEV-CARDIO-SWI-074,0,1,1,1,1,0.0,0.0,0,0,LOW,0
CFG-0000206,DEV-CLINIC-ACC-027,0,1,1,1,1,0.0,0.0,0,0,LOW,0
CFG-0000207,DEV-PEDS-COR-054,0,1,1,1,1,0.0,0.0,0,0,LOW,0
CFG-0000208,DEV-MAIN-SWI-044,0,1,1,1,1,0.0,0.0,0,0,LOW,0
CFG-0000209,DEV-EMERGENCY-VPN-002,0,1,1,1,1,0.0,0.0,1,0,LOW,0
CFG-0000210,DEV-RESEARCH-EDG-055,0,1,1,1,1,0.0,0.0,0,0,LOW,0
CFG-0000211,DEV-CLINIC-EDG-048,0,1,1,1,1,0.0,0.0,0,0,LOW,0
CFG-0000212,DEV-RESEARCH-IOT-072,0,1,1,1,1,0.0,0.0,1,0,LOW,0
CFG-0000213,DEV-ADMIN-WIR-013,0,1,1,1,1,0.0,0.0,1,0,LOW,0
CFG-0000214,DEV-EMERGENCY-SWI-081,0,1,1,1,1,0.0,0.0,1,0,LOW,0
CFG-0000215,DEV-RESEARCH-FIR-056,0,1,1,0,1,0.0,0.5,0,1,MEDIUM,1
CFG-0000216,DEV-CARDIO-IOT-110,0,1,1,1,1,0.0,0.0,0,0,LOW,0
CFG-0000217,DEV-DIAG-ACC-036,0,1,1,1,1,0.0,0.0,0,0,LOW,0
CFG-0000218,DEV-ONCOLOGY-ACC-053,0,1,1,1,1,0.0,0.0,0,0,LOW,0
CFG-0000219,DEV-CARDIO-SWI-062,0,1,1,1,1,0.0,0.0,1,0,LOW,0
CFG-0000220,DEV-ONCOLOGY-FIR-061,0,1,1,1,1,0.0,0.0,0,0,LOW,0
CFG-0000221,DEV-EMERGENCY-IOT-015,0,1,1,1,1,0.0,0.0,0,0,LOW,0
CFG-0000222,DEV-CLINIC-EDG-048,1,1,1,1,1,0.4,0.0,1,1,LOW,0
CFG-0000224,DEV-CLINIC-ACC-034,1,1,1,1,1,0.4,0.0,0,1,HIGH,2
CFG-0000225,DEV-PHARM-VPN-047,0,1,0,1,1,0.3,0.0,0,1,HIGH,2
CFG-0000226,DEV-PHARM-COR-106,0,1,1,1,1,0.0,0.0,0,0,LOW,0
CFG-0000227,DEV-DIAG-COR-009,0,1,1,1,1,0.0,0.0,1,0,LOW,0
CFG-0000228,DEV-MAIN-ACC-090,0,1,1,0,1,0.0,0.5,0,1,MEDIUM,1
CFG-0000229,DEV-RESEARCH-IOT-072,0,1,1,0,1,0.0,0.5,0,1,MEDIUM,1
CFG-0000230,DEV-RESEARCH-FIR-056,0,1,1,1,1,0.0,0.0,0,0,LOW,0
CFG-0000231,DEV-PEDS-IOT-035,0,1,1,1,1,0.0,0.0,0,0,LOW,0
CFG-0000232,DEV-PHARM-VPN-004,0,1,1,0,1,0.0,0.5,0,1,MEDIUM,1
CFG-0000233,DEV-PHARM-FIR-010,0,1,1,1,1,0.0,0.0,0,0,LOW,0
CFG-0000234,DEV-PHARM-IOT-107,0,1,1,1,1,0.0,0.0,0,0,LOW,0
CFG-0000235,DEV-CLINIC-VPN-098,0,1,1,1,1,0.0,0.0,0,0,LOW,0
CFG-0000236,DEV-PHARM-FIR-010,0,1,1,0,1,0.0,0.5,1,1,LOW,0
CFG-0000237,DEV-EMERGENCY-SWI-052,0,1,1,1,1,0.0,0.0,0,0,LOW,0
CFG-0000238,DEV-PHARM-FIR-101,0,1,1,1,1,0.0,0.0,0,0,LOW,0
CFG-0000239,DEV-EMERGENCY-SWI-052,0,1,1,1,1,0.0,0.0,0,0,LOW,0
CFG-0000240,DEV-ADMIN-COR-105,0,1,1,1,1,0.0,0.0,0,0,LOW,0
CFG-0000241,DEV-MAIN-EDG-014,0,1,1,0,1,0.0,0.5,0,1,MEDIUM,1
CFG-0000242,DEV-CARDIO-FIR-088,0,1,1,1,0,0.0,0.5,1,0,LOW,0
CFG-0000244,DEV-ONCOLOGY-FIR-061,0,1,1,1,1,0.0,0.0,1,0,LOW,0
CFG-0000245,DEV-PHARM-VPN-102,0,1,1,0,1,0.0,0.5,0,1,MEDIUM,1
CFG-0000246,DEV-MAIN-SWI-017,1,1,1,1,1,0.4,0.0,0,1,HIGH,2
CFG-0000247,DEV-MAIN-SWI-044,0,1,1,1,1,0.0,0.0,0,0,LOW,0
CFG-0000248,DEV-MAIN-SWI-042,1,1,1,1,1,0.4,0.0,0,1,HIGH,2
CFG-0000249,DEV-ADMIN-WIR-013,0,1,1,0,1,0.0,0.5,1,1,LOW,0
CFG-0000250,DEV-RESEARCH-EDG-055,0,1,1,1,1,0.0,0.0,0,0,LOW,0
CFG-0000251,DEV-CLINIC-IOT-041,0,1,1,1,1,0.0,0.0,0,0,LOW,0
CFG-0000252,DEV-MAIN-FIR-064,0,1,1,1,1,0.0,0.0,0,0,LOW,0
CFG-0000253,DEV-DIAG-COR-009,0,1,1,1,1,0.0,0.0,0,0,LOW,0
CFG-0000254,DEV-RESEARCH-SWI-100,0,1,1,1,1,0.0,0.0,0,0,LOW,0
CFG-0000255,DEV-ONCOLOGY-SWI-039,0,1,1,1,1,0.0,0.0,0,0,LOW,0
CFG-0000256,DEV-PHARM-VPN-047,0,1,1,1,1,0.0,0.0,0,0,LOW,0
CFG-0000257,DEV-ONCOLOGY-FIR-061,0,1,1,1,1,0.0,0.0,1,0,LOW,0
CFG-0000258,DEV-CLINIC-VPN-029,0,1,1,1,1,0.0,0.0,0,0,LOW,0
CFG-0000259,DEV-ONCOLOGY-FIR-061,0,1,1,1,1,0.0,0.0,1,0,LOW,0
CFG-0000260,DEV-EMERGENCY-COR-022,0,1,1,1,1,0.0,0.0,1,0,LOW,0
CFG-0000261,DEV-DIAG-SWI-092,0,1,1,0,1,0.0,0.5,0,1,MEDIUM,1
CFG-0000262,DEV-CLINIC-SWI-082,0,1,1,1,1,0.0,0.0,1,0,LOW,0
CFG-0000263,DEV-ADMIN-EDG-050,0,1,0,1,1,0.3,0.0,0,1,HIGH,2
CFG-0000264,DEV-ADMIN-IOT-003,0,1,1,1,1,0.0,0.0,0,0,LOW,0
CFG-0000265,DEV-RESEARCH-FIR-056,1,1,1,1,1,0.4,0.0,0,1,HIGH,2
CFG-0000266,DEV-CLINIC-VPN-029,0,1,1,1,1,0.0,0.0,0,0,LOW,0
CFG-0000267,DEV-ADMIN-FIR-024,0,1,1,1,1,0.0,0.0,0,0,LOW,0
CFG-0000268,DEV-CLINIC-ACC-034,0,1,1,1,1,0.0,0.0,0,0,LOW,0
CFG-0000269,DEV-CARDIO-ACC-068,0,1,1,1,1,0.0,0.0,0,0,LOW,0
CFG-0000270,DEV-MAIN-SWI-044,0,1,1,1,1,0.0,0.0,1,0,LOW,0
CFG-0000271,DEV-PEDS-FIR-069,1,1,1,1,1,0.4,0.0,1,1,LOW,0
CFG-0000272,DEV-ONCOLOGY-WIR-037,0,1,1,1,1,0.0,0.0,0,0,LOW,0
CFG-0000273,DEV-CLINIC-SWI-082,0,1,1,1,1,0.0,0.0,0,0,LOW,0
CFG-0000274,DEV-CLINIC-FIR-087,1,1,1,1,1,0.4,0.0,0,1,HIGH,2
CFG-0000275,DEV-CARDIO-SWI-074,0,1,1,1,1,0.0,0.0,0,0,LOW,0
CFG-0000276,DEV-PEDS-WIR-040,0,1,1,1,1,0.0,0.0,1,0,LOW,0
CFG-0000277,DEV-ONCOLOGY-WIR-037,0,1,1,1,1,0.0,0.0,1,0,LOW,0
CFG-0000278,DEV-EMERGENCY-SWI-099,0,1,1,1,1,0.0,0.0,0,0,LOW,0
CFG-0000279,DEV-ADMIN-FIR-024,0,1,0,1,1,0.3,0.0,0,1,HIGH,2
CFG-0000280,DEV-EMERGENCY-VPN-002,0,1,1,1,1,0.0,0.0,1,0,LOW,0
CFG-0000281,DEV-RESEARCH-SWI-001,0,1,1,1,1,0.0,0.0,0,0,LOW,0
CFG-0000282,DEV-CLINIC-FIR-087,0,1,1,1,1,0.0,0.0,0,0,LOW,0
CFG-0000283,DEV-RESEARCH-EDG-057,0,1,1,1,1,0.0,0.0,1,0,LOW,0
CFG-0000284,DEV-PHARM-FIR-028,1,1,1,1,1,0.4,0.0,0,1,HIGH,2
CFG-0000285,DEV-MAIN-FIR-091,0,1,1,0,1,0.0,0.5,0,1,MEDIUM,1
CFG-0000286,DEV-RESEARCH-EDG-055,0,1,1,1,1,0.0,0.0,1,0,LOW,0
CFG-0000287,DEV-ONCOLOGY-SWI-039,0,1,1,1,0,0.0,0.5,0,0,LOW,0
CFG-0000288,DEV-RESEARCH-VPN-045,0,1,1,1,1,0.0,0.0,1,0,LOW,0
CFG-0000289,DEV-MAIN-IOT-005,1,1,1,1,1,0.4,0.0,0,1,HIGH,2
CFG-0000290,DEV-PEDS-ACC-104,0,1,1,1,1,0.0,0.0,1,0,LOW,0
CFG-0000291,DEV-RESEARCH-EDG-057,0,1,1,1,1,0.0,0.0,0,0,LOW,0
CFG-0000292,DEV-RESEARCH-SWI-020,1,1,1,1,1,0.4,0.0,0,1,HIGH,2
CFG-0000293,DEV-ADMIN-FIR-093,0,1,1,1,0,0.0,0.5,0,0,LOW,0
CFG-0000294,DEV-EMERGENCY-SWI-052,1,1,1,1,1,0.4,0.0,0,1,HIGH,2
CFG-0000295,DEV-ADMIN-FIR-093,0,1,1,1,1,0.0,0.0,0,0,LOW,0
CFG-0000296,DEV-PHARM-VPN-023,0,1,1,1,1,0.0,0.0,1,0,LOW,0
CFG-0000297,DEV-PHARM-FIR-101,0,1,1,1,1,0.0,0.0,0,0,LOW,0
CFG-0000298,DEV-CLINIC-IOT-041,0,1,1,1,1,0.0,0.0,1,0,LOW,0
CFG-0000299,DEV-CLINIC-SWI-082,0,1,1,1,1,0.0,0.0,0,0,LOW,0
CFG-0000300,DEV-ADMIN-IOT-003,0,1,0,1,1,0.3,0.0,1,1,LOW,0
CFG-0000301,DEV-MAIN-FIR-091,1,1,1,1,0,0.4,0.5,0,1,HIGH,2
CFG-0000302,DEV-CARDIO-VPN-011,0,1,1,1,1,0.0,0.0,0,0,LOW,0
CFG-0000303,DEV-CLINIC-ACC-033,0,1,1,1,1,0.0,0.0,1,0,LOW,0
CFG-0000304,DEV-RESEARCH-FIR-086,0,1,1,1,1,0.0,0.0,0,0,LOW,0
CFG-0000305,DEV-CLINIC-WIR-097,0,1,1,1,1,0.0,0.0,1,0,LOW,0
CFG-0000306,DEV-ADMIN-WIR-013,0,1,1,1,0,0.0,0.5,0,0,LOW,0
CFG-0000307,DEV-MAIN-SWI-017,0,1,1,1,1,0.0,0.0,0,0,LOW,0
CFG-0000308,DEV-RESEARCH-SWI-100,1,1,1,1,1,0.4,0.0,1,1,LOW,0
CFG-0000309,DEV-ONCOLOGY-VPN-075,0,1,1,1,1,0.0,0.0,0,0,LOW,0
CFG-0000310,DEV-CARDIO-ACC-008,0,1,1,1,1,0.0,0.0,0,0,LOW,0
CFG-0000311,DEV-EMERGENCY-VPN-002,0,1,1,1,1,0.0,0.0,1,0,LOW,0
CFG-0000312,DEV-RESEARCH-EDG-057,0,1,1,1,1,0.0,0.0,0,0,LOW,0
CFG-0000313,DEV-MAIN-WIR-043,1,1,1,1,1,0.4,0.0,0,1,HIGH,2
CFG-0000314,DEV-MAIN-IOT-005,1,1,1,1,1,0.4,0.0,0,1,HIGH,2
CFG-0000315,DEV-MAIN-FIR-064,0,1,1,1,1,0.0,0.0,1,0,LOW,0
CFG-0000316,DEV-PHARM-VPN-004,0,1,1,1,1,0.0,0.0,1,0,LOW,0
CFG-0000317,DEV-EMERGENCY-IOT-073,0,1,1,1,1,0.0,0.0,0,0,LOW,0
CFG-0000318,DEV-DIAG-WIR-084,0,1,1,1,1,0.0,0.0,0,0,LOW,0
CFG-0000319,DEV-MAIN-IOT-018,0,1,1,1,1,0.0,0.0,0,0,LOW,0
CFG-0000320,DEV-MAIN-SWI-017,0,1,1,1,0,0.0,0.5,0,0,LOW,0
CFG-0000321,DEV-ADMIN-VPN-021,1,1,1,1,1,0.4,0.0,1,1,LOW,0
CFG-0000322,DEV-ONCOLOGY-ACC-016,0,1,1,1,1,0.0,0.0,0,0,LOW,0
CFG-0000323,DEV-ONCOLOGY-IOT-059,0,1,1,1,1,0.0,0.0,0,0,LOW,0
CFG-0000324,DEV-DIAG-ACC-103,0,1,1,1,1,0.0,0.0,0,0,LOW,0
CFG-0000325,DEV-CLINIC-EDG-048,0,1,1,1,1,0.0,0.0,1,0,LOW,0
CFG-0000326,DEV-ADMIN-IOT-003,0,1,1,1,1,0.0,0.0,0,0,LOW,0
CFG-0000327,DEV-ADMIN-SWI-049,0,1,1,1,1,0.0,0.0,0,0,LOW,0
CFG-0000328,DEV-PHARM-ACC-083,0,1,1,1,1,0.0,0.0,1,0,LOW,0
CFG-0000329,DEV-CLINIC-SWI-082,0,1,1,1,1,0.0,0.0,0,0,LOW,0
CFG-0000330,DEV-CARDIO-COR-063,0,1,1,0,1,0.0,0.5,0,1,MEDIUM,1
CFG-0000331,DEV-CARDIO-FIR-089,0,1,1,1,1,0.0,0.0,0,0,LOW,0
CFG-0000332,DEV-ONCOLOGY-IOT-070,0,1,1,1,1,0.0,0.0,0,0,LOW,0
CFG-0000333,DEV-EMERGENCY-IOT-073,0,1,1,1,1,0.0,0.0,0,0,LOW,0
CFG-0000335,DEV-ONCOLOGY-IOT-059,0,1,1,1,1,0.0,0.0,0,0,LOW,0
CFG-0000336,DEV-EMERGENCY-SWI-052,0,1,1,1,1,0.0,0.0,0,0,LOW,0
CFG-0000337,DEV-MAIN-FIR-091,0,1,1,1,1,0.0,0.0,1,0,LOW,0
CFG-0000338,DEV-CLINIC-ACC-034,0,1,1,1,1,0.0,0.0,1,0,LOW,0
CFG-0000339,DEV-CARDIO-IOT-006,1,1,1,1,1,0.4,0.0,1,1,LOW,0
CFG-0000340,DEV-EMERGENCY-VPN-002,0,1,1,0,1,0.0,0.5,1,1,LOW,0
CFG-0000341,DEV-ADMIN-FIR-024,0,1,1,1,1,0.0,0.0,0,0,LOW,0
CFG-0000342,DEV-MAIN-FIR-091,0,1,1,1,1,0.0,0.0,0,0,LOW,0
CFG-0000343,DEV-ONCOLOGY-IOT-070,0,1,1,1,1,0.0,0.0,0,0,LOW,0
CFG-0000344,DEV-ONCOLOGY-VPN-075,0,1,1,1,1,0.0,0.0,1,0,LOW,0
CFG-0000345,DEV-ADMIN-FIR-024,0,1,1,1,1,0.0,0.0,0,0,LOW,0
CFG-0000346,DEV-ONCOLOGY-SWI-039,1,1,1,1,1,0.4,0.0,1,1,LOW,0
CFG-0000347,DEV-CARDIO-IOT-110,0,1,1,1,1,0.0,0.0,0,0,LOW,0
CFG-0000348,DEV-MAIN-ACC-090,0,1,0,1,1,0.3,0.0,0,1,HIGH,2
CFG-0000349,DEV-PEDS-COR-019,1,1,1,1,1,0.4,0.0,1,1,LOW,0
CFG-0000350,DEV-ADMIN-IOT-003,0,1,1,0,1,0.0,0.5,0,1,MEDIUM,1
CFG-0000351,DEV-ADMIN-FIR-024,0,1,1,1,1,0.0,0.0,0,0,LOW,0
CFG-0000352,DEV-RESEARCH-EDG-057,0,1,1,1,1,0.0,0.0,0,0,LOW,0
CFG-0000353,DEV-EMERGENCY-IOT-015,0,1,1,1,1,0.0,0.0,1,0,LOW,0
CFG-0000354,DEV-ONCOLOGY-FIR-061,0,1,1,1,1,0.0,0.0,0,0,LOW,0
CFG-0000355,DEV-ONCOLOGY-ACC-016,0,1,1,0,1,0.0,0.5,0,1,MEDIUM,1
CFG-0000356,DEV-RESEARCH-FIR-086,0,1,1,1,1,0.0,0.0,0,0,LOW,0
CFG-0000357,DEV-DIAG-ACC-103,0,1,1,1,1,0.0,0.0,1,0,LOW,0
CFG-0000358,DEV-PEDS-WIR-095,0,1,1,1,1,0.0,0.0,0,0,LOW,0
CFG-0000359,DEV-EMERGENCY-VPN-002,0,1,1,1,1,0.0,0.0,0,0,LOW,0
CFG-0000360,DEV-EMERGENCY-IOT-073,0,1,1,1,1,0.0,0.0,0,0,LOW,0
CFG-0000361,DEV-PHARM-VPN-102,0,1,1,1,0,0.0,0.5,0,0,LOW,0
CFG-0000362,DEV-MAIN-IOT-018,0,1,1,1,1,0.0,0.0,0,0,LOW,0
CFG-0000363,DEV-RESEARCH-IOT-072,0,1,1,1,1,0.0,0.0,1,0,LOW,0
CFG-0000364,DEV-EMERGENCY-IOT-015,0,1,1,1,1,0.0,0.0,1,0,LOW,0
CFG-0000365,DEV-MAIN-FIR-064,0,1,1,1,1,0.0,0.0,1,0,LOW,0
CFG-0000366,DEV-PEDS-WIR-095,0,1,1,0,1,0.0,0.5,0,1,MEDIUM,1
CFG-0000367,DEV-CLINIC-EDG-048,0,1,1,1,1,0.0,0.0,0,0,LOW,0
CFG-0000368,DEV-CLINIC-ACC-034,1,1,1,1,1,0.4,0.0,0,1,HIGH,2
CFG-0000369,DEV-RESEARCH-SWI-001,0,1,1,1,1,0.0,0.0,0,0,LOW,0
CFG-0000370,DEV-CLINIC-ACC-034,0,1,1,1,1,0.0,0.0,1,0,LOW,0
CFG-0000371,DEV-PHARM-FIR-010,1,1,1,1,1,0.4,0.0,0,1,HIGH,2
CFG-0000372,DEV-CLINIC-VPN-051,0,1,1,1,1,0.0,0.0,0,0,LOW,0
CFG-0000373,DEV-ADMIN-IOT-003,0,1,1,1,1,0.0,0.0,0,0,LOW,0
CFG-0000374,DEV-CARDIO-SWI-074,0,1,1,1,0,0.0,0.5,0,0,LOW,0
CFG-0000375,DEV-PHARM-COR-106,1,1,1,1,1,0.4,0.0,1,1,LOW,0
CFG-0000376,DEV-MAIN-FIR-091,0,1,1,1,1,0.0,0.0,1,0,LOW,0
CFG-0000377,DEV-PHARM-IOT-107,0,1,1,1,1,0.0,0.0,0,0,LOW,0
CFG-0000378,DEV-EMERGENCY-SWI-066,0,1,1,0,1,0.0,0.5,0,1,MEDIUM,1
CFG-0000379,DEV-CARDIO-SWI-062,0,1,1,0,1,0.0,0.5,0,1,MEDIUM,1
CFG-0000380,DEV-PEDS-WIR-095,0,1,1,1,1,0.0,0.0,0,0,LOW,0
CFG-0000381,DEV-PEDS-WIR-095,0,1,1,1,1,0.0,0.0,0,0,LOW,0
CFG-0000382,DEV-PHARM-ACC-083,1,1,1,1,1,0.4,0.0,0,1,HIGH,2
CFG-0000383,DEV-CLINIC-IOT-041,0,1,0,1,1,0.3,0.0,0,1,HIGH,2
CFG-0000384,DEV-PHARM-VPN-023,1,1,1,1,1,0.4,0.0,1,1,LOW,0
CFG-0000385,DEV-CARDIO-SWI-074,0,1,1,1,1,0.0,0.0,0,0,LOW,0
CFG-0000386,DEV-CARDIO-COR-063,1,1,1,1,1,0.4,0.0,0,1,HIGH,2
CFG-0000387,DEV-PEDS-IOT-046,0,1,1,1,1,0.0,0.0,1,0,LOW,0
CFG-0000388,DEV-CLINIC-ACC-034,0,1,1,1,1,0.0,0.0,0,0,LOW,0
CFG-0000389,DEV-CLINIC-ACC-027,0,1,1,1,1,0.0,0.0,0,0,LOW,0
CFG-0000390,DEV-CLINIC-VPN-098,0,1,1,1,0,0.0,0.5,0,0,LOW,0
CFG-0000391,DEV-PHARM-VPN-102,0,1,1,1,1,0.0,0.0,1,0,LOW,0
CFG-0000392,DEV-ONCOLOGY-WIR-037,0,1,1,1,1,0.0,0.0,0,0,LOW,0
CFG-0000393,DEV-CARDIO-SWI-062,0,1,1,1,1,0.0,0.0,0,0,LOW,0
CFG-0000394,DEV-RESEARCH-FIR-056,0,1,0,1,1,0.3,0.0,1,1,LOW,0
CFG-0000395,DEV-CLINIC-SWI-082,0,1,1,1,1,0.0,0.0,1,0,LOW,0
CFG-0000396,DEV-MAIN-EDG-012,0,1,1,1,1,0.0,0.0,1,0,LOW,0
CFG-0000397,DEV-EMERGENCY-SWI-066,0,1,1,1,1,0.0,0.0,1,0,LOW,0
CFG-0000398,DEV-EMERGENCY-IOT-073,0,1,1,1,1,0.0,0.0,0,0,LOW,0
CFG-0000399,DEV-MAIN-IOT-018,0,1,1,0,1,0.0,0.5,0,1,MEDIUM,1
CFG-0000400,DEV-PEDS-FIR-069,0,1,1,1,1,0.0,0.0,0,0,LOW,0
CFG-0000401,DEV-PEDS-FIR-069,1,1,1,1,1,0.4,0.0,0,1,HIGH,2
CFG-0000402,DEV-EMERGENCY-SWI-081,0,1,1,1,1,0.0,0.0,1,0,LOW,0
CFG-0000403,DEV-PHARM-FIR-010,0,1,1,1,1,0.0,0.0,1,0,LOW,0
CFG-0000404,DEV-MAIN-EDG-071,0,1,1,1,1,0.0,0.0,0,0,LOW,0
CFG-0000405,DEV-ADMIN-WIR-013,1,1,1,1,1,0.4,0.0,0,1,HIGH,2
CFG-0000406,DEV-PEDS-COR-054,0,1,1,1,1,0.0,0.0,0,0,LOW,0
CFG-0000407,DEV-PEDS-WIR-007,0,1,1,1,1,0.0,0.0,0,0,LOW,0
CFG-0000408,DEV-PHARM-COR-106,0,1,1,1,1,0.0,0.0,1,0,LOW,0
CFG-0000409,DEV-PEDS-WIR-040,0,1,1,1,1,0.0,0.0,1,0,LOW,0
CFG-0000410,DEV-ADMIN-VPN-021,0,1,1,1,1,0.0,0.0,0,0,LOW,0
CFG-0000411,DEV-RESEARCH-SWI-001,0,1,1,1,1,0.0,0.0,0,0,LOW,0
CFG-0000412,DEV-CLINIC-ACC-027,0,1,1,1,1,0.0,0.0,0,0,LOW,0
CFG-0000413,DEV-CARDIO-ACC-068,0,1,1,1,0,0.0,0.5,0,0,LOW,0
CFG-0000414,DEV-PHARM-VPN-004,0,1,1,1,1,0.0,0.0,0,0,LOW,0
CFG-0000415,DEV-EMERGENCY-SWI-052,0,1,1,1,1,0.0,0.0,0,0,LOW,0
CFG-0000416,DEV-EMERGENCY-VPN-094,0,1,1,1,1,0.0,0.0,0,0,LOW,0
CFG-0000417,DEV-RESEARCH-VPN-045,1,1,1,1,1,0.4,0.0,0,1,HIGH,2
CFG-0000418,DEV-RESEARCH-SWI-100,0,1,1,1,1,0.0,0.0,0,0,LOW,0
CFG-0000419,DEV-PHARM-COR-106,0,1,1,1,1,0.0,0.0,1,0,LOW,0
CFG-0000420,DEV-ONCOLOGY-ACC-053,1,1,1,1,1,0.4,0.0,0,1,HIGH,2
CFG-0000421,DEV-CARDIO-COR-063,0,1,1,1,1,0.0,0.0,0,0,LOW,0
CFG-0000422,DEV-DIAG-ACC-036,0,1,1,1,1,0.0,0.0,0,0,LOW,0
CFG-0000423,DEV-MAIN-ACC-090,0,1,1,0,1,0.0,0.5,1,1,LOW,0
CFG-0000424,DEV-PHARM-FIR-028,1,1,1,1,1,0.4,0.0,0,1,HIGH,2
CFG-0000425,DEV-DIAG-SWI-092,1,1,1,1,1,0.4,0.0,0,1,HIGH,2
CFG-0000426,DEV-ADMIN-SWI-049,1,1,1,1,1,0.4,0.0,0,1,HIGH,2
CFG-0000427,DEV-PHARM-FIR-101,0,1,1,1,1,0.0,0.0,0,0,LOW,0
CFG-0000428,DEV-CARDIO-IOT-006,0,1,1,1,1,0.0,0.0,0,0,LOW,0
CFG-0000429,DEV-PEDS-IOT-035,0,1,1,1,1,0.0,0.0,0,0,LOW,0
CFG-0000430,DEV-PEDS-IOT-046,0,1,1,1,1,0.0,0.0,0,0,LOW,0
CFG-0000431,DEV-MAIN-EDG-014,1,1,1,1,1,0.4,0.0,0,1,HIGH,2
CFG-0000432,DEV-RESEARCH-VPN-045,0,1,1,1,1,0.0,0.0,1,0,LOW,0
CFG-0000433,DEV-EMERGENCY-SWI-052,0,1,1,1,1,0.0,0.0,0,0,LOW,0
CFG-0000434,DEV-MAIN-IOT-005,0,1,1,1,1,0.0,0.0,0,0,LOW,0
CFG-0000435,DEV-PHARM-EDG-038,0,1,1,1,1,0.0,0.0,0,0,LOW,0
CFG-0000436,DEV-DIAG-SWI-032,0,1,1,1,1,0.0,0.0,0,0,LOW,0
CFG-0000437,DEV-PHARM-COR-106,0,1,1,1,1,0.0,0.0,0,0,LOW,0
CFG-0000438,DEV-PEDS-WIR-095,0,1,1,1,1,0.0,0.0,1,0,LOW,0
CFG-0000439,DEV-CARDIO-SWI-074,0,1,1,1,1,0.0,0.0,0,0,LOW,0
CFG-0000440,DEV-DIAG-FIR-108,0,1,1,1,0,0.0,0.5,1,0,LOW,0
CFG-0000441,DEV-MAIN-FIR-064,0,1,1,0,1,0.0,0.5,0,1,MEDIUM,1
CFG-0000442,DEV-CLINIC-FIR-087,0,1,1,1,1,0.0,0.0,0,0,LOW,0
CFG-0000443,DEV-PHARM-FIR-028,1,1,1,1,1,0.4,0.0,0,1,HIGH,2
CFG-0000444,DEV-ONCOLOGY-ACC-053,0,1,1,1,1,0.0,0.0,0,0,LOW,0
CFG-0000445,DEV-ONCOLOGY-VPN-075,0,1,0,1,1,0.3,0.0,0,1,HIGH,2
CFG-0000446,DEV-CLINIC-ACC-109,1,1,1,1,1,0.4,0.0,1,1,LOW,0
CFG-0000447,DEV-MAIN-SWI-042,1,1,1,1,1,0.4,0.0,0,1,HIGH,2
CFG-0000448,DEV-MAIN-IOT-018,0,1,1,1,1,0.0,0.0,1,0,LOW,0
CFG-0000449,DEV-CLINIC-ACC-033,0,1,1,1,1,0.0,0.0,0,0,LOW,0
CFG-0000450,DEV-EMERGENCY-SWI-099,0,1,1,1,1,0.0,0.0,0,0,LOW,0
CFG-0000451,DEV-RESEARCH-FIR-086,0,1,1,1,0,0.0,0.5,0,0,LOW,0
CFG-0000452,DEV-DIAG-SWI-032,0,1,1,1,1,0.0,0.0,0,0,LOW,0
CFG-0000453,DEV-PHARM-ACC-083,0,1,1,1,1,0.0,0.0,0,0,LOW,0
CFG-0000454,DEV-PEDS-WIR-095,0,1,1,1,0,0.0,0.5,0,0,LOW,0
CFG-0000455,DEV-ONCOLOGY-FIR-061,0,1,1,0,1,0.0,0.5,0,1,MEDIUM,1
CFG-0000456,DEV-EMERGENCY-FIR-030,0,1,1,1,0,0.0,0.5,0,0,LOW,0
CFG-0000457,DEV-MAIN-IOT-005,0,1,1,1,1,0.0,0.0,0,0,LOW,0
CFG-0000458,DEV-ONCOLOGY-IOT-059,1,1,1,1,1,0.4,0.0,1,1,LOW,0
CFG-0000459,DEV-MAIN-IOT-005,0,1,1,1,1,0.0,0.0,1,0,LOW,0
CFG-0000460,DEV-ADMIN-IOT-003,0,1,1,1,1,0.0,0.0,0,0,LOW,0
CFG-0000461,DEV-ONCOLOGY-SWI-039,0,1,1,0,1,0.0,0.5,0,1,MEDIUM,1
CFG-0000462,DEV-CARDIO-FIR-089,1,1,1,1,1,0.4,0.0,0,1,HIGH,2
CFG-0000463,DEV-CLINIC-SWI-082,0,1,1,1,1,0.0,0.0,1,0,LOW,0
CFG-0000464,DEV-RESEARCH-SWI-100,0,1,0,1,1,0.3,0.0,0,1,HIGH,2
CFG-0000465,DEV-EMERGENCY-VPN-002,0,1,1,1,1,0.0,0.0,1,0,LOW,0
CFG-0000466,DEV-ADMIN-COR-105,0,1,1,1,1,0.0,0.0,0,0,LOW,0
CFG-0000467,DEV-MAIN-FIR-064,0,1,1,1,1,0.0,0.0,0,0,LOW,0
CFG-0000468,DEV-EMERGENCY-VPN-094,0,1,1,1,1,0.0,0.0,0,0,LOW,0
CFG-0000469,DEV-ADMIN-FIR-093,0,1,1,1,1,0.0,0.0,1,0,LOW,0
CFG-0000470,DEV-ONCOLOGY-ACC-016,0,1,1,1,1,0.0,0.0,0,0,LOW,0
CFG-0000471,DEV-ADMIN-FIR-093,0,1,1,1,1,0.0,0.0,1,0,LOW,0
CFG-0000472,DEV-ONCOLOGY-IOT-059,0,1,1,1,1,0.0,0.0,0,0,LOW,0
CFG-0000473,DEV-PEDS-IOT-035,0,1,1,1,1,0.0,0.0,0,0,LOW,0
CFG-0000474,DEV-MAIN-ACC-077,0,1,1,1,1,0.0,0.0,1,0,LOW,0
CFG-0000475,DEV-PHARM-FIR-028,0,1,1,1,1,0.0,0.0,1,0,LOW,0
CFG-0000476,DEV-EMERGENCY-SWI-099,0,1,1,0,1,0.0,0.5,0,1,MEDIUM,1
CFG-0000477,DEV-PEDS-VPN-025,0,1,1,1,1,0.0,0.0,0,0,LOW,0
CFG-0000478,DEV-DIAG-ACC-103,0,1,0,1,1,0.3,0.0,0,1,HIGH,2
CFG-0000479,DEV-MAIN-WIR-043,0,1,1,1,1,0.0,0.0,1,0,LOW,0
CFG-0000480,DEV-MAIN-FIR-091,1,1,1,1,1,0.4,0.0,0,1,HIGH,2
CFG-0000481,DEV-ADMIN-IOT-003,0,1,1,0,1,0.0,0.5,1,1,LOW,0
CFG-0000482,DEV-ONCOLOGY-IOT-070,0,1,1,1,1,0.0,0.0,0,0,LOW,0
CFG-0000483,DEV-CARDIO-FIR-088,0,1,1,1,1,0.0,0.0,0,0,LOW,0
CFG-0000484,DEV-ONCOLOGY-SWI-039,0,1,1,1,1,0.0,0.0,0,0,LOW,0
CFG-0000485,DEV-MAIN-EDG-014,0,1,1,1,1,0.0,0.0,0,0,LOW,0
CFG-0000486,DEV-MAIN-EDG-014,0,1,1,1,1,0.0,0.0,0,0,LOW,0
CFG-0000487,DEV-ONCOLOGY-WIR-037,0,1,1,0,1,0.0,0.5,1,1,LOW,0
CFG-0000488,DEV-CLINIC-IOT-041,0,1,1,1,1,0.0,0.0,0,0,LOW,0
CFG-0000489,DEV-CLINIC-VPN-098,0,1,1,1,1,0.0,0.0,0,0,LOW,0
CFG-0000490,DEV-DIAG-SWI-060,0,1,1,1,1,0.0,0.0,0,0,LOW,0
CFG-0000491,DEV-EMERGENCY-COR-065,0,1,1,1,0,0.0,0.5,1,0,LOW,0
CFG-0000492,DEV-MAIN-EDG-012,0,1,1,1,1,0.0,0.0,0,0,LOW,0
CFG-0000493,DEV-ONCOLOGY-SWI-039,0,1,1,1,1,0.0,0.0,0,0,LOW,0
CFG-0000494,DEV-PHARM-VPN-023,0,1,1,1,1,0.0,0.0,0,0,LOW,0
CFG-0000495,DEV-CLINIC-VPN-029,0,1,1,0,1,0.0,0.5,0,1,MEDIUM,1
CFG-0000496,DEV-EMERGENCY-FIR-030,0,1,1,1,1,0.0,0.0,1,0,LOW,0
CFG-0000497,DEV-CLINIC-ACC-027,0,1,1,1,1,0.0,0.0,0,0,LOW,0
CFG-0000498,DEV-MAIN-FIR-091,0,1,1,1,1,0.0,0.0,0,0,LOW,0
CFG-0000499,DEV-CARDIO-SWI-074,0,1,1,1,1,0.0,0.0,0,0,LOW,0
CFG-0000500,DEV-RESEARCH-VPN-045,1,1,1,1,1,0.4,0.0,1,1,LOW,0
CFG-0000501,DEV-EMERGENCY-IOT-073,0,1,1,1,1,0.0,0.0,0,0,LOW,0
CFG-0000502,DEV-ADMIN-COR-105,0,1,1,1,1,0.0,0.0,1,0,LOW,0
CFG-0000503,DEV-CLINIC-VPN-029,0,1,1,1,1,0.0,0.0,1,0,LOW,0
CFG-0000504,DEV-EMERGENCY-VPN-002,0,1,1,1,1,0.0,0.0,0,0,LOW,0
CFG-0000505,DEV-MAIN-EDG-071,0,1,1,1,1,0.0,0.0,0,0,LOW,0
CFG-0000506,DEV-RESEARCH-SWI-100,0,1,1,1,1,0.0,0.0,0,0,LOW,0
CFG-0000507,DEV-CARDIO-SWI-074,0,1,1,1,1,0.0,0.0,1,0,LOW,0
CFG-0000508,DEV-PHARM-COR-106,0,1,1,1,1,0.0,0.0,0,0,LOW,0
CFG-0000509,DEV-EMERGENCY-COR-065,0,1,1,1,1,0.0,0.0,0,0,LOW,0
CFG-0000510,DEV-PHARM-ACC-083,0,1,1,1,1,0.0,0.0,0,0,LOW,0
CFG-0000511,DEV-CARDIO-SWI-074,0,1,1,1,1,0.0,0.0,1,0,LOW,0
CFG-0000512,DEV-DIAG-SWI-060,0,1,1,1,1,0.0,0.0,0,0,LOW,0
CFG-0000513,DEV-ONCOLOGY-SWI-039,0,1,1,1,1,0.0,0.0,0,0,LOW,0
CFG-0000514,DEV-RESEARCH-EDG-055,0,1,1,0,1,0.0,0.5,1,1,LOW,0
CFG-0000515,DEV-EMERGENCY-VPN-094,0,1,0,1,1,0.3,0.0,0,1,HIGH,2
CFG-0000516,DEV-CLINIC-ACC-033,0,1,1,1,1,0.0,0.0,0,0,LOW,0
CFG-0000517,DEV-ONCOLOGY-WIR-037,0,1,1,1,1,0.0,0.0,0,0,LOW,0
CFG-0000518,DEV-DIAG-ACC-103,0,1,1,1,1,0.0,0.0,0,0,LOW,0
CFG-0000519,DEV-RESEARCH-SWI-079,0,1,1,1,1,0.0,0.0,0,0,LOW,0
CFG-0000520,DEV-DIAG-EDG-067,0,1,1,1,1,0.0,0.0,0,0,LOW,0
CFG-0000521,DEV-CARDIO-EDG-085,0,1,1,1,1,0.0,0.0,0,0,LOW,0
CFG-0000522,DEV-DIAG-ACC-103,0,1,1,1,1,0.0,0.0,0,0,LOW,0
CFG-0000523,DEV-DIAG-COR-009,0,1,1,1,1,0.0,0.0,0,0,LOW,0
CFG-0000524,DEV-RESEARCH-SWI-020,0,1,1,1,1,0.0,0.0,0,0,LOW,0
CFG-0000525,DEV-PEDS-WIR-007,0,1,1,1,1,0.0,0.0,0,0,LOW,0
CFG-0000526,DEV-CLINIC-VPN-029,0,1,1,1,0,0.0,0.5,0,0,LOW,0
CFG-0000527,DEV-MAIN-WIR-043,0,1,1,1,1,0.0,0.0,0,0,LOW,0
CFG-0000528,DEV-CLINIC-VPN-098,0,1,1,1,1,0.0,0.0,0,0,LOW,0
CFG-0000529,DEV-CARDIO-EDG-085,0,1,1,1,1,0.0,0.0,1,0,LOW,0
CFG-0000530,DEV-MAIN-WIR-043,0,1,1,1,1,0.0,0.0,0,0,LOW,0
CFG-0000531,DEV-DIAG-ACC-103,0,1,1,1,1,0.0,0.0,1,0,LOW,0
CFG-0000532,DEV-DIAG-ACC-103,0,1,1,1,1,0.0,0.0,1,0,LOW,0
CFG-0000533,DEV-MAIN-IOT-005,0,1,1,1,1,0.0,0.0,0,0,LOW,0
CFG-0000534,DEV-DIAG-SWI-060,0,1,1,1,1,0.0,0.0,0,0,LOW,0
CFG-0000535,DEV-ONCOLOGY-FIR-061,0,1,1,1,1,0.0,0.0,0,0,LOW,0
CFG-0000536,DEV-CARDIO-COR-063,0,1,0,1,1,0.3,0.0,0,1,HIGH,2
CFG-0000537,DEV-ADMIN-FIR-024,0,1,1,1,0,0.0,0.5,1,0,LOW,0
CFG-0000538,DEV-DIAG-ACC-036,1,1,1,1,1,0.4,0.0,0,1,HIGH,2
CFG-0000539,DEV-CARDIO-COR-063,0,1,1,1,1,0.0,0.0,0,0,LOW,0
CFG-0000540,DEV-CLINIC-EDG-048,0,1,1,1,1,0.0,0.0,0,0,LOW,0
CFG-0000541,DEV-RESEARCH-VPN-045,0,1,1,1,1,0.0,0.0,0,0,LOW,0
CFG-0000542,DEV-ONCOLOGY-SWI-039,0,1,1,1,1,0.0,0.0,0,0,LOW,0
CFG-0000543,DEV-EMERGENCY-VPN-094,0,1,1,1,1,0.0,0.0,1,0,LOW,0
CFG-0000544,DEV-PHARM-VPN-004,0,1,1,1,1,0.0,0.0,0,0,LOW,0
CFG-0000545,DEV-ONCOLOGY-WIR-037,0,1,1,1,1,0.0,0.0,0,0,LOW,0
CFG-0000546,DEV-EMERGENCY-FIR-030,0,1,1,1,1,0.0,0.0,0,0,LOW,0
CFG-0000547,DEV-CARDIO-FIR-088,0,1,1,0,1,0.0,0.5,0,1,MEDIUM,1
CFG-0000548,DEV-CARDIO-EDG-085,0,1,1,1,1,0.0,0.0,0,0,LOW,0
CFG-0000549,DEV-CLINIC-FIR-087,0,1,1,1,1,0.0,0.0,0,0,LOW,0
CFG-0000550,DEV-ADMIN-SWI-049,0,1,1,1,0,0.0,0.5,0,0,LOW,0
CFG-0000551,DEV-EMERGENCY-IOT-015,0,1,1,0,1,0.0,0.5,0,1,MEDIUM,1
CFG-0000552,DEV-EMERGENCY-COR-065,0,1,1,1,1,0.0,0.0,0,0,LOW,0
CFG-0000553,DEV-PEDS-ACC-104,0,1,1,1,1,0.0,0.0,0,0,LOW,0
CFG-0000554,DEV-RESEARCH-FIR-056,0,1,1,0,1,0.0,0.5,0,1,MEDIUM,1
CFG-0000555,DEV-MAIN-IOT-018,1,1,1,1,1,0.4,0.0,0,1,HIGH,2
CFG-0000556,DEV-CARDIO-IOT-110,0,1,1,1,0,0.0,0.5,0,0,LOW,0
CFG-0000557,DEV-DIAG-WIR-084,0,1,1,1,1,0.0,0.0,1,0,LOW,0
CFG-0000558,DEV-EMERGENCY-SWI-099,0,1,1,1,1,0.0,0.0,0,0,LOW,0
CFG-0000559,DEV-RESEARCH-SWI-079,0,1,1,1,1,0.0,0.0,0,0,LOW,0
CFG-0000560,DEV-RESEARCH-FIR-078,0,1,1,1,1,0.0,0.0,1,0,LOW,0
CFG-0000561,DEV-EMERGENCY-SWI-052,1,1,1,1,1,0.4,0.0,1,1,LOW,0
CFG-0000562,DEV-MAIN-IOT-005,1,1,1,1,1,0.4,0.0,0,1,HIGH,2
CFG-0000563,DEV-RESEARCH-FIR-056,0,1,1,1,1,0.0,0.0,1,0,LOW,0
CFG-0000564,DEV-EMERGENCY-SWI-099,0,1,1,1,1,0.0,0.0,1,0,LOW,0
CFG-0000565,DEV-RESEARCH-VPN-045,0,1,1,1,1,0.0,0.0,1,0,LOW,0
CFG-0000566,DEV-PEDS-IOT-046,0,1,1,1,1,0.0,0.0,0,0,LOW,0
CFG-0000567,DEV-CLINIC-FIR-087,0,1,1,1,1,0.0,0.0,0,0,LOW,0
CFG-0000568,DEV-CARDIO-IOT-006,0,1,1,1,1,0.0,0.0,0,0,LOW,0
CFG-0000569,DEV-PEDS-WIR-040,1,1,1,1,1,0.4,0.0,0,1,HIGH,2
CFG-0000570,DEV-CLINIC-VPN-098,0,1,1,0,1,0.0,0.5,0,1,MEDIUM,1
CFG-0000571,DEV-PHARM-VPN-023,1,1,1,1,1,0.4,0.0,1,1,LOW,0
CFG-0000572,DEV-ONCOLOGY-SWI-039,0,1,1,1,1,0.0,0.0,0,0,LOW,0
CFG-0000573,DEV-ADMIN-WIR-013,0,1,1,1,1,0.0,0.0,0,0,LOW,0
CFG-0000574,DEV-PHARM-ACC-083,0,1,1,1,0,0.0,0.5,0,0,LOW,0
CFG-0000575,DEV-MAIN-SWI-042,0,1,1,1,1,0.0,0.0,0,0,LOW,0
CFG-0000576,DEV-PHARM-VPN-047,0,1,0,1,1,0.3,0.0,0,1,HIGH,2
CFG-0000577,DEV-RESEARCH-SWI-001,0,1,1,1,1,0.0,0.0,1,0,LOW,0
CFG-0000578,DEV-MAIN-IOT-018,0,1,1,1,1,0.0,0.0,0,0,LOW,0
CFG-0000579,DEV-CLINIC-ACC-109,0,1,1,1,1,0.0,0.0,0,0,LOW,0
CFG-0000580,DEV-RESEARCH-SWI-001,0,1,1,1,1,0.0,0.0,1,0,LOW,0
CFG-0000581,DEV-EMERGENCY-VPN-002,1,1,1,1,1,0.4,0.0,1,1,LOW,0
CFG-0000582,DEV-PEDS-WIR-040,1,1,1,1,1,0.4,0.0,0,1,HIGH,2
CFG-0000583,DEV-EMERGENCY-IOT-073,0,1,0,1,1,0.3,0.0,0,1,HIGH,2
CFG-0000584,DEV-ADMIN-WIR-013,0,1,1,1,1,0.0,0.0,0,0,LOW,0
CFG-0000585,DEV-ONCOLOGY-IOT-070,0,1,1,0,1,0.0,0.5,1,1,LOW,0
CFG-0000586,DEV-ADMIN-EDG-050,0,1,1,1,1,0.0,0.0,1,0,LOW,0
CFG-0000587,DEV-MAIN-SWI-042,0,1,1,1,1,0.0,0.0,1,0,LOW,0
CFG-0000588,DEV-DIAG-EDG-080,0,1,1,1,1,0.0,0.0,0,0,LOW,0
CFG-0000589,DEV-ONCOLOGY-IOT-070,0,1,0,1,1,0.3,0.0,0,1,HIGH,2
CFG-0000590,DEV-ONCOLOGY-ACC-016,0,1,1,1,1,0.0,0.0,0,0,LOW,0
CFG-0000591,DEV-ADMIN-EDG-050,0,1,1,1,1,0.0,0.0,0,0,LOW,0
CFG-0000592,DEV-ONCOLOGY-FIR-061,1,1,1,1,0,0.4,0.5,1,1,LOW,0
CFG-0000593,DEV-MAIN-FIR-091,0,1,1,1,1,0.0,0.0,1,0,LOW,0
CFG-0000594,DEV-RESEARCH-SWI-001,0,1,1,1,1,0.0,0.0,0,0,LOW,0
CFG-0000595,DEV-CLINIC-ACC-033,0,1,1,1,1,0.0,0.0,0,0,LOW,0
CFG-0000596,DEV-ADMIN-FIR-024,0,1,1,1,1,0.0,0.0,0,0,LOW,0
CFG-0000597,DEV-MAIN-EDG-014,0,1,1,1,1,0.0,0.0,0,0,LOW,0
CFG-0000598,DEV-CARDIO-SWI-074,0,1,1,1,1,0.0,0.0,0,0,LOW,0
CFG-0000599,DEV-DIAG-EDG-067,0,1,1,0,1,0.0,0.5,0,1,MEDIUM,1
CFG-0000600,DEV-MAIN-FIR-064,0,1,1,1,1,0.0,0.0,1,0,LOW,0
CFG-0000601,DEV-PEDS-FIR-069,0,1,1,1,1,0.0,0.0,0,0,LOW,0
CFG-0000602,DEV-EMERGENCY-SWI-066,0,1,1,1,1,0.0,0.0,0,0,LOW,0
CFG-0000603,DEV-ADMIN-COR-105,0,1,1,1,1,0.0,0.0,0,0,LOW,0
CFG-0000604,DEV-RESEARCH-SWI-001,0,1,1,1,1,0.0,0.0,0,0,LOW,0
CFG-0000605,DEV-EMERGENCY-SWI-081,0,1,1,1,1,0.0,0.0,0,0,LOW,0
CFG-0000606,DEV-MAIN-ACC-090,0,1,1,1,1,0.0,0.0,0,0,LOW,0
CFG-0000607,DEV-CLINIC-ACC-034,0,1,1,1,1,0.0,0.0,1,0,LOW,0
CFG-0000608,DEV-RESEARCH-SWI-001,0,1,1,1,1,0.0,0.0,0,0,LOW,0
CFG-0000609,DEV-PEDS-COR-054,0,1,1,1,1,0.0,0.0,0,0,LOW,0
CFG-0000610,DEV-PHARM-FIR-010,0,1,1,1,1,0.0,0.0,0,0,LOW,0
CFG-0000611,DEV-ONCOLOGY-SWI-039,0,1,0,1,1,0.3,0.0,0,1,HIGH,2
CFG-0000612,DEV-CARDIO-IOT-110,0,1,1,1,1,0.0,0.0,0,0,LOW,0
CFG-0000613,DEV-PEDS-WIR-095,0,1,1,1,1,0.0,0.0,1,0,LOW,0
CFG-0000614,DEV-CARDIO-FIR-088,0,1,0,1,1,0.3,0.0,0,1,HIGH,2
CFG-0000615,DEV-EMERGENCY-VPN-002,0,1,1,1,1,0.0,0.0,1,0,LOW,0
CFG-0000616,DEV-MAIN-SWI-017,0,1,1,1,1,0.0,0.0,1,0,LOW,0
CFG-0000617,DEV-EMERGENCY-SWI-081,0,1,1,1,1,0.0,0.0,1,0,LOW,0
CFG-0000618,DEV-EMERGENCY-SWI-099,0,1,1,1,1,0.0,0.0,0,0,LOW,0
CFG-0000619,DEV-CLINIC-FIR-087,0,1,1,1,1,0.0,0.0,0,0,LOW,0
CFG-0000620,DEV-CARDIO-COR-063,0,1,1,1,1,0.0,0.0,1,0,LOW,0
CFG-0000621,DEV-EMERGENCY-COR-022,0,1,1,1,1,0.0,0.0,0,0,LOW,0
CFG-0000622,DEV-DIAG-WIR-084,0,1,1,1,1,0.0,0.0,1,0,LOW,0
CFG-0000623,DEV-RESEARCH-IOT-072,0,1,1,1,1,0.0,0.0,1,0,LOW,0
CFG-0000624,DEV-ONCOLOGY-FIR-061,1,1,1,1,1,0.4,0.0,1,1,LOW,0
CFG-0000625,DEV-ONCOLOGY-ACC-016,0,1,1,1,1,0.0,0.0,0,0,LOW,0
CFG-0000626,DEV-ADMIN-IOT-003,0,1,1,1,0,0.0,0.5,1,0,LOW,0
CFG-0000627,DEV-ONCOLOGY-FIR-061,0,1,1,1,1,0.0,0.0,0,0,LOW,0
CFG-0000628,DEV-CARDIO-FIR-089,0,1,1,1,1,0.0,0.0,0,0,LOW,0
CFG-0000629,DEV-CARDIO-IOT-006,0,1,1,1,1,0.0,0.0,0,0,LOW,0
CFG-0000630,DEV-CARDIO-FIR-088,0,1,1,1,0,0.0,0.5,0,0,LOW,0
CFG-0000631,DEV-DIAG-ACC-103,1,1,1,1,1,0.4,0.0,0,1,HIGH,2
CFG-0000632,DEV-EMERGENCY-SWI-052,0,1,1,1,1,0.0,0.0,0,0,LOW,0
CFG-0000633,DEV-DIAG-SWI-032,0,1,1,1,0,0.0,0.5,0,0,LOW,0
CFG-0000634,DEV-RESEARCH-SWI-001,0,1,1,1,1,0.0,0.0,1,0,LOW,0
CFG-0000635,DEV-EMERGENCY-FIR-030,0,1,1,1,1,0.0,0.0,0,0,LOW,0
CFG-0000636,DEV-RESEARCH-SWI-100,0,1,1,1,1,0.0,0.0,0,0,LOW,0
CFG-0000637,DEV-PHARM-VPN-004,0,1,1,1,1,0.0,0.0,0,0,LOW,0
CFG-0000638,DEV-EMERGENCY-FIR-030,0,1,1,1,1,0.0,0.0,0,0,LOW,0
CFG-0000639,DEV-DIAG-ACC-103,0,1,1,1,1,0.0,0.0,1,0,LOW,0
CFG-0000640,DEV-PHARM-COR-106,0,1,1,1,1,0.0,0.0,1,0,LOW,0
CFG-0000641,DEV-CLINIC-IOT-041,0,1,1,1,1,0.0,0.0,1,0,LOW,0
CFG-0000642,DEV-PEDS-COR-019,0,1,1,1,1,0.0,0.0,1,0,LOW,0
CFG-0000643,DEV-CARDIO-ACC-068,0,1,1,1,1,0.0,0.0,0,0,LOW,0
CFG-0000644,DEV-RESEARCH-EDG-055,0,1,1,1,1,0.0,0.0,0,0,LOW,0
CFG-0000645,DEV-RESEARCH-FIR-031,0,1,1,1,1,0.0,0.0,0,0,LOW,0
CFG-0000646,DEV-MAIN-SWI-042,0,1,1,1,1,0.0,0.0,0,0,LOW,0
CFG-0000647,DEV-CARDIO-VPN-011,1,1,1,1,1,0.4,0.0,0,1,HIGH,2
CFG-0000648,DEV-CLINIC-EDG-048,0,1,1,1,1,0.0,0.0,1,0,LOW,0
CFG-0000649,DEV-PHARM-FIR-028,1,1,1,1,1,0.4,0.0,1,1,LOW,0
CFG-0000650,DEV-RESEARCH-SWI-020,0,1,1,1,1,0.0,0.0,0,0,LOW,0
CFG-0000651,DEV-EMERGENCY-VPN-002,0,1,1,1,1,0.0,0.0,1,0,LOW,0
CFG-0000652,DEV-RESEARCH-SWI-079,0,1,1,1,1,0.0,0.0,1,0,LOW,0
CFG-0000653,DEV-PHARM-COR-106,1,1,1,1,1,0.4,0.0,0,1,HIGH,2
CFG-0000654,DEV-CLINIC-VPN-029,0,1,1,1,1,0.0,0.0,0,0,LOW,0
CFG-0000655,DEV-MAIN-IOT-018,0,1,1,0,1,0.0,0.5,0,1,MEDIUM,1
CFG-0000656,DEV-RESEARCH-FIR-086,0,1,0,1,1,0.3,0.0,0,1,HIGH,2
CFG-0000657,DEV-CLINIC-IOT-041,0,1,1,1,1,0.0,0.0,1,0,LOW,0
CFG-0000658,DEV-EMERGENCY-SWI-081,0,1,1,1,1,0.0,0.0,0,0,LOW,0
CFG-0000659,DEV-EMERGENCY-COR-065,0,1,1,1,1,0.0,0.0,1,0,LOW,0
CFG-0000660,DEV-RESEARCH-EDG-057,0,1,1,1,1,0.0,0.0,1,0,LOW,0
CFG-0000661,DEV-DIAG-ACC-036,1,1,1,1,1,0.4,0.0,1,1,LOW,0
CFG-0000662,DEV-EMERGENCY-COR-065,1,1,1,1,1,0.4,0.0,0,1,HIGH,2
CFG-0000663,DEV-EMERGENCY-FIR-058,0,1,1,1,1,0.0,0.0,0,0,LOW,0
CFG-0000664,DEV-MAIN-EDG-012,0,1,1,1,1,0.0,0.0,1,0,LOW,0
CFG-0000665,DEV-ADMIN-COR-105,0,1,1,1,1,0.0,0.0,0,0,LOW,0
CFG-0000666,DEV-PEDS-WIR-095,0,1,1,1,1,0.0,0.0,0,0,LOW,0
CFG-0000667,DEV-CLINIC-SWI-082,0,1,1,1,1,0.0,0.0,0,0,LOW,0
CFG-0000668,DEV-MAIN-IOT-018,0,1,1,1,1,0.0,0.0,1,0,LOW,0
CFG-0000669,DEV-MAIN-SWI-042,0,1,1,1,1,0.0,0.0,0,0,LOW,0
CFG-0000670,DEV-PEDS-COR-054,0,1,1,1,1,0.0,0.0,1,0,LOW,0
CFG-0000671,DEV-PEDS-WIR-040,1,1,1,1,1,0.4,0.0,0,1,HIGH,2
CFG-0000672,DEV-EMERGENCY-VPN-002,0,1,1,1,1,0.0,0.0,0,0,LOW,0
CFG-0000673,DEV-ONCOLOGY-SWI-039,0,1,1,1,0,0.0,0.5,0,0,LOW,0
CFG-0000674,DEV-ONCOLOGY-FIR-061,0,1,1,1,1,0.0,0.0,0,0,LOW,0
CFG-0000675,DEV-EMERGENCY-FIR-058,1,1,1,1,1,0.4,0.0,1,1,LOW,0
CFG-0000676,DEV-CARDIO-FIR-089,0,1,1,1,1,0.0,0.0,0,0,LOW,0
CFG-0000677,DEV-MAIN-FIR-091,0,1,1,1,1,0.0,0.0,0,0,LOW,0
CFG-0000678,DEV-CARDIO-EDG-085,1,1,1,1,1,0.4,0.0,0,1,HIGH,2
CFG-0000679,DEV-EMERGENCY-SWI-052,0,1,1,1,0,0.0,0.5,1,0,LOW,0
CFG-0000680,DEV-RESEARCH-SWI-100,0,1,1,1,1,0.0,0.0,0,0,LOW,0
CFG-0000681,DEV-MAIN-WIR-043,0,1,1,1,1,0.0,0.0,0,0,LOW,0
CFG-0000682,DEV-RESEARCH-EDG-057,0,1,1,1,1,0.0,0.0,1,0,LOW,0
CFG-0000683,DEV-DIAG-COR-009,1,1,1,1,1,0.4,0.0,0,1,HIGH,2
CFG-0000684,DEV-DIAG-COR-009,0,1,1,1,1,0.0,0.0,1,0,LOW,0
CFG-0000685,DEV-ONCOLOGY-ACC-016,0,1,1,1,1,0.0,0.0,0,0,LOW,0
CFG-0000686,DEV-RESEARCH-SWI-001,0,1,1,1,1,0.0,0.0,0,0,LOW,0
CFG-0000687,DEV-MAIN-ACC-077,0,1,1,1,1,0.0,0.0,1,0,LOW,0
CFG-0000688,DEV-DIAG-SWI-032,0,1,1,1,1,0.0,0.0,1,0,LOW,0
CFG-0000689,DEV-PEDS-WIR-007,0,1,1,1,0,0.0,0.5,1,0,LOW,0
CFG-0000690,DEV-RESEARCH-SWI-001,0,1,1,1,0,0.0,0.5,0,0,LOW,0
CFG-0000691,DEV-CLINIC-VPN-098,0,1,1,1,1,0.0,0.0,0,0,LOW,0
CFG-0000692,DEV-EMERGENCY-SWI-096,0,1,1,0,1,0.0,0.5,0,1,MEDIUM,1
CFG-0000693,DEV-MAIN-SWI-044,0,1,1,1,1,0.0,0.0,0,0,LOW,0
CFG-0000694,DEV-CLINIC-ACC-109,0,1,1,1,1,0.0,0.0,1,0,LOW,0
CFG-0000695,DEV-CARDIO-EDG-085,0,1,1,1,1,0.0,0.0,0,0,LOW,0
CFG-0000696,DEV-EMERGENCY-FIR-058,0,1,1,1,1,0.0,0.0,0,0,LOW,0
CFG-0000697,DEV-CLINIC-VPN-029,0,1,1,1,0,0.0,0.5,0,0,LOW,0
CFG-0000698,DEV-CLINIC-EDG-048,0,1,1,1,1,0.0,0.0,0,0,LOW,0
CFG-0000699,DEV-CARDIO-EDG-085,0,1,1,1,1,0.0,0.0,1,0,LOW,0
CFG-0000700,DEV-CLINIC-IOT-041,0,1,1,1,0,0.0,0.5,0,0,LOW,0
CFG-0000701,DEV-PHARM-VPN-023,0,1,0,1,1,0.3,0.0,0,1,HIGH,2
CFG-0000702,DEV-EMERGENCY-VPN-002,0,1,1,1,1,0.0,0.0,1,0,LOW,0
CFG-0000703,DEV-CARDIO-EDG-085,0,1,1,1,1,0.0,0.0,1,0,LOW,0
CFG-0000704,DEV-RESEARCH-SWI-001,0,1,1,1,0,0.0,0.5,0,0,LOW,0
CFG-0000705,DEV-MAIN-EDG-071,0,1,1,1,1,0.0,0.0,1,0,LOW,0
CFG-0000706,DEV-CARDIO-IOT-006,0,1,1,1,1,0.0,0.0,1,0,LOW,0
CFG-0000707,DEV-PHARM-COR-106,0,1,1,1,1,0.0,0.0,0,0,LOW,0
CFG-0000708,DEV-MAIN-IOT-005,0,1,1,1,1,0.0,0.0,0,0,LOW,0
CFG-0000709,DEV-EMERGENCY-FIR-030,0,1,1,1,1,0.0,0.0,0,0,LOW,0
CFG-0000710,DEV-CLINIC-ACC-033,1,1,1,1,1,0.4,0.0,1,1,LOW,0
CFG-0000711,DEV-CLINIC-IOT-041,1,1,1,1,1,0.4,0.0,0,1,HIGH,2
CFG-0000712,DEV-ADMIN-FIR-024,0,1,1,1,1,0.0,0.0,0,0,LOW,0
CFG-0000713,DEV-PEDS-WIR-040,0,1,1,1,1,0.0,0.0,0,0,LOW,0
CFG-0000714,DEV-EMERGENCY-COR-065,0,1,1,1,1,0.0,0.0,1,0,LOW,0
CFG-0000715,DEV-MAIN-ACC-077,0,1,1,1,1,0.0,0.0,0,0,LOW,0
CFG-0000716,DEV-RESEARCH-EDG-057,0,1,1,1,1,0.0,0.0,0,0,LOW,0
CFG-0000717,DEV-DIAG-SWI-092,0,1,1,1,1,0.0,0.0,0,0,LOW,0
CFG-0000718,DEV-PHARM-FIR-028,0,1,1,1,1,0.0,0.0,1,0,LOW,0
CFG-0000719,DEV-PEDS-VPN-025,0,1,0,1,1,0.3,0.0,0,1,HIGH,2
CFG-0000720,DEV-DIAG-SWI-060,0,1,1,1,1,0.0,0.0,0,0,LOW,0
CFG-0000721,DEV-CLINIC-ACC-034,0,1,1,1,1,0.0,0.0,0,0,LOW,0
CFG-0000722,DEV-ADMIN-FIR-024,0,1,1,1,0,0.0,0.5,0,0,LOW,0
CFG-0000723,DEV-CARDIO-ACC-068,0,1,1,1,1,0.0,0.0,0,0,LOW,0
CFG-0000724,DEV-RESEARCH-SWI-100,0,1,1,0,1,0.0,0.5,0,1,MEDIUM,1
CFG-0000725,DEV-MAIN-WIR-043,0,1,1,1,1,0.0,0.0,0,0,LOW,0
CFG-0000726,DEV-MAIN-EDG-014,0,1,1,1,1,0.0,0.0,1,0,LOW,0
CFG-0000727,DEV-CLINIC-EDG-048,0,1,1,1,1,0.0,0.0,1,0,LOW,0
CFG-0000728,DEV-EMERGENCY-SWI-099,0,1,1,1,1,0.0,0.0,0,0,LOW,0
CFG-0000729,DEV-RESEARCH-SWI-079,0,1,1,1,1,0.0,0.0,0,0,LOW,0
CFG-0000730,DEV-EMERGENCY-SWI-066,0,1,1,1,1,0.0,0.0,0,0,LOW,0
CFG-0000731,DEV-ADMIN-WIR-013,0,1,1,1,1,0.0,0.0,0,0,LOW,0
CFG-0000732,DEV-MAIN-SWI-042,0,1,0,1,1,0.3,0.0,0,1,HIGH,2
CFG-0000733,DEV-EMERGENCY-SWI-081,0,1,1,1,1,0.0,0.0,0,0,LOW,0
CFG-0000734,DEV-ADMIN-WIR-013,0,1,1,1,1,0.0,0.0,0,0,LOW,0
CFG-0000735,DEV-DIAG-ACC-103,0,1,1,1,1,0.0,0.0,1,0,LOW,0
CFG-0000736,DEV-PEDS-COR-054,1,1,1,1,1,0.4,0.0,0,1,HIGH,2
CFG-0000737,DEV-PEDS-ACC-104,0,1,1,0,1,0.0,0.5,0,1,MEDIUM,1
CFG-0000738,DEV-RESEARCH-FIR-031,0,1,1,1,1,0.0,0.0,0,0,LOW,0
CFG-0000739,DEV-EMERGENCY-FIR-058,0,1,0,1,1,0.3,0.0,0,1,HIGH,2
CFG-0000740,DEV-PEDS-IOT-046,1,1,1,1,1,0.4,0.0,0,1,HIGH,2
CFG-0000741,DEV-RESEARCH-EDG-057,0,1,1,1,1,0.0,0.0,1,0,LOW,0
CFG-0000742,DEV-CARDIO-ACC-008,0,1,1,0,1,0.0,0.5,0,1,MEDIUM,1
CFG-0000743,DEV-ADMIN-COR-105,0,1,1,1,0,0.0,0.5,0,0,LOW,0
CFG-0000744,DEV-RESEARCH-SWI-079,0,1,1,1,1,0.0,0.0,0,0,LOW,0
CFG-0000745,DEV-CARDIO-FIR-089,1,1,1,1,1,0.4,0.0,1,1,LOW,0
CFG-0000746,DEV-CLINIC-ACC-109,0,1,1,1,1,0.0,0.0,0,0,LOW,0
CFG-0000747,DEV-ADMIN-FIR-093,0,1,1,1,1,0.0,0.0,0,0,LOW,0
CFG-0000748,DEV-CARDIO-SWI-074,0,1,0,1,1,0.3,0.0,0,1,HIGH,2
CFG-0000749,DEV-PEDS-WIR-095,0,1,1,1,1,0.0,0.0,0,0,LOW,0
CFG-0000750,DEV-PHARM-VPN-047,0,1,1,1,1,0.0,0.0,0,0,LOW,0
CFG-0000751,DEV-ADMIN-FIR-093,0,1,1,1,1,0.0,0.0,1,0,LOW,0
CFG-0000752,DEV-CARDIO-ACC-008,0,1,1,1,1,0.0,0.0,1,0,LOW,0
CFG-0000753,DEV-PHARM-VPN-047,1,1,1,1,1,0.4,0.0,0,1,HIGH,2
CFG-0000754,DEV-EMERGENCY-SWI-052,0,1,1,1,1,0.0,0.0,0,0,LOW,0
CFG-0000755,DEV-RESEARCH-SWI-100,0,1,1,1,1,0.0,0.0,0,0,LOW,0
CFG-0000756,DEV-EMERGENCY-FIR-030,0,1,1,1,1,0.0,0.0,0,0,LOW,0
CFG-0000757,DEV-PEDS-ACC-104,0,1,1,1,1,0.0,0.0,1,0,LOW,0
CFG-0000758,DEV-EMERGENCY-SWI-081,0,1,1,1,1,0.0,0.0,0,0,LOW,0
CFG-0000759,DEV-ONCOLOGY-FIR-061,0,1,1,1,1,0.0,0.0,0,0,LOW,0
CFG-0000760,DEV-CLINIC-SWI-082,0,1,0,1,1,0.3,0.0,1,1,LOW,0
CFG-0000761,DEV-DIAG-EDG-067,0,1,1,1,1,0.0,0.0,1,0,LOW,0
CFG-0000762,DEV-PEDS-IOT-035,0,1,1,1,1,0.0,0.0,1,0,LOW,0
CFG-0000763,DEV-RESEARCH-SWI-079,0,1,1,0,1,0.0,0.5,0,1,MEDIUM,1
CFG-0000764,DEV-ONCOLOGY-ACC-053,0,1,1,1,1,0.0,0.0,1,0,LOW,0
CFG-0000765,DEV-RESEARCH-SWI-020,0,1,1,1,1,0.0,0.0,0,0,LOW,0
CFG-0000766,DEV-CLINIC-ACC-109,0,1,1,1,0,0.0,0.5,0,0,LOW,0
CFG-0000767,DEV-MAIN-EDG-012,0,1,1,1,1,0.0,0.0,0,0,LOW,0
CFG-0000768,DEV-ADMIN-IOT-003,0,1,1,1,1,0.0,0.0,0,0,LOW,0
CFG-0000769,DEV-EMERGENCY-VPN-002,0,1,1,1,1,0.0,0.0,1,0,LOW,0
CFG-0000770,DEV-DIAG-SWI-092,0,1,0,1,1,0.3,0.0,0,1,HIGH,2
CFG-0000771,DEV-CLINIC-VPN-098,0,1,1,1,0,0.0,0.5,0,0,LOW,0
CFG-0000772,DEV-ONCOLOGY-FIR-061,0,1,0,1,1,0.3,0.0,0,1,HIGH,2
CFG-0000773,DEV-ONCOLOGY-ACC-053,0,1,1,1,1,0.0,0.0,0,0,LOW,0
CFG-0000774,DEV-CARDIO-ACC-068,0,1,1,1,1,0.0,0.0,0,0,LOW,0
CFG-0000775,DEV-PHARM-ACC-083,0,1,1,1,1,0.0,0.0,1,0,LOW,0
CFG-0000776,DEV-CARDIO-FIR-088,0,1,1,1,1,0.0,0.0,0,0,LOW,0
CFG-0000777,DEV-EMERGENCY-COR-022,0,1,1,1,1,0.0,0.0,0,0,LOW,0
CFG-0000778,DEV-CARDIO-FIR-089,1,1,1,1,1,0.4,0.0,1,1,LOW,0
CFG-0000779,DEV-EMERGENCY-FIR-058,0,1,1,1,1,0.0,0.0,0,0,LOW,0
CFG-0000781,DEV-ONCOLOGY-FIR-061,0,1,1,1,1,0.0,0.0,1,0,LOW,0
CFG-0000782,DEV-PHARM-IOT-107,0,1,1,1,1,0.0,0.0,0,0,LOW,0
CFG-0000783,DEV-EMERGENCY-COR-022,0,1,1,1,1,0.0,0.0,1,0,LOW,0
CFG-0000784,DEV-RESEARCH-SWI-020,0,1,0,1,1,0.3,0.0,0,1,HIGH,2
CFG-0000785,DEV-RESEARCH-EDG-055,0,1,1,1,1,0.0,0.0,0,0,LOW,0
CFG-0000786,DEV-EMERGENCY-FIR-058,0,1,1,1,1,0.0,0.0,0,0,LOW,0
CFG-0000787,DEV-RESEARCH-SWI-100,0,1,1,1,1,0.0,0.0,1,0,LOW,0
CFG-0000788,DEV-CARDIO-VPN-011,0,1,1,1,1,0.0,0.0,0,0,LOW,0
CFG-0000789,DEV-PEDS-IOT-035,0,1,1,1,0,0.0,0.5,1,0,LOW,0
CFG-0000790,DEV-ONCOLOGY-ACC-053,0,1,1,1,1,0.0,0.0,0,0,LOW,0
CFG-0000791,DEV-MAIN-EDG-014,0,1,1,1,1,0.0,0.0,0,0,LOW,0
CFG-0000792,DEV-MAIN-WIR-043,0,1,1,1,1,0.0,0.0,0,0,LOW,0
CFG-0000793,DEV-MAIN-SWI-042,0,1,1,1,1,0.0,0.0,0,0,LOW,0
CFG-0000794,DEV-CARDIO-SWI-062,0,1,1,1,1,0.0,0.0,0,0,LOW,0
CFG-0000795,DEV-MAIN-SWI-044,0,1,1,1,1,0.0,0.0,0,0,LOW,0
CFG-0000796,DEV-EMERGENCY-VPN-094,0,1,1,1,1,0.0,0.0,0,0,LOW,0
CFG-0000797,DEV-CLINIC-ACC-027,0,1,1,1,1,0.0,0.0,0,0,LOW,0
CFG-0000798,DEV-DIAG-COR-009,0,1,1,1,1,0.0,0.0,0,0,LOW,0
CFG-0000799,DEV-PHARM-VPN-047,0,1,1,1,0,0.0,0.5,0,0,LOW,0
CFG-0000800,DEV-CLINIC-ACC-033,0,1,1,1,1,0.0,0.0,0,0,LOW,0
CFG-0000801,DEV-EMERGENCY-COR-065,0,1,1,1,1,0.0,0.0,0,0,LOW,0
CFG-0000802,DEV-CARDIO-COR-063,0,1,1,1,1,0.0,0.0,1,0,LOW,0
CFG-0000803,DEV-EMERGENCY-SWI-066,0,1,1,1,1,0.0,0.0,1,0,LOW,0
CFG-0000804,DEV-CARDIO-EDG-085,0,1,1,1,1,0.0,0.0,0,0,LOW,0
CFG-0000805,DEV-ONCOLOGY-IOT-059,0,1,1,1,1,0.0,0.0,0,0,LOW,0
CFG-0000806,DEV-MAIN-FIR-091,0,1,1,1,1,0.0,0.0,0,0,LOW,0
CFG-0000807,DEV-CLINIC-EDG-048,0,1,1,1,1,0.0,0.0,1,0,LOW,0
CFG-0000808,DEV-DIAG-FIR-108,0,1,1,1,1,0.0,0.0,0,0,LOW,0
CFG-0000809,DEV-PHARM-EDG-038,0,1,1,1,1,0.0,0.0,1,0,LOW,0
CFG-0000810,DEV-RESEARCH-FIR-056,0,1,1,1,1,0.0,0.0,0,0,LOW,0
CFG-0000811,DEV-CARDIO-IOT-006,0,1,1,1,0,0.0,0.5,1,0,LOW,0
CFG-0000812,DEV-PHARM-COR-106,0,1,1,1,1,0.0,0.0,0,0,LOW,0
CFG-0000813,DEV-CLINIC-ACC-109,0,1,1,0,1,0.0,0.5,1,1,LOW,0
CFG-0000814,DEV-EMERGENCY-COR-065,0,1,1,1,1,0.0,0.0,1,0,LOW,0
CFG-0000815,DEV-CLINIC-IOT-041,0,1,1,1,1,0.0,0.0,0,0,LOW,0
CFG-0000816,DEV-RESEARCH-SWI-001,0,1,1,1,1,0.0,0.0,1,0,LOW,0
CFG-0000817,DEV-RESEARCH-SWI-079,0,1,1,1,1,0.0,0.0,0,0,LOW,0
CFG-0000818,DEV-EMERGENCY-COR-022,0,1,1,1,1,0.0,0.0,0,0,LOW,0
CFG-0000819,DEV-PHARM-FIR-010,0,1,1,1,1,0.0,0.0,0,0,LOW,0
CFG-0000820,DEV-CLINIC-ACC-034,0,1,1,1,1,0.0,0.0,1,0,LOW,0
CFG-0000821,DEV-MAIN-IOT-005,1,1,1,1,1,0.4,0.0,0,1,HIGH,2
CFG-0000822,DEV-CARDIO-VPN-011,0,1,1,1,1,0.0,0.0,0,0,LOW,0
CFG-0000823,DEV-CLINIC-SWI-082,0,1,1,1,1,0.0,0.0,0,0,LOW,0
CFG-0000824,DEV-PEDS-VPN-025,0,1,1,1,1,0.0,0.0,0,0,LOW,0
CFG-0000825,DEV-PEDS-IOT-046,0,1,1,0,1,0.0,0.5,0,1,MEDIUM,1
CFG-0000826,DEV-EMERGENCY-COR-065,0,1,1,1,1,0.0,0.0,0,0,LOW,0
CFG-0000827,DEV-CARDIO-SWI-074,0,1,1,0,1,0.0,0.5,0,1,MEDIUM,1
CFG-0000828,DEV-PEDS-WIR-095,0,1,1,1,1,0.0,0.0,1,0,LOW,0
CFG-0000829,DEV-ONCOLOGY-IOT-070,0,1,1,0,1,0.0,0.5,0,1,MEDIUM,1
CFG-0000830,DEV-RESEARCH-IOT-072,0,1,0,1,1,0.3,0.0,0,1,HIGH,2
CFG-0000831,DEV-DIAG-EDG-067,0,1,1,0,1,0.0,0.5,0,1,MEDIUM,1
CFG-0000832,DEV-EMERGENCY-FIR-058,0,1,1,1,1,0.0,0.0,0,0,LOW,0
CFG-0000833,DEV-CLINIC-ACC-033,0,1,1,1,1,0.0,0.0,0,0,LOW,0
CFG-0000834,DEV-EMERGENCY-SWI-081,0,1,1,1,1,0.0,0.0,0,0,LOW,0
CFG-0000835,DEV-PHARM-COR-106,1,1,1,1,1,0.4,0.0,1,1,LOW,0
CFG-0000836,DEV-ADMIN-VPN-021,0,1,0,1,1,0.3,0.0,0,1,HIGH,2
CFG-0000837,DEV-DIAG-EDG-067,0,1,1,1,1,0.0,0.0,0,0,LOW,0
CFG-0000838,DEV-PEDS-WIR-095,0,1,1,1,1,0.0,0.0,1,0,LOW,0
CFG-0000839,DEV-DIAG-WIR-084,0,1,1,1,1,0.0,0.0,0,0,LOW,0
CFG-0000840,DEV-EMERGENCY-VPN-002,0,1,1,1,1,0.0,0.0,0,0,LOW,0
CFG-0000841,DEV-RESEARCH-SWI-001,0,1,1,1,1,0.0,0.0,1,0,LOW,0
CFG-0000842,DEV-MAIN-IOT-005,0,1,1,1,1,0.0,0.0,0,0,LOW,0
CFG-0000843,DEV-CLINIC-FIR-087,0,1,1,1,1,0.0,0.0,0,0,LOW,0
CFG-0000844,DEV-DIAG-ACC-103,0,1,1,1,1,0.0,0.0,1,0,LOW,0
CFG-0000845,DEV-EMERGENCY-SWI-096,0,1,0,1,1,0.3,0.0,1,1,LOW,0
CFG-0000846,DEV-ONCOLOGY-IOT-070,0,1,1,1,1,0.0,0.0,0,0,LOW,0
CFG-0000847,DEV-RESEARCH-EDG-055,0,1,1,1,1,0.0,0.0,0,0,LOW,0
CFG-0000848,DEV-CLINIC-ACC-033,0,1,1,1,1,0.0,0.0,0,0,LOW,0
CFG-0000849,DEV-CARDIO-SWI-062,0,1,1,1,1,0.0,0.0,0,0,LOW,0
CFG-0000850,DEV-PEDS-WIR-040,0,1,1,1,1,0.0,0.0,1,0,LOW,0
CFG-0000851,DEV-CLINIC-VPN-098,0,1,1,1,1,0.0,0.0,0,0,LOW,0
CFG-0000852,DEV-CLINIC-VPN-029,0,1,1,1,1,0.0,0.0,0,0,LOW,0
CFG-0000853,DEV-RESEARCH-FIR-056,0,1,1,1,1,0.0,0.0,0,0,LOW,0
CFG-0000854,DEV-CLINIC-SWI-082,0,1,1,1,1,0.0,0.0,0,0,LOW,0
CFG-0000855,DEV-CLINIC-ACC-034,1,1,1,1,1,0.4,0.0,0,1,HIGH,2
CFG-0000856,DEV-PEDS-COR-054,0,1,1,1,1,0.0,0.0,1,0,LOW,0
CFG-0000857,DEV-RESEARCH-IOT-072,0,1,1,1,1,0.0,0.0,0,0,LOW,0
CFG-0000858,DEV-DIAG-WIR-084,0,1,1,0,1,0.0,0.5,0,1,MEDIUM,1
CFG-0000859,DEV-EMERGENCY-VPN-002,0,1,1,1,1,0.0,0.0,1,0,LOW,0
CFG-0000860,DEV-RESEARCH-VPN-045,0,1,1,1,1,0.0,0.0,1,0,LOW,0
CFG-0000861,DEV-PEDS-WIR-095,0,1,1,1,0,0.0,0.5,0,0,LOW,0
CFG-0000862,DEV-DIAG-FIR-108,0,1,1,1,1,0.0,0.0,0,0,LOW,0
CFG-0000863,DEV-ONCOLOGY-FIR-061,0,1,1,1,1,0.0,0.0,1,0,LOW,0
CFG-0000864,DEV-MAIN-ACC-077,0,1,1,1,1,0.0,0.0,0,0,LOW,0
CFG-0000865,DEV-EMERGENCY-VPN-094,0,1,1,1,1,0.0,0.0,1,0,LOW,0
CFG-0000866,DEV-EMERGENCY-VPN-002,0,1,1,1,1,0.0,0.0,1,0,LOW,0
CFG-0000867,DEV-CARDIO-FIR-088,0,1,1,1,1,0.0,0.0,1,0,LOW,0
CFG-0000868,DEV-ADMIN-WIR-013,0,1,1,1,1,0.0,0.0,0,0,LOW,0
CFG-0000869,DEV-MAIN-EDG-071,1,1,1,1,1,0.4,0.0,0,1,HIGH,2
CFG-0000870,DEV-DIAG-EDG-080,0,1,1,1,0,0.0,0.5,0,0,LOW,0
CFG-0000871,DEV-CARDIO-VPN-011,0,1,1,1,1,0.0,0.0,1,0,LOW,0
CFG-0000872,DEV-EMERGENCY-VPN-094,0,1,1,1,0,0.0,0.5,1,0,LOW,0
CFG-0000873,DEV-EMERGENCY-COR-065,0,1,1,1,1,0.0,0.0,0,0,LOW,0
CFG-0000874,DEV-CLINIC-VPN-029,1,1,1,1,1,0.4,0.0,0,1,HIGH,2
CFG-0000875,DEV-CARDIO-EDG-085,0,1,1,1,1,0.0,0.0,1,0,LOW,0
CFG-0000876,DEV-PHARM-VPN-004,0,1,1,0,1,0.0,0.5,0,1,MEDIUM,1
CFG-0000877,DEV-CARDIO-ACC-068,0,1,1,1,1,0.0,0.0,1,0,LOW,0
CFG-0000878,DEV-DIAG-ACC-103,0,1,1,1,1,0.0,0.0,0,0,LOW,0
CFG-0000879,DEV-CARDIO-IOT-110,0,1,1,1,1,0.0,0.0,0,0,LOW,0
CFG-0000880,DEV-PHARM-FIR-028,0,1,0,1,1,0.3,0.0,0,1,HIGH,2
CFG-0000881,DEV-DIAG-EDG-067,0,1,1,1,1,0.0,0.0,0,0,LOW,0
CFG-0000882,DEV-PHARM-VPN-047,0,1,1,1,1,0.0,0.0,1,0,LOW,0
CFG-0000883,DEV-ONCOLOGY-FIR-061,0,1,1,1,1,0.0,0.0,1,0,LOW,0
CFG-0000884,DEV-CLINIC-VPN-029,0,1,1,1,1,0.0,0.0,1,0,LOW,0
CFG-0000885,DEV-CLINIC-ACC-033,0,1,1,1,1,0.0,0.0,0,0,LOW,0
CFG-0000886,DEV-EMERGENCY-VPN-094,0,1,1,1,1,0.0,0.0,0,0,LOW,0
CFG-0000887,DEV-DIAG-WIR-084,0,1,1,1,1,0.0,0.0,1,0,LOW,0
CFG-0000889,DEV-RESEARCH-SWI-001,0,1,1,1,1,0.0,0.0,0,0,LOW,0
CFG-0000890,DEV-RESEARCH-FIR-078,0,1,1,1,1,0.0,0.0,0,0,LOW,0
CFG-0000891,DEV-DIAG-SWI-060,0,1,1,1,1,0.0,0.0,0,0,LOW,0
CFG-0000892,DEV-EMERGENCY-COR-065,1,1,1,1,1,0.4,0.0,0,1,HIGH,2
CFG-0000893,DEV-CARDIO-ACC-008,0,1,1,1,1,0.0,0.0,0,0,LOW,0
CFG-0000894,DEV-ONCOLOGY-WIR-037,0,1,1,1,1,0.0,0.0,0,0,LOW,0
CFG-0000895,DEV-CARDIO-VPN-011,0,1,0,1,1,0.3,0.0,0,1,HIGH,2
CFG-0000896,DEV-PHARM-IOT-107,0,1,1,1,1,0.0,0.0,0,0,LOW,0
CFG-0000897,DEV-RESEARCH-IOT-072,0,1,1,1,1,0.0,0.0,0,0,LOW,0
CFG-0000898,DEV-MAIN-EDG-012,0,1,1,1,1,0.0,0.0,1,0,LOW,0
CFG-0000899,DEV-PHARM-VPN-102,0,1,1,1,1,0.0,0.0,0,0,LOW,0
CFG-0000900,DEV-EMERGENCY-COR-022,0,1,1,1,1,0.0,0.0,0,0,LOW,0
CFG-0000901,DEV-CARDIO-ACC-068,0,1,1,1,1,0.0,0.0,1,0,LOW,0
CFG-0000902,DEV-ADMIN-FIR-024,0,1,1,1,1,0.0,0.0,0,0,LOW,0
CFG-0000903,DEV-DIAG-COR-009,0,1,1,1,1,0.0,0.0,1,0,LOW,0
CFG-0000904,DEV-ONCOLOGY-WIR-037,0,1,1,1,1,0.0,0.0,0,0,LOW,0
CFG-0000905,DEV-ONCOLOGY-IOT-059,0,1,1,1,0,0.0,0.5,0,0,LOW,0
CFG-0000906,DEV-MAIN-FIR-091,0,1,1,1,0,0.0,0.5,1,0,LOW,0
CFG-0000907,DEV-EMERGENCY-COR-065,0,1,1,1,1,0.0,0.0,0,0,LOW,0
CFG-0000908,DEV-DIAG-COR-009,0,1,0,1,1,0.3,0.0,0,1,HIGH,2
CFG-0000909,DEV-ADMIN-EDG-050,0,1,1,1,1,0.0,0.0,0,0,LOW,0
CFG-0000910,DEV-MAIN-IOT-005,0,1,1,1,1,0.0,0.0,0,0,LOW,0
CFG-0000911,DEV-CARDIO-ACC-068,0,1,1,1,1,0.0,0.0,1,0,LOW,0
CFG-0000912,DEV-RESEARCH-SWI-020,0,1,1,1,1,0.0,0.0,0,0,LOW,0
CFG-0000913,DEV-CARDIO-IOT-110,0,1,1,1,1,0.0,0.0,0,0,LOW,0
CFG-0000914,DEV-CARDIO-VPN-011,1,1,1,1,1,0.4,0.0,0,1,HIGH,2
CFG-0000915,DEV-CLINIC-VPN-029,0,1,1,0,1,0.0,0.5,0,1,MEDIUM,1
CFG-0000916,DEV-ONCOLOGY-VPN-075,0,1,1,1,1,0.0,0.0,0,0,LOW,0
CFG-0000917,DEV-CLINIC-ACC-034,0,1,1,1,0,0.0,0.5,1,0,LOW,0
CFG-0000918,DEV-MAIN-WIR-043,0,1,1,1,1,0.0,0.0,0,0,LOW,0
CFG-0000919,DEV-DIAG-WIR-084,0,1,1,1,1,0.0,0.0,0,0,LOW,0
CFG-0000920,DEV-EMERGENCY-IOT-073,0,1,1,0,1,0.0,0.5,0,1,MEDIUM,1
CFG-0000922,DEV-CLINIC-VPN-051,1,1,1,1,1,0.4,0.0,0,1,HIGH,2
CFG-0000923,DEV-CARDIO-SWI-062,0,1,1,1,1,0.0,0.0,0,0,LOW,0
CFG-0000924,DEV-PHARM-VPN-102,0,1,1,1,1,0.0,0.0,1,0,LOW,0
CFG-0000925,DEV-PHARM-FIR-010,0,1,1,1,1,0.0,0.0,1,0,LOW,0
CFG-0000926,DEV-DIAG-EDG-080,0,1,1,1,1,0.0,0.0,1,0,LOW,0
CFG-0000927,DEV-ONCOLOGY-FIR-061,0,1,1,1,1,0.0,0.0,0,0,LOW,0
CFG-0000928,DEV-MAIN-ACC-077,0,1,1,1,1,0.0,0.0,0,0,LOW,0
CFG-0000929,DEV-EMERGENCY-VPN-002,0,1,1,1,1,0.0,0.0,0,0,LOW,0
CFG-0000930,DEV-CARDIO-EDG-085,0,1,0,1,1,0.3,0.0,0,1,HIGH,2
CFG-0000931,DEV-CLINIC-SWI-082,0,1,1,1,1,0.0,0.0,0,0,LOW,0
CFG-0000932,DEV-PEDS-VPN-025,0,1,0,1,1,0.3,0.0,1,1,LOW,0
CFG-0000933,DEV-PHARM-FIR-028,0,1,1,1,1,0.0,0.0,0,0,LOW,0
CFG-0000934,DEV-ONCOLOGY-FIR-061,0,1,1,1,1,0.0,0.0,0,0,LOW,0
CFG-0000935,DEV-CLINIC-ACC-034,0,1,1,1,1,0.0,0.0,0,0,LOW,0
CFG-0000936,DEV-RESEARCH-SWI-001,0,1,1,1,1,0.0,0.0,1,0,LOW,0
CFG-0000937,DEV-MAIN-VPN-026,0,1,1,0,1,0.0,0.5,0,1,MEDIUM,1
CFG-0000938,DEV-DIAG-SWI-060,0,1,1,1,1,0.0,0.0,0,0,LOW,0
CFG-0000939,DEV-ADMIN-FIR-024,0,1,1,1,1,0.0,0.0,0,0,LOW,0
CFG-0000940,DEV-CARDIO-SWI-074,0,1,1,1,1,0.0,0.0,0,0,LOW,0
CFG-0000941,DEV-RESEARCH-IOT-072,0,1,1,0,1,0.0,0.5,0,1,MEDIUM,1
CFG-0000942,DEV-ONCOLOGY-IOT-059,0,1,1,1,1,0.0,0.0,0,0,LOW,0
CFG-0000943,DEV-CLINIC-ACC-109,0,1,0,1,1,0.3,0.0,0,1,HIGH,2
CFG-0000944,DEV-MAIN-ACC-077,0,1,1,1,1,0.0,0.0,1,0,LOW,0
CFG-0000945,DEV-EMERGENCY-VPN-094,0,1,1,1,1,0.0,0.0,0,0,LOW,0
CFG-0000946,DEV-PHARM-EDG-038,0,1,1,1,1,0.0,0.0,0,0,LOW,0
CFG-0000947,DEV-PHARM-ACC-083,0,1,0,1,1,0.3,0.0,0,1,HIGH,2
CFG-0000948,DEV-CLINIC-IOT-041,0,1,1,1,1,0.0,0.0,0,0,LOW,0
CFG-0000949,DEV-PHARM-EDG-038,0,1,1,1,1,0.0,0.0,0,0,LOW,0
CFG-0000950,DEV-ONCOLOGY-WIR-037,0,1,0,1,1,0.3,0.0,1,1,LOW,0
CFG-0000951,DEV-ONCOLOGY-IOT-059,0,1,1,1,1,0.0,0.0,0,0,LOW,0
CFG-0000952,DEV-CARDIO-FIR-088,0,1,1,1,0,0.0,0.5,0,0,LOW,0
CFG-0000953,DEV-CARDIO-FIR-088,0,1,1,1,1,0.0,0.0,0,0,LOW,0
CFG-0000954,DEV-CARDIO-SWI-062,0,1,1,1,1,0.0,0.0,0,0,LOW,0
CFG-0000955,DEV-DIAG-ACC-103,0,1,1,1,1,0.0,0.0,1,0,LOW,0
CFG-0000956,DEV-PEDS-WIR-040,0,1,1,1,1,0.0,0.0,1,0,LOW,0
CFG-0000957,DEV-ONCOLOGY-ACC-053,0,1,0,1,1,0.3,0.0,1,1,LOW,0
CFG-0000958,DEV-RESEARCH-SWI-079,0,1,1,1,1,0.0,0.0,1,0,LOW,0
CFG-0000959,DEV-PHARM-VPN-047,0,1,1,1,1,0.0,0.0,0,0,LOW,0
CFG-0000960,DEV-MAIN-IOT-005,0,1,1,1,1,0.0,0.0,0,0,LOW,0
CFG-0000961,DEV-PHARM-COR-106,0,1,1,1,1,0.0,0.0,0,0,LOW,0
CFG-0000962,DEV-RESEARCH-SWI-079,0,1,1,1,1,0.0,0.0,0,0,LOW,0
CFG-0000963,DEV-PHARM-VPN-102,0,1,1,1,1,0.0,0.0,0,0,LOW,0
CFG-0000964,DEV-PEDS-ACC-104,0,1,1,1,1,0.0,0.0,0,0,LOW,0
CFG-0000965,DEV-CLINIC-ACC-027,0,1,1,0,1,0.0,0.5,1,1,LOW,0
CFG-0000966,DEV-CARDIO-FIR-089,1,1,1,1,1,0.4,0.0,0,1,HIGH,2
CFG-0000967,DEV-CLINIC-ACC-034,0,1,1,1,1,0.0,0.0,0,0,LOW,0
CFG-0000968,DEV-RESEARCH-SWI-079,1,1,1,1,1,0.4,0.0,0,1,HIGH,2
CFG-0000969,DEV-CARDIO-SWI-074,1,1,1,1,1,0.4,0.0,1,1,LOW,0
CFG-0000970,DEV-RESEARCH-IOT-072,0,1,0,1,1,0.3,0.0,0,1,HIGH,2
CFG-0000971,DEV-ADMIN-COR-105,0,1,1,1,1,0.0,0.0,0,0,LOW,0
CFG-0000972,DEV-PHARM-VPN-004,0,1,1,1,1,0.0,0.0,1,0,LOW,0
CFG-0000973,DEV-ONCOLOGY-ACC-016,0,1,1,1,1,0.0,0.0,0,0,LOW,0
CFG-0000974,DEV-PEDS-VPN-025,0,1,0,1,1,0.3,0.0,0,1,HIGH,2
CFG-0000975,DEV-CARDIO-VPN-011,0,1,1,1,1,0.0,0.0,0,0,LOW,0
CFG-0000976,DEV-ADMIN-COR-105,0,1,1,1,1,0.0,0.0,0,0,LOW,0
CFG-0000977,DEV-CARDIO-COR-063,1,1,1,1,1,0.4,0.0,0,1,HIGH,2
CFG-0000978,DEV-ONCOLOGY-IOT-059,0,1,1,1,1,0.0,0.0,0,0,LOW,0
CFG-0000979,DEV-DIAG-COR-009,0,1,1,1,1,0.0,0.0,1,0,LOW,0
CFG-0000980,DEV-ONCOLOGY-SWI-039,0,1,1,1,1,0.0,0.0,0,0,LOW,0
CFG-0000981,DEV-PHARM-VPN-102,0,1,1,1,1,0.0,0.0,1,0,LOW,0
CFG-0000982,DEV-ONCOLOGY-ACC-016,0,1,0,1,1,0.3,0.0,0,1,HIGH,2
CFG-0000983,DEV-CARDIO-ACC-068,0,1,1,1,1,0.0,0.0,0,0,LOW,0
CFG-0000984,DEV-ADMIN-EDG-050,0,1,1,1,1,0.0,0.0,1,0,LOW,0
CFG-0000985,DEV-MAIN-SWI-044,0,1,1,1,1,0.0,0.0,0,0,LOW,0
CFG-0000986,DEV-PHARM-COR-106,0,1,1,1,1,0.0,0.0,1,0,LOW,0
CFG-0000987,DEV-RESEARCH-FIR-056,0,1,1,1,1,0.0,0.0,0,0,LOW,0
CFG-0000988,DEV-CARDIO-FIR-088,0,1,1,1,1,0.0,0.0,1,0,LOW,0
CFG-0000989,DEV-RESEARCH-FIR-078,0,1,1,1,1,0.0,0.0,1,0,LOW,0
CFG-0000990,DEV-DIAG-SWI-032,0,1,1,1,1,0.0,0.0,0,0,LOW,0
CFG-0000991,DEV-EMERGENCY-FIR-058,0,1,1,1,1,0.0,0.0,1,0,LOW,0
CFG-0000992,DEV-MAIN-ACC-090,0,1,0,1,1,0.3,0.0,0,1,HIGH,2
CFG-0000993,DEV-MAIN-FIR-091,0,1,1,1,1,0.0,0.0,1,0,LOW,0
CFG-0000994,DEV-PHARM-VPN-047,0,1,1,1,1,0.0,0.0,0,0,LOW,0
CFG-0000995,DEV-PEDS-WIR-007,0,1,0,1,1,0.3,0.0,1,1,LOW,0
CFG-0000996,DEV-CARDIO-ACC-008,0,1,1,1,1,0.0,0.0,0,0,LOW,0
CFG-0000997,DEV-ONCOLOGY-ACC-053,0,1,1,1,1,0.0,0.0,1,0,LOW,0
CFG-0000998,DEV-DIAG-EDG-067,0,1,1,1,1,0.0,0.0,1,0,LOW,0
CFG-0000999,DEV-ADMIN-FIR-024,0,1,1,1,1,0.0,0.0,0,0,LOW,0
CFG-0001000,DEV-CLINIC-ACC-033,0,1,1,1,1,0.0,0.0,0,0,LOW,0
CFG-0001001,DEV-CLINIC-WIR-097,0,1,1,1,1,0.0,0.0,0,0,LOW,0
CFG-0001002,DEV-EMERGENCY-IOT-073,0,1,1,1,1,0.0,0.0,0,0,LOW,0
CFG-0001003,DEV-RESEARCH-SWI-100,0,1,1,1,0,0.0,0.5,0,0,LOW,0
CFG-0001004,DEV-PEDS-FIR-069,0,1,1,1,1,0.0,0.0,0,0,LOW,0
CFG-0001005,DEV-PHARM-EDG-038,0,1,0,1,1,0.3,0.0,1,1,LOW,0
CFG-0001006,DEV-RESEARCH-SWI-001,0,1,1,1,1,0.0,0.0,0,0,LOW,0
CFG-0001007,DEV-RESEARCH-IOT-072,1,1,1,1,0,0.4,0.5,0,1,HIGH,2
CFG-0001008,DEV-EMERGENCY-FIR-058,0,1,1,1,0,0.0,0.5,0,0,LOW,0
CFG-0001009,DEV-CLINIC-SWI-082,0,1,1,1,1,0.0,0.0,1,0,LOW,0
CFG-0001010,DEV-RESEARCH-IOT-072,0,1,0,1,1,0.3,0.0,0,1,HIGH,2
CFG-0001011,DEV-CARDIO-FIR-089,0,1,1,1,1,0.0,0.0,0,0,LOW,0
CFG-0001012,DEV-PHARM-VPN-004,0,1,1,1,1,0.0,0.0,0,0,LOW,0
CFG-0001013,DEV-RESEARCH-SWI-020,0,1,1,1,1,0.0,0.0,0,0,LOW,0
CFG-0001014,DEV-CLINIC-VPN-098,1,1,1,1,1,0.4,0.0,1,1,LOW,0
CFG-0001015,DEV-ADMIN-IOT-003,0,1,1,1,1,0.0,0.0,0,0,LOW,0
CFG-0001016,DEV-ONCOLOGY-ACC-053,0,1,1,1,1,0.0,0.0,0,0,LOW,0
CFG-0001017,DEV-DIAG-ACC-103,0,1,1,1,1,0.0,0.0,1,0,LOW,0
CFG-0001018,DEV-ONCOLOGY-SWI-039,0,1,1,1,1,0.0,0.0,0,0,LOW,0
CFG-0001019,DEV-MAIN-ACC-077,0,1,1,1,1,0.0,0.0,1,0,LOW,0
CFG-0001020,DEV-PHARM-COR-106,0,1,1,1,1,0.0,0.0,1,0,LOW,0
CFG-0001021,DEV-EMERGENCY-VPN-094,0,1,1,1,1,0.0,0.0,0,0,LOW,0
CFG-0001022,DEV-MAIN-IOT-018,0,1,1,1,1,0.0,0.0,0,0,LOW,0
CFG-0001023,DEV-EMERGENCY-IOT-073,1,1,1,1,1,0.4,0.0,0,1,HIGH,2
CFG-0001024,DEV-PHARM-FIR-028,0,1,1,1,1,0.0,0.0,0,0,LOW,0
CFG-0001025,DEV-PHARM-VPN-004,0,1,0,1,1,0.3,0.0,0,1,HIGH,2
CFG-0001026,DEV-PEDS-WIR-040,1,1,1,1,1,0.4,0.0,0,1,HIGH,2
CFG-0001027,DEV-PEDS-IOT-035,1,1,1,1,1,0.4,0.0,1,1,LOW,0
CFG-0001028,DEV-EMERGENCY-IOT-015,0,1,1,1,1,0.0,0.0,0,0,LOW,0
CFG-0001029,DEV-PHARM-VPN-102,0,1,1,1,1,0.0,0.0,0,0,LOW,0
CFG-0001030,DEV-CLINIC-FIR-087,0,1,1,1,1,0.0,0.0,0,0,LOW,0
CFG-0001031,DEV-PHARM-VPN-004,0,1,1,1,1,0.0,0.0,0,0,LOW,0
CFG-0001032,DEV-CARDIO-ACC-068,0,1,0,1,1,0.3,0.0,0,1,HIGH,2
CFG-0001033,DEV-CARDIO-VPN-011,0,1,1,1,1,0.0,0.0,0,0,LOW,0
CFG-0001034,DEV-ONCOLOGY-ACC-053,0,1,1,1,1,0.0,0.0,0,0,LOW,0
CFG-0001035,DEV-CARDIO-FIR-089,0,1,1,1,1,0.0,0.0,1,0,LOW,0
CFG-0001036,DEV-PHARM-VPN-023,0,1,1,1,1,0.0,0.0,0,0,LOW,0
CFG-0001037,DEV-DIAG-ACC-103,0,1,1,1,1,0.0,0.0,1,0,LOW,0
CFG-0001038,DEV-DIAG-ACC-036,0,1,1,1,1,0.0,0.0,0,0,LOW,0
CFG-0001039,DEV-PHARM-EDG-038,0,1,1,1,1,0.0,0.0,0,0,LOW,0
CFG-0001040,DEV-RESEARCH-SWI-079,1,1,1,1,1,0.4,0.0,0,1,HIGH,2
CFG-0001041,DEV-CLINIC-FIR-087,0,1,1,1,1,0.0,0.0,0,0,LOW,0
CFG-0001042,DEV-RESEARCH-SWI-001,0,1,1,1,1,0.0,0.0,0,0,LOW,0
CFG-0001043,DEV-PHARM-IOT-107,0,1,1,1,1,0.0,0.0,0,0,LOW,0
CFG-0001044,DEV-DIAG-COR-009,0,1,1,1,1,0.0,0.0,1,0,LOW,0
CFG-0001045,DEV-ADMIN-FIR-024,0,1,1,1,0,0.0,0.5,0,0,LOW,0
CFG-0001046,DEV-PEDS-VPN-025,0,1,1,1,1,0.0,0.0,0,0,LOW,0
CFG-0001047,DEV-RESEARCH-SWI-001,0,1,1,1,1,0.0,0.0,0,0,LOW,0
CFG-0001048,DEV-ONCOLOGY-IOT-070,0,1,1,1,1,0.0,0.0,0,0,LOW,0
CFG-0001049,DEV-RESEARCH-FIR-078,0,1,1,0,1,0.0,0.5,1,1,LOW,0
CFG-0001050,DEV-DIAG-ACC-036,0,1,1,1,1,0.0,0.0,0,0,LOW,0
CFG-0001051,DEV-PEDS-COR-019,0,1,1,1,1,0.0,0.0,1,0,LOW,0
CFG-0001052,DEV-MAIN-ACC-090,0,1,1,1,1,0.0,0.0,0,0,LOW,0
CFG-0001053,DEV-PEDS-COR-054,0,1,1,1,0,0.0,0.5,0,0,LOW,0
CFG-0001054,DEV-EMERGENCY-SWI-096,0,1,1,1,0,0.0,0.5,0,0,LOW,0
CFG-0001055,DEV-RESEARCH-FIR-086,0,1,1,1,1,0.0,0.0,0,0,LOW,0
CFG-0001056,DEV-ADMIN-WIR-013,0,1,1,1,1,0.0,0.0,0,0,LOW,0
CFG-0001058,DEV-ONCOLOGY-IOT-070,0,1,1,1,0,0.0,0.5,1,0,LOW,0
CFG-0001059,DEV-MAIN-EDG-071,0,1,1,1,1,0.0,0.0,0,0,LOW,0
CFG-0001060,DEV-MAIN-ACC-090,0,1,1,1,1,0.0,0.0,1,0,LOW,0
CFG-0001061,DEV-ONCOLOGY-IOT-070,0,1,1,1,1,0.0,0.0,1,0,LOW,0
CFG-0001062,DEV-ONCOLOGY-ACC-016,0,1,1,1,1,0.0,0.0,0,0,LOW,0
CFG-0001063,DEV-CARDIO-COR-063,1,1,1,1,1,0.4,0.0,0,1,HIGH,2
CFG-0001064,DEV-PEDS-IOT-046,0,1,1,1,1,0.0,0.0,1,0,LOW,0
CFG-0001065,DEV-CARDIO-IOT-006,0,1,1,1,1,0.0,0.0,0,0,LOW,0
CFG-0001066,DEV-RESEARCH-FIR-078,0,1,1,1,1,0.0,0.0,0,0,LOW,0
CFG-0001067,DEV-CARDIO-IOT-006,1,1,1,1,1,0.4,0.0,0,1,HIGH,2
CFG-0001068,DEV-RESEARCH-VPN-045,0,1,1,1,1,0.0,0.0,0,0,LOW,0
CFG-0001069,DEV-CARDIO-COR-063,0,1,1,1,1,0.0,0.0,0,0,LOW,0
CFG-0001070,DEV-ADMIN-VPN-021,1,1,1,1,1,0.4,0.0,1,1,LOW,0
CFG-0001071,DEV-RESEARCH-SWI-001,0,1,1,1,1,0.0,0.0,0,0,LOW,0
CFG-0001072,DEV-CARDIO-SWI-074,1,1,1,1,1,0.4,0.0,1,1,LOW,0
CFG-0001073,DEV-CLINIC-ACC-109,0,1,0,1,1,0.3,0.0,1,1,LOW,0
CFG-0001074,DEV-CARDIO-VPN-011,0,1,1,1,1,0.0,0.0,0,0,LOW,0
CFG-0001075,DEV-EMERGENCY-IOT-073,0,1,1,1,1,0.0,0.0,1,0,LOW,0
CFG-0001076,DEV-EMERGENCY-SWI-066,0,1,1,1,1,0.0,0.0,0,0,LOW,0
CFG-0001077,DEV-CARDIO-FIR-088,0,1,1,1,1,0.0,0.0,1,0,LOW,0
CFG-0001078,DEV-CARDIO-COR-063,0,1,1,1,1,0.0,0.0,0,0,LOW,0
CFG-0001079,DEV-EMERGENCY-IOT-015,0,1,0,1,1,0.3,0.0,0,1,HIGH,2
CFG-0001080,DEV-DIAG-SWI-060,0,1,1,1,1,0.0,0.0,0,0,LOW,0
CFG-0001081,DEV-PEDS-IOT-035,0,1,1,1,1,0.0,0.0,1,0,LOW,0
CFG-0001082,DEV-PEDS-FIR-069,0,1,1,1,1,0.0,0.0,0,0,LOW,0
CFG-0001083,DEV-ADMIN-SWI-049,0,1,1,1,1,0.0,0.0,0,0,LOW,0
CFG-0001085,DEV-MAIN-FIR-064,0,1,1,1,1,0.0,0.0,1,0,LOW,0
CFG-0001086,DEV-EMERGENCY-FIR-058,1,1,1,1,1,0.4,0.0,1,1,LOW,0
CFG-0001087,DEV-PEDS-COR-054,0,1,1,1,1,0.0,0.0,0,0,LOW,0
CFG-0001088,DEV-MAIN-WIR-043,1,1,1,1,1,0.4,0.0,0,1,HIGH,2
CFG-0001089,DEV-MAIN-SWI-044,0,1,1,1,1,0.0,0.0,1,0,LOW,0
CFG-0001090,DEV-MAIN-SWI-044,0,1,0,1,1,0.3,0.0,1,1,LOW,0
CFG-0001091,DEV-PHARM-VPN-102,0,1,1,1,1,0.0,0.0,1,0,LOW,0
CFG-0001092,DEV-CARDIO-SWI-062,0,1,1,1,1,0.0,0.0,0,0,LOW,0
CFG-0001093,DEV-CLINIC-WIR-097,0,1,1,1,1,0.0,0.0,0,0,LOW,0
CFG-0001094,DEV-RESEARCH-FIR-078,0,1,1,1,1,0.0,0.0,0,0,LOW,0
CFG-0001095,DEV-PEDS-WIR-007,0,1,1,1,1,0.0,0.0,0,0,LOW,0
CFG-0001096,DEV-PHARM-VPN-102,0,1,1,1,1,0.0,0.0,1,0,LOW,0
CFG-0001097,DEV-CLINIC-VPN-051,0,1,1,1,1,0.0,0.0,0,0,LOW,0
CFG-0001098,DEV-MAIN-EDG-012,0,1,1,1,1,0.0,0.0,0,0,LOW,0
CFG-0001099,DEV-MAIN-WIR-043,0,1,1,1,1,0.0,0.0,0,0,LOW,0
CFG-0001100,DEV-PHARM-VPN-047,1,1,1,1,1,0.4,0.0,0,1,HIGH,2
CFG-0001101,DEV-RESEARCH-FIR-078,0,1,1,1,1,0.0,0.0,0,0,LOW,0
CFG-0001102,DEV-PHARM-VPN-023,0,1,0,1,1,0.3,0.0,0,1,HIGH,2
CFG-0001103,DEV-MAIN-EDG-014,0,1,1,1,0,0.0,0.5,0,0,LOW,0
CFG-0001104,DEV-ADMIN-COR-105,0,1,1,1,1,0.0,0.0,0,0,LOW,0
CFG-0001105,DEV-PEDS-COR-054,0,1,1,1,1,0.0,0.0,0,0,LOW,0
CFG-0001106,DEV-ONCOLOGY-WIR-037,1,1,0,1,1,0.7,0.0,0,2,CRITICAL,3
CFG-0001107,DEV-ONCOLOGY-VPN-075,0,1,1,1,1,0.0,0.0,0,0,LOW,0
CFG-0001108,DEV-PHARM-ACC-083,1,1,1,1,1,0.4,0.0,0,1,HIGH,2
CFG-0001109,DEV-DIAG-FIR-108,0,1,1,1,1,0.0,0.0,1,0,LOW,0
CFG-0001110,DEV-CLINIC-IOT-041,0,1,1,1,0,0.0,0.5,1,0,LOW,0
CFG-0001111,DEV-CARDIO-IOT-006,0,1,1,1,1,0.0,0.0,1,0,LOW,0
CFG-0001112,DEV-ONCOLOGY-IOT-070,0,1,1,1,1,0.0,0.0,0,0,LOW,0
CFG-0001113,DEV-CARDIO-ACC-008,0,1,1,1,1,0.0,0.0,1,0,LOW,0
CFG-0001114,DEV-MAIN-SWI-017,0,1,1,1,1,0.0,0.0,0,0,LOW,0
CFG-0001115,DEV-ONCOLOGY-SWI-039,0,1,1,1,1,0.0,0.0,1,0,LOW,0
CFG-0001116,DEV-MAIN-WIR-043,0,1,1,1,1,0.0,0.0,1,0,LOW,0
CFG-0001117,DEV-ONCOLOGY-FIR-061,0,1,0,1,1,0.3,0.0,0,1,HIGH,2
CFG-0001118,DEV-MAIN-SWI-044,0,1,1,1,1,0.0,0.0,0,0,LOW,0
CFG-0001119,DEV-ADMIN-EDG-050,0,1,1,1,0,0.0,0.5,0,0,LOW,0
CFG-0001120,DEV-DIAG-EDG-067,0,1,1,1,1,0.0,0.0,0,0,LOW,0
CFG-0001121,DEV-ADMIN-IOT-003,0,1,1,1,1,0.0,0.0,1,0,LOW,0
CFG-0001122,DEV-CLINIC-WIR-097,0,1,1,1,0,0.0,0.5,0,0,LOW,0
CFG-0001123,DEV-MAIN-FIR-064,0,1,1,1,1,0.0,0.0,0,0,LOW,0
CFG-0001124,DEV-EMERGENCY-FIR-030,0,1,1,1,1,0.0,0.0,0,0,LOW,0
CFG-0001125,DEV-ADMIN-FIR-024,0,1,1,1,1,0.0,0.0,0,0,LOW,0
CFG-0001126,DEV-ADMIN-FIR-093,0,1,1,1,1,0.0,0.0,0,0,LOW,0
CFG-0001127,DEV-CARDIO-EDG-085,0,1,1,1,1,0.0,0.0,1,0,LOW,0
CFG-0001128,DEV-PHARM-COR-106,0,1,0,1,1,0.3,0.0,1,1,LOW,0
CFG-0001129,DEV-PHARM-ACC-083,0,1,1,1,1,0.0,0.0,0,0,LOW,0
CFG-0001130,DEV-DIAG-EDG-080,0,1,1,1,1,0.0,0.0,0,0,LOW,0
CFG-0001131,DEV-CLINIC-FIR-087,0,1,1,1,1,0.0,0.0,0,0,LOW,0
CFG-0001132,DEV-MAIN-EDG-071,0,1,0,1,1,0.3,0.0,0,1,HIGH,2
CFG-0001133,DEV-PEDS-WIR-007,0,1,1,1,0,0.0,0.5,0,0,LOW,0
CFG-0001134,DEV-EMERGENCY-SWI-066,0,1,1,1,1,0.0,0.0,1,0,LOW,0
CFG-0001135,DEV-MAIN-IOT-018,0,1,1,1,1,0.0,0.0,0,0,LOW,0
CFG-0001136,DEV-PHARM-FIR-028,0,1,1,0,1,0.0,0.5,0,1,MEDIUM,1
CFG-0001137,DEV-MAIN-IOT-005,0,1,1,1,1,0.0,0.0,0,0,LOW,0
CFG-0001138,DEV-ADMIN-WIR-013,0,1,1,1,1,0.0,0.0,0,0,LOW,0
CFG-0001139,DEV-MAIN-WIR-043,0,1,1,1,1,0.0,0.0,0,0,LOW,0
CFG-0001140,DEV-RESEARCH-SWI-001,0,1,1,1,1,0.0,0.0,0,0,LOW,0
CFG-0001141,DEV-PEDS-VPN-025,0,1,1,1,1,0.0,0.0,0,0,LOW,0
CFG-0001142,DEV-CLINIC-VPN-051,0,1,1,1,1,0.0,0.0,0,0,LOW,0
CFG-0001143,DEV-DIAG-EDG-067,0,1,1,1,1,0.0,0.0,0,0,LOW,0
CFG-0001144,DEV-DIAG-EDG-080,0,1,1,1,1,0.0,0.0,0,0,LOW,0
CFG-0001145,DEV-RESEARCH-SWI-020,0,1,1,1,1,0.0,0.0,1,0,LOW,0
CFG-0001146,DEV-ADMIN-FIR-024,0,1,1,1,1,0.0,0.0,0,0,LOW,0
CFG-0001147,DEV-MAIN-ACC-077,0,1,1,1,1,0.0,0.0,1,0,LOW,0
CFG-0001148,DEV-CARDIO-VPN-011,0,1,1,1,1,0.0,0.0,1,0,LOW,0
CFG-0001149,DEV-CARDIO-COR-063,1,1,1,1,1,0.4,0.0,0,1,HIGH,2
CFG-0001150,DEV-CLINIC-IOT-041,0,1,1,1,1,0.0,0.0,1,0,LOW,0
CFG-0001151,DEV-DIAG-SWI-060,0,1,1,1,0,0.0,0.5,0,0,LOW,0
CFG-0001152,DEV-RESEARCH-FIR-086,0,1,1,1,1,0.0,0.0,1,0,LOW,0
CFG-0001153,DEV-PHARM-FIR-010,1,1,1,1,1,0.4,0.0,1,1,LOW,0
CFG-0001154,DEV-DIAG-SWI-092,1,1,1,1,1,0.4,0.0,0,1,HIGH,2
CFG-0001155,DEV-CLINIC-WIR-097,0,1,1,1,1,0.0,0.0,0,0,LOW,0
CFG-0001156,DEV-CLINIC-ACC-034,0,1,1,0,1,0.0,0.5,0,1,MEDIUM,1
CFG-0001157,DEV-CARDIO-FIR-088,1,1,1,1,1,0.4,0.0,1,1,LOW,0
CFG-0001158,DEV-MAIN-SWI-017,0,1,1,1,1,0.0,0.0,0,0,LOW,0
CFG-0001159,DEV-EMERGENCY-SWI-052,0,1,1,1,1,0.0,0.0,0,0,LOW,0
CFG-0001160,DEV-ONCOLOGY-WIR-037,0,1,1,1,1,0.0,0.0,0,0,LOW,0
CFG-0001161,DEV-ADMIN-VPN-021,0,1,1,1,1,0.0,0.0,1,0,LOW,0
CFG-0001162,DEV-ONCOLOGY-IOT-059,1,1,1,1,1,0.4,0.0,1,1,LOW,0
CFG-0001163,DEV-RESEARCH-SWI-001,1,1,1,1,1,0.4,0.0,1,1,LOW,0
CFG-0001164,DEV-PHARM-VPN-047,0,1,1,1,1,0.0,0.0,1,0,LOW,0
CFG-0001165,DEV-EMERGENCY-SWI-099,0,1,1,1,1,0.0,0.0,0,0,LOW,0
CFG-0001166,DEV-ONCOLOGY-IOT-059,0,1,1,1,1,0.0,0.0,0,0,LOW,0
CFG-0001167,DEV-RESEARCH-EDG-055,0,1,1,1,1,0.0,0.0,0,0,LOW,0
CFG-0001168,DEV-ONCOLOGY-ACC-053,0,1,1,1,1,0.0,0.0,1,0,LOW,0
CFG-0001169,DEV-EMERGENCY-SWI-066,1,1,1,1,1,0.4,0.0,0,1,HIGH,2
CFG-0001170,DEV-MAIN-FIR-091,0,1,1,0,1,0.0,0.5,0,1,MEDIUM,1
CFG-0001171,DEV-PHARM-VPN-023,0,1,1,1,1,0.0,0.0,0,0,LOW,0
CFG-0001172,DEV-PEDS-COR-019,0,1,1,1,1,0.0,0.0,0,0,LOW,0
CFG-0001173,DEV-EMERGENCY-VPN-094,1,1,1,1,1,0.4,0.0,1,1,LOW,0
CFG-0001174,DEV-CARDIO-IOT-110,0,1,1,1,1,0.0,0.0,0,0,LOW,0
CFG-0001175,DEV-CLINIC-VPN-098,0,1,1,1,1,0.0,0.0,1,0,LOW,0
CFG-0001176,DEV-PEDS-COR-019,0,1,1,1,1,0.0,0.0,0,0,LOW,0
CFG-0001177,DEV-PHARM-FIR-101,0,1,1,1,0,0.0,0.5,1,0,LOW,0
CFG-0001178,DEV-DIAG-EDG-080,1,1,1,1,1,0.4,0.0,0,1,HIGH,2
CFG-0001179,DEV-MAIN-IOT-018,0,1,1,0,1,0.0,0.5,0,1,MEDIUM,1
CFG-0001180,DEV-PEDS-IOT-046,0,1,1,1,1,0.0,0.0,0,0,LOW,0
CFG-0001181,DEV-DIAG-SWI-032,0,1,1,1,1,0.0,0.0,0,0,LOW,0
CFG-0001182,DEV-CARDIO-FIR-088,0,1,1,1,1,0.0,0.0,1,0,LOW,0
CFG-0001183,DEV-MAIN-EDG-071,0,1,1,1,1,0.0,0.0,0,0,LOW,0
CFG-0001184,DEV-RESEARCH-FIR-056,0,1,1,1,1,0.0,0.0,0,0,LOW,0
CFG-0001185,DEV-RESEARCH-VPN-045,0,1,1,1,1,0.0,0.0,0,0,LOW,0
CFG-0001186,DEV-MAIN-ACC-077,0,1,1,1,1,0.0,0.0,0,0,LOW,0
CFG-0001187,DEV-RESEARCH-FIR-031,1,1,1,1,1,0.4,0.0,1,1,LOW,0
CFG-0001188,DEV-CLINIC-ACC-027,0,1,1,1,1,0.0,0.0,1,0,LOW,0
CFG-0001189,DEV-ADMIN-EDG-050,0,1,1,1,1,0.0,0.0,1,0,LOW,0
CFG-0001190,DEV-DIAG-FIR-108,0,1,1,0,1,0.0,0.5,0,1,MEDIUM,1
CFG-0001191,DEV-CARDIO-VPN-011,0,1,1,1,1,0.0,0.0,1,0,LOW,0
CFG-0001192,DEV-CLINIC-ACC-027,0,1,0,1,1,0.3,0.0,0,1,HIGH,2
CFG-0001193,DEV-ADMIN-FIR-024,0,1,1,0,1,0.0,0.5,1,1,LOW,0
CFG-0001194,DEV-PHARM-VPN-102,0,1,1,1,0,0.0,0.5,0,0,LOW,0
CFG-0001195,DEV-CARDIO-ACC-068,1,1,1,1,1,0.4,0.0,1,1,LOW,0
CFG-0001196,DEV-EMERGENCY-FIR-030,0,1,1,1,1,0.0,0.0,0,0,LOW,0
CFG-0001197,DEV-ADMIN-FIR-024,0,1,1,1,1,0.0,0.0,0,0,LOW,0
CFG-0001198,DEV-RESEARCH-SWI-001,0,1,1,1,1,0.0,0.0,1,0,LOW,0
CFG-0001199,DEV-MAIN-FIR-064,0,1,1,1,1,0.0,0.0,0,0,LOW,0
CFG-0001200,DEV-MAIN-IOT-005,0,1,1,1,1,0.0,0.0,0,0,LOW,0
CFG-0001201,DEV-CARDIO-ACC-068,0,1,1,1,1,0.0,0.0,1,0,LOW,0
CFG-0001202,DEV-RESEARCH-FIR-056,0,1,1,1,0,0.0,0.5,0,0,LOW,0
CFG-0001203,DEV-RESEARCH-IOT-072,0,1,1,1,1,0.0,0.0,1,0,LOW,0
CFG-0001204,DEV-EMERGENCY-SWI-052,1,1,1,1,1,0.4,0.0,0,1,HIGH,2
CFG-0001205,DEV-CLINIC-ACC-034,0,1,1,1,1,0.0,0.0,0,0,LOW,0
CFG-0001206,DEV-RESEARCH-SWI-001,0,1,1,1,1,0.0,0.0,0,0,LOW,0
CFG-0001207,DEV-DIAG-EDG-080,0,1,1,1,1,0.0,0.0,0,0,LOW,0
CFG-0001208,DEV-EMERGENCY-SWI-052,0,1,1,1,1,0.0,0.0,0,0,LOW,0
CFG-0001209,DEV-RESEARCH-FIR-031,0,1,1,1,1,0.0,0.0,1,0,LOW,0
CFG-0001210,DEV-ONCOLOGY-FIR-061,0,1,1,1,1,0.0,0.0,0,0,LOW,0
CFG-0001211,DEV-ADMIN-FIR-024,0,1,1,1,1,0.0,0.0,1,0,LOW,0
CFG-0001212,DEV-PEDS-IOT-035,0,1,1,1,1,0.0,0.0,0,0,LOW,0
CFG-0001213,DEV-CLINIC-ACC-109,0,1,1,1,1,0.0,0.0,1,0,LOW,0
CFG-0001214,DEV-RESEARCH-FIR-078,1,1,1,1,1,0.4,0.0,1,1,LOW,0
CFG-0001215,DEV-MAIN-WIR-043,1,1,1,1,1,0.4,0.0,0,1,HIGH,2
CFG-0001216,DEV-EMERGENCY-SWI-066,0,1,1,1,1,0.0,0.0,0,0,LOW,0
CFG-0001217,DEV-MAIN-FIR-091,0,1,1,1,1,0.0,0.0,0,0,LOW,0
CFG-0001218,DEV-DIAG-ACC-103,0,1,1,1,1,0.0,0.0,1,0,LOW,0
CFG-0001219,DEV-DIAG-EDG-080,0,1,1,1,1,0.0,0.0,0,0,LOW,0
CFG-0001221,DEV-CARDIO-SWI-074,0,1,1,0,1,0.0,0.5,0,1,MEDIUM,1
CFG-0001222,DEV-RESEARCH-SWI-100,0,1,1,1,1,0.0,0.0,0,0,LOW,0
CFG-0001223,DEV-EMERGENCY-SWI-081,0,1,1,1,1,0.0,0.0,0,0,LOW,0
CFG-0001224,DEV-EMERGENCY-IOT-073,0,1,1,1,1,0.0,0.0,0,0,LOW,0
CFG-0001225,DEV-DIAG-WIR-084,0,1,1,1,1,0.0,0.0,0,0,LOW,0
CFG-0001226,DEV-ONCOLOGY-IOT-059,0,1,1,1,1,0.0,0.0,0,0,LOW,0
CFG-0001227,DEV-CARDIO-SWI-074,0,1,1,1,1,0.0,0.0,0,0,LOW,0
CFG-0001228,DEV-MAIN-IOT-005,0,1,1,1,1,0.0,0.0,1,0,LOW,0
CFG-0001229,DEV-DIAG-WIR-084,0,1,1,1,1,0.0,0.0,1,0,LOW,0
CFG-0001230,DEV-MAIN-ACC-090,0,1,1,1,1,0.0,0.0,0,0,LOW,0
CFG-0001231,DEV-PHARM-VPN-047,0,1,1,1,1,0.0,0.0,0,0,LOW,0
CFG-0001232,DEV-CLINIC-SWI-082,0,1,1,1,1,0.0,0.0,1,0,LOW,0
CFG-0001233,DEV-EMERGENCY-SWI-066,1,1,1,1,1,0.4,0.0,1,1,LOW,0
CFG-0001234,DEV-RESEARCH-FIR-086,0,1,1,0,1,0.0,0.5,0,1,MEDIUM,1
CFG-0001235,DEV-CLINIC-SWI-082,0,1,1,1,1,0.0,0.0,1,0,LOW,0
CFG-0001236,DEV-RESEARCH-VPN-045,0,1,1,1,1,0.0,0.0,0,0,LOW,0
CFG-0001237,DEV-CARDIO-IOT-006,0,1,1,0,1,0.0,0.5,0,1,MEDIUM,1
CFG-0001238,DEV-MAIN-FIR-091,0,1,1,1,1,0.0,0.0,0,0,LOW,0
CFG-0001239,DEV-RESEARCH-FIR-031,0,1,1,1,1,0.0,0.0,1,0,LOW,0
CFG-0001240,DEV-EMERGENCY-IOT-073,0,1,1,1,1,0.0,0.0,0,0,LOW,0
CFG-0001241,DEV-CLINIC-SWI-082,0,1,1,1,1,0.0,0.0,0,0,LOW,0
CFG-0001242,DEV-PEDS-FIR-069,0,1,1,1,1,0.0,0.0,1,0,LOW,0
CFG-0001243,DEV-PEDS-FIR-069,0,1,1,1,1,0.0,0.0,0,0,LOW,0
CFG-0001244,DEV-CARDIO-SWI-062,0,1,1,1,1,0.0,0.0,1,0,LOW,0
CFG-0001245,DEV-EMERGENCY-SWI-099,1,1,1,1,1,0.4,0.0,0,1,HIGH,2
CFG-0001246,DEV-EMERGENCY-VPN-094,0,1,1,1,1,0.0,0.0,1,0,LOW,0
CFG-0001247,DEV-ONCOLOGY-IOT-070,0,1,1,1,0,0.0,0.5,0,0,LOW,0
CFG-0001248,DEV-EMERGENCY-FIR-030,0,1,1,1,1,0.0,0.0,0,0,LOW,0
CFG-0001249,DEV-MAIN-IOT-005,0,1,1,1,1,0.0,0.0,0,0,LOW,0
CFG-0001250,DEV-ONCOLOGY-IOT-070,1,1,1,1,1,0.4,0.0,0,1,HIGH,2
CFG-0001251,DEV-RESEARCH-SWI-100,0,1,1,1,1,0.0,0.0,0,0,LOW,0
CFG-0001252,DEV-DIAG-EDG-080,0,1,1,1,1,0.0,0.0,0,0,LOW,0
CFG-0001253,DEV-EMERGENCY-SWI-066,0,1,1,1,1,0.0,0.0,0,0,LOW,0
CFG-0001254,DEV-MAIN-EDG-014,0,1,1,1,1,0.0,0.0,0,0,LOW,0
CFG-0001255,DEV-CLINIC-FIR-087,0,1,1,1,1,0.0,0.0,0,0,LOW,0
CFG-0001256,DEV-DIAG-COR-009,0,1,1,1,1,0.0,0.0,1,0,LOW,0
CFG-0001257,DEV-ONCOLOGY-ACC-016,0,1,1,1,1,0.0,0.0,0,0,LOW,0
CFG-0001258,DEV-EMERGENCY-FIR-030,0,1,0,1,1,0.3,0.0,0,1,HIGH,2
CFG-0001259,DEV-DIAG-EDG-080,0,1,1,1,1,0.0,0.0,0,0,LOW,0
CFG-0001260,DEV-PHARM-VPN-102,0,1,1,1,1,0.0,0.0,0,0,LOW,0
CFG-0001261,DEV-CLINIC-SWI-082,0,1,1,1,1,0.0,0.0,0,0,LOW,0
CFG-0001262,DEV-MAIN-ACC-090,0,1,1,1,1,0.0,0.0,1,0,LOW,0
CFG-0001263,DEV-ADMIN-FIR-024,1,1,1,1,1,0.4,0.0,0,1,HIGH,2
CFG-0001264,DEV-PHARM-ACC-083,0,1,1,1,1,0.0,0.0,0,0,LOW,0
CFG-0001265,DEV-DIAG-SWI-060,0,1,1,1,1,0.0,0.0,0,0,LOW,0
CFG-0001266,DEV-CARDIO-IOT-006,0,1,1,1,1,0.0,0.0,0,0,LOW,0
CFG-0001267,DEV-CLINIC-VPN-029,0,1,1,1,1,0.0,0.0,0,0,LOW,0
CFG-0001268,DEV-MAIN-FIR-091,1,1,1,1,1,0.4,0.0,0,1,HIGH,2
CFG-0001269,DEV-CARDIO-FIR-089,0,1,1,1,1,0.0,0.0,0,0,LOW,0
CFG-0001270,DEV-MAIN-SWI-044,0,1,1,0,1,0.0,0.5,1,1,LOW,0
CFG-0001271,DEV-EMERGENCY-COR-022,0,1,1,1,1,0.0,0.0,0,0,LOW,0
CFG-0001272,DEV-MAIN-SWI-017,1,1,1,1,1,0.4,0.0,1,1,LOW,0
CFG-0001273,DEV-ADMIN-SWI-049,0,1,1,1,1,0.0,0.0,0,0,LOW,0
CFG-0001274,DEV-CARDIO-COR-063,0,1,1,1,1,0.0,0.0,0,0,LOW,0
CFG-0001275,DEV-DIAG-FIR-108,0,1,1,1,1,0.0,0.0,0,0,LOW,0
CFG-0001276,DEV-EMERGENCY-COR-065,0,1,1,1,1,0.0,0.0,1,0,LOW,0
CFG-0001277,DEV-CLINIC-ACC-033,0,1,1,1,1,0.0,0.0,0,0,LOW,0
CFG-0001278,DEV-EMERGENCY-VPN-094,0,1,1,1,1,0.0,0.0,1,0,LOW,0
CFG-0001279,DEV-EMERGENCY-SWI-099,0,1,1,1,1,0.0,0.0,0,0,LOW,0
CFG-0001280,DEV-PEDS-WIR-095,0,1,1,1,1,0.0,0.0,0,0,LOW,0
CFG-0001281,DEV-ADMIN-SWI-049,0,1,1,1,1,0.0,0.0,0,0,LOW,0
CFG-0001282,DEV-ADMIN-FIR-024,0,1,1,1,1,0.0,0.0,1,0,LOW,0
CFG-0001283,DEV-CARDIO-FIR-089,0,1,1,1,0,0.0,0.5,0,0,LOW,0
CFG-0001284,DEV-PEDS-IOT-046,0,1,1,1,1,0.0,0.0,1,0,LOW,0
CFG-0001285,DEV-PHARM-ACC-083,0,1,1,1,1,0.0,0.0,0,0,LOW,0
CFG-0001286,DEV-MAIN-SWI-042,0,1,1,1,1,0.0,0.0,0,0,LOW,0
CFG-0001287,DEV-CLINIC-ACC-027,0,1,1,1,1,0.0,0.0,0,0,LOW,0
CFG-0001288,DEV-MAIN-EDG-014,0,1,1,1,1,0.0,0.0,0,0,LOW,0
CFG-0001289,DEV-EMERGENCY-VPN-002,0,1,0,1,1,0.3,0.0,1,1,LOW,0
CFG-0001290,DEV-CLINIC-VPN-098,0,1,1,1,0,0.0,0.5,0,0,LOW,0
CFG-0001291,DEV-CARDIO-IOT-110,0,1,1,0,1,0.0,0.5,0,1,MEDIUM,1
CFG-0001292,DEV-CARDIO-FIR-088,0,1,1,1,1,0.0,0.0,1,0,LOW,0
CFG-0001293,DEV-PHARM-FIR-101,0,1,0,1,1,0.3,0.0,0,1,HIGH,2
CFG-0001294,DEV-DIAG-FIR-108,0,1,1,1,1,0.0,0.0,0,0,LOW,0
CFG-0001295,DEV-ONCOLOGY-VPN-075,0,1,1,1,1,0.0,0.0,0,0,LOW,0
CFG-0001296,DEV-ADMIN-FIR-024,1,1,1,1,1,0.4,0.0,0,1,HIGH,2
CFG-0001297,DEV-PEDS-IOT-035,0,1,1,1,1,0.0,0.0,1,0,LOW,0
CFG-0001298,DEV-DIAG-SWI-060,0,1,1,1,0,0.0,0.5,0,0,LOW,0
CFG-0001299,DEV-MAIN-VPN-026,0,1,1,1,1,0.0,0.0,0,0,LOW,0
CFG-0001300,DEV-PEDS-WIR-040,0,1,0,1,1,0.3,0.0,0,1,HIGH,2
CFG-0001301,DEV-ONCOLOGY-VPN-075,1,1,1,1,1,0.4,0.0,0,1,HIGH,2
CFG-0001302,DEV-RESEARCH-FIR-086,0,1,0,1,1,0.3,0.0,0,1,HIGH,2
CFG-0001303,DEV-DIAG-SWI-060,0,1,1,1,1,0.0,0.0,0,0,LOW,0
CFG-0001304,DEV-EMERGENCY-VPN-002,0,1,1,1,1,0.0,0.0,0,0,LOW,0
CFG-0001305,DEV-EMERGENCY-FIR-030,1,1,1,1,1,0.4,0.0,0,1,HIGH,2
CFG-0001306,DEV-EMERGENCY-SWI-096,0,1,1,1,1,0.0,0.0,0,0,LOW,0
CFG-0001307,DEV-CARDIO-ACC-068,0,1,1,1,1,0.0,0.0,0,0,LOW,0
CFG-0001308,DEV-EMERGENCY-VPN-002,0,1,1,1,1,0.0,0.0,1,0,LOW,0
CFG-0001309,DEV-EMERGENCY-IOT-073,1,1,1,1,1,0.4,0.0,0,1,HIGH,2
CFG-0001310,DEV-CARDIO-COR-063,0,1,1,1,1,0.0,0.0,0,0,LOW,0
CFG-0001311,DEV-PHARM-VPN-023,1,1,1,1,1,0.4,0.0,0,1,HIGH,2
CFG-0001312,DEV-RESEARCH-FIR-056,0,1,1,1,1,0.0,0.0,0,0,LOW,0
CFG-0001313,DEV-CARDIO-SWI-074,1,1,1,1,1,0.4,0.0,1,1,LOW,0
CFG-0001314,DEV-MAIN-VPN-026,0,1,1,1,1,0.0,0.0,0,0,LOW,0
CFG-0001315,DEV-DIAG-ACC-036,0,1,1,1,1,0.0,0.0,0,0,LOW,0
CFG-0001317,DEV-MAIN-WIR-043,0,1,1,1,1,0.0,0.0,1,0,LOW,0
CFG-0001318,DEV-CLINIC-WIR-097,1,1,1,1,1,0.4,0.0,1,1,LOW,0
CFG-0001319,DEV-PHARM-FIR-028,0,1,1,1,0,0.0,0.5,0,0,LOW,0
CFG-0001320,DEV-CLINIC-VPN-098,0,1,1,1,1,0.0,0.0,0,0,LOW,0
CFG-0001321,DEV-RESEARCH-SWI-001,0,1,1,1,1,0.0,0.0,1,0,LOW,0
CFG-0001322,DEV-DIAG-ACC-036,0,1,1,1,1,0.0,0.0,1,0,LOW,0
CFG-0001323,DEV-PEDS-IOT-035,0,1,1,1,1,0.0,0.0,1,0,LOW,0
CFG-0001324,DEV-CLINIC-ACC-027,0,1,1,0,1,0.0,0.5,0,1,MEDIUM,1
CFG-0001325,DEV-CLINIC-ACC-033,0,1,1,0,1,0.0,0.5,0,1,MEDIUM,1
CFG-0001326,DEV-CARDIO-EDG-085,0,1,1,1,0,0.0,0.5,1,0,LOW,0
CFG-0001327,DEV-RESEARCH-SWI-020,0,1,0,1,1,0.3,0.0,1,1,LOW,0
CFG-0001328,DEV-CLINIC-IOT-041,0,1,1,1,1,0.0,0.0,0,0,LOW,0
CFG-0001329,DEV-RESEARCH-EDG-057,0,1,0,1,1,0.3,0.0,0,1,HIGH,2
CFG-0001330,DEV-DIAG-EDG-080,0,1,1,1,1,0.0,0.0,0,0,LOW,0
CFG-0001331,DEV-MAIN-SWI-044,0,1,1,1,1,0.0,0.0,0,0,LOW,0
CFG-0001332,DEV-EMERGENCY-SWI-096,1,1,1,1,1,0.4,0.0,0,1,HIGH,2
CFG-0001333,DEV-ADMIN-IOT-003,0,1,1,1,0,0.0,0.5,0,0,LOW,0
CFG-0001334,DEV-PHARM-FIR-028,0,1,1,1,1,0.0,0.0,0,0,LOW,0
CFG-0001335,DEV-ADMIN-IOT-003,0,1,1,1,1,0.0,0.0,1,0,LOW,0
CFG-0001336,DEV-MAIN-WIR-043,0,1,1,1,1,0.0,0.0,0,0,LOW,0
CFG-0001337,DEV-EMERGENCY-IOT-073,0,1,1,1,1,0.0,0.0,0,0,LOW,0
CFG-0001338,DEV-EMERGENCY-FIR-030,0,1,0,1,1,0.3,0.0,0,1,HIGH,2
CFG-0001339,DEV-EMERGENCY-SWI-066,0,1,1,1,1,0.0,0.0,0,0,LOW,0
CFG-0001340,DEV-CLINIC-SWI-082,0,1,1,1,1,0.0,0.0,0,0,LOW,0
CFG-0001341,DEV-EMERGENCY-SWI-066,0,1,1,1,1,0.0,0.0,0,0,LOW,0
CFG-0001342,DEV-ONCOLOGY-ACC-053,0,1,1,1,1,0.0,0.0,0,0,LOW,0
CFG-0001343,DEV-CARDIO-IOT-110,0,1,1,1,1,0.0,0.0,1,0,LOW,0
CFG-0001344,DEV-PHARM-ACC-083,0,1,1,1,1,0.0,0.0,1,0,LOW,0
CFG-0001345,DEV-CARDIO-COR-063,0,1,0,1,1,0.3,0.0,0,1,HIGH,2
CFG-0001346,DEV-CLINIC-ACC-034,0,1,1,1,1,0.0,0.0,1,0,LOW,0
CFG-0001347,DEV-PEDS-WIR-007,0,1,1,0,1,0.0,0.5,0,1,MEDIUM,1
CFG-0001348,DEV-CLINIC-SWI-082,0,1,1,1,1,0.0,0.0,0,0,LOW,0
CFG-0001349,DEV-DIAG-FIR-108,0,1,1,1,1,0.0,0.0,0,0,LOW,0
CFG-0001350,DEV-PHARM-EDG-038,0,1,1,1,1,0.0,0.0,1,0,LOW,0
CFG-0001351,DEV-RESEARCH-SWI-001,0,1,1,1,0,0.0,0.5,0,0,LOW,0
CFG-0001352,DEV-MAIN-FIR-091,0,1,1,1,1,0.0,0.0,0,0,LOW,0
CFG-0001353,DEV-PHARM-FIR-010,0,1,1,1,1,0.0,0.0,0,0,LOW,0
CFG-0001354,DEV-ONCOLOGY-ACC-053,0,1,1,1,1,0.0,0.0,0,0,LOW,0
CFG-0001355,DEV-DIAG-SWI-092,0,1,1,1,1,0.0,0.0,0,0,LOW,0
CFG-0001356,DEV-DIAG-SWI-092,0,1,1,1,1,0.0,0.0,0,0,LOW,0
CFG-0001357,DEV-PHARM-COR-106,0,1,1,1,1,0.0,0.0,1,0,LOW,0
CFG-0001358,DEV-EMERGENCY-FIR-058,0,1,1,1,1,0.0,0.0,1,0,LOW,0
CFG-0001359,DEV-RESEARCH-FIR-086,0,1,1,1,1,0.0,0.0,0,0,LOW,0
CFG-0001360,DEV-CARDIO-COR-063,0,1,1,1,1,0.0,0.0,0,0,LOW,0
CFG-0001361,DEV-ONCOLOGY-SWI-039,0,1,1,1,1,0.0,0.0,0,0,LOW,0
CFG-0001362,DEV-ADMIN-IOT-003,0,1,1,1,1,0.0,0.0,0,0,LOW,0
CFG-0001363,DEV-ADMIN-EDG-050,0,1,1,1,1,0.0,0.0,0,0,LOW,0
CFG-0001364,DEV-CARDIO-VPN-011,0,1,1,1,1,0.0,0.0,0,0,LOW,0
CFG-0001365,DEV-EMERGENCY-VPN-002,1,1,1,1,0,0.4,0.5,0,1,HIGH,2
CFG-0001366,DEV-RESEARCH-SWI-100,0,1,1,1,0,0.0,0.5,0,0,LOW,0
CFG-0001367,DEV-RESEARCH-FIR-031,0,1,1,1,1,0.0,0.0,1,0,LOW,0
CFG-0001368,DEV-CARDIO-EDG-085,0,1,1,0,1,0.0,0.5,0,1,MEDIUM,1
CFG-0001369,DEV-CLINIC-FIR-087,0,1,1,1,1,0.0,0.0,1,0,LOW,0
CFG-0001370,DEV-CLINIC-ACC-109,1,1,1,1,1,0.4,0.0,0,1,HIGH,2
CFG-0001371,DEV-CLINIC-ACC-109,0,1,1,1,1,0.0,0.0,1,0,LOW,0
CFG-0001372,DEV-MAIN-SWI-044,0,1,1,1,1,0.0,0.0,0,0,LOW,0
CFG-0001373,DEV-DIAG-FIR-108,0,1,1,1,1,0.0,0.0,0,0,LOW,0
CFG-0001374,DEV-ADMIN-VPN-021,0,1,1,1,1,0.0,0.0,0,0,LOW,0
CFG-0001375,DEV-CARDIO-ACC-068,0,1,1,1,1,0.0,0.0,1,0,LOW,0
CFG-0001376,DEV-PEDS-VPN-025,0,1,1,1,1,0.0,0.0,1,0,LOW,0
CFG-0001377,DEV-PHARM-VPN-023,0,1,1,1,1,0.0,0.0,0,0,LOW,0
CFG-0001378,DEV-PHARM-VPN-047,0,1,1,1,1,0.0,0.0,0,0,LOW,0
CFG-0001379,DEV-CLINIC-VPN-098,0,1,1,0,1,0.0,0.5,0,1,MEDIUM,1
CFG-0001380,DEV-MAIN-EDG-071,0,1,1,0,1,0.0,0.5,1,1,LOW,0
CFG-0001381,DEV-PHARM-FIR-010,0,1,1,1,1,0.0,0.0,0,0,LOW,0
CFG-0001382,DEV-DIAG-ACC-036,0,1,1,1,1,0.0,0.0,0,0,LOW,0
CFG-0001383,DEV-CLINIC-ACC-027,0,1,0,1,1,0.3,0.0,1,1,LOW,0
CFG-0001384,DEV-CARDIO-EDG-085,0,1,1,1,1,0.0,0.0,0,0,LOW,0
CFG-0001385,DEV-MAIN-SWI-042,0,1,1,1,0,0.0,0.5,0,0,LOW,0
CFG-0001386,DEV-ONCOLOGY-IOT-059,0,1,1,1,1,0.0,0.0,0,0,LOW,0
CFG-0001387,DEV-RESEARCH-FIR-056,0,1,1,1,1,0.0,0.0,0,0,LOW,0
CFG-0001388,DEV-MAIN-SWI-042,0,1,1,1,1,0.0,0.0,0,0,LOW,0
CFG-0001389,DEV-EMERGENCY-SWI-052,0,1,1,1,1,0.0,0.0,0,0,LOW,0
CFG-0001390,DEV-DIAG-SWI-060,0,1,1,1,0,0.0,0.5,0,0,LOW,0
CFG-0001391,DEV-CLINIC-EDG-048,1,1,1,1,1,0.4,0.0,1,1,LOW,0
CFG-0001392,DEV-DIAG-EDG-067,0,1,1,1,1,0.0,0.0,1,0,LOW,0
CFG-0001393,DEV-CARDIO-SWI-062,1,1,1,1,1,0.4,0.0,0,1,HIGH,2
CFG-0001394,DEV-PEDS-COR-019,0,1,1,1,1,0.0,0.0,0,0,LOW,0
CFG-0001395,DEV-RESEARCH-FIR-056,0,1,0,1,1,0.3,0.0,0,1,HIGH,2
CFG-0001396,DEV-EMERGENCY-VPN-002,0,1,1,1,1,0.0,0.0,0,0,LOW,0
CFG-0001397,DEV-EMERGENCY-SWI-052,0,1,1,1,1,0.0,0.0,0,0,LOW,0
CFG-0001398,DEV-RESEARCH-IOT-072,0,1,1,1,1,0.0,0.0,0,0,LOW,0
CFG-0001399,DEV-ADMIN-VPN-021,0,1,1,1,1,0.0,0.0,1,0,LOW,0
CFG-0001400,DEV-MAIN-WIR-043,0,1,1,1,1,0.0,0.0,1,0,LOW,0
CFG-0001401,DEV-MAIN-EDG-071,0,1,1,1,1,0.0,0.0,0,0,LOW,0
CFG-0001402,DEV-MAIN-VPN-026,0,1,1,1,1,0.0,0.0,1,0,LOW,0
CFG-0001403,DEV-PHARM-IOT-107,0,1,1,1,1,0.0,0.0,0,0,LOW,0
CFG-0001404,DEV-RESEARCH-FIR-056,1,1,1,1,1,0.4,0.0,0,1,HIGH,2
CFG-0001405,DEV-PHARM-FIR-101,0,1,1,1,1,0.0,0.0,0,0,LOW,0
CFG-0001406,DEV-RESEARCH-VPN-045,0,1,1,1,1,0.0,0.0,0,0,LOW,0
CFG-0001407,DEV-EMERGENCY-VPN-002,0,1,1,1,0,0.0,0.5,1,0,LOW,0
CFG-0001408,DEV-CARDIO-SWI-062,0,1,1,1,1,0.0,0.0,0,0,LOW,0
CFG-0001409,DEV-DIAG-FIR-108,0,1,1,1,1,0.0,0.0,0,0,LOW,0
CFG-0001410,DEV-RESEARCH-VPN-045,0,1,1,1,1,0.0,0.0,1,0,LOW,0
CFG-0001411,DEV-DIAG-SWI-032,0,1,1,1,1,0.0,0.0,0,0,LOW,0
CFG-0001412,DEV-DIAG-COR-009,0,1,1,1,1,0.0,0.0,0,0,LOW,0
CFG-0001413,DEV-CARDIO-EDG-085,0,1,1,1,1,0.0,0.0,0,0,LOW,0
CFG-0001414,DEV-MAIN-EDG-014,0,1,1,1,1,0.0,0.0,1,0,LOW,0
CFG-0001415,DEV-PEDS-IOT-035,0,1,1,1,1,0.0,0.0,1,0,LOW,0
CFG-0001416,DEV-ONCOLOGY-SWI-039,0,1,1,1,1,0.0,0.0,1,0,LOW,0
CFG-0001417,DEV-ADMIN-IOT-003,0,1,1,1,1,0.0,0.0,1,0,LOW,0
CFG-0001418,DEV-CARDIO-SWI-062,1,1,1,1,1,0.4,0.0,0,1,HIGH,2
CFG-0001419,DEV-PEDS-COR-019,0,1,1,1,1,0.0,0.0,0,0,LOW,0
CFG-0001420,DEV-PHARM-EDG-038,0,1,1,1,1,0.0,0.0,1,0,LOW,0
CFG-0001421,DEV-RESEARCH-VPN-045,0,1,1,1,1,0.0,0.0,0,0,LOW,0
CFG-0001422,DEV-DIAG-SWI-032,0,1,1,1,1,0.0,0.0,0,0,LOW,0
CFG-0001423,DEV-DIAG-EDG-067,0,1,1,1,1,0.0,0.0,0,0,LOW,0
CFG-0001424,DEV-RESEARCH-SWI-001,0,1,1,1,1,0.0,0.0,1,0,LOW,0
CFG-0001425,DEV-ADMIN-VPN-021,0,1,1,0,1,0.0,0.5,1,1,LOW,0
CFG-0001426,DEV-CARDIO-FIR-088,0,1,1,1,1,0.0,0.0,0,0,LOW,0
CFG-0001427,DEV-RESEARCH-FIR-078,0,1,1,1,1,0.0,0.0,1,0,LOW,0
CFG-0001428,DEV-PEDS-WIR-007,0,1,1,1,1,0.0,0.0,0,0,LOW,0
CFG-0001429,DEV-RESEARCH-IOT-072,0,1,1,1,1,0.0,0.0,0,0,LOW,0
CFG-0001430,DEV-ONCOLOGY-ACC-053,0,1,1,1,1,0.0,0.0,1,0,LOW,0
CFG-0001431,DEV-MAIN-FIR-064,0,1,1,1,1,0.0,0.0,0,0,LOW,0
CFG-0001434,DEV-CLINIC-VPN-051,0,1,1,1,1,0.0,0.0,0,0,LOW,0
CFG-0001435,DEV-EMERGENCY-VPN-002,0,1,1,1,1,0.0,0.0,0,0,LOW,0
CFG-0001436,DEV-EMERGENCY-COR-065,0,1,1,1,1,0.0,0.0,0,0,LOW,0
CFG-0001437,DEV-PHARM-FIR-028,0,1,1,0,1,0.0,0.5,0,1,MEDIUM,1
CFG-0001438,DEV-CLINIC-ACC-109,0,1,1,1,1,0.0,0.0,1,0,LOW,0
CFG-0001439,DEV-CLINIC-ACC-033,0,1,1,1,1,0.0,0.0,0,0,LOW,0
CFG-0001440,DEV-ONCOLOGY-FIR-061,0,1,1,0,1,0.0,0.5,0,1,MEDIUM,1
CFG-0001441,DEV-CARDIO-FIR-089,1,1,1,1,1,0.4,0.0,0,1,HIGH,2
CFG-0001442,DEV-ADMIN-COR-105,0,1,1,1,1,0.0,0.0,0,0,LOW,0
CFG-0001443,DEV-EMERGENCY-IOT-015,0,1,1,1,1,0.0,0.0,0,0,LOW,0
CFG-0001444,DEV-MAIN-SWI-017,0,1,1,1,0,0.0,0.5,0,0,LOW,0
CFG-0001445,DEV-CARDIO-ACC-008,0,1,1,1,1,0.0,0.0,0,0,LOW,0
CFG-0001446,DEV-MAIN-WIR-043,0,1,1,1,1,0.0,0.0,0,0,LOW,0
CFG-0001447,DEV-PHARM-EDG-038,0,1,0,1,1,0.3,0.0,0,1,HIGH,2
CFG-0001448,DEV-EMERGENCY-VPN-002,0,1,1,1,1,0.0,0.0,0,0,LOW,0
CFG-0001449,DEV-CARDIO-VPN-011,0,1,1,1,1,0.0,0.0,0,0,LOW,0
CFG-0001450,DEV-ONCOLOGY-WIR-037,0,1,1,1,1,0.0,0.0,0,0,LOW,0
CFG-0001451,DEV-CLINIC-ACC-033,1,1,1,1,1,0.4,0.0,0,1,HIGH,2
CFG-0001452,DEV-ADMIN-IOT-003,0,1,1,1,1,0.0,0.0,1,0,LOW,0
CFG-0001453,DEV-CARDIO-EDG-085,0,1,1,1,1,0.0,0.0,0,0,LOW,0
CFG-0001454,DEV-ONCOLOGY-IOT-059,0,1,1,0,1,0.0,0.5,1,1,LOW,0
CFG-0001455,DEV-ONCOLOGY-ACC-016,0,1,1,0,1,0.0,0.5,0,1,MEDIUM,1
CFG-0001456,DEV-PEDS-COR-019,0,1,1,1,0,0.0,0.5,0,0,LOW,0
CFG-0001457,DEV-CARDIO-IOT-006,0,1,1,1,1,0.0,0.0,1,0,LOW,0
CFG-0001458,DEV-EMERGENCY-IOT-073,0,1,1,1,1,0.0,0.0,0,0,LOW,0
CFG-0001459,DEV-CLINIC-FIR-087,0,1,1,1,1,0.0,0.0,0,0,LOW,0
CFG-0001460,DEV-PHARM-FIR-028,0,1,1,0,1,0.0,0.5,0,1,MEDIUM,1
CFG-0001461,DEV-PHARM-VPN-004,0,1,1,1,1,0.0,0.0,0,0,LOW,0
CFG-0001462,DEV-MAIN-EDG-012,0,1,1,1,1,0.0,0.0,0,0,LOW,0
CFG-0001463,DEV-ADMIN-IOT-003,0,1,1,1,1,0.0,0.0,0,0,LOW,0
CFG-0001464,DEV-ADMIN-EDG-050,0,1,1,1,1,0.0,0.0,0,0,LOW,0
CFG-0001465,DEV-PHARM-FIR-028,1,1,1,1,1,0.4,0.0,0,1,HIGH,2
CFG-0001466,DEV-CLINIC-FIR-087,0,1,1,1,1,0.0,0.0,0,0,LOW,0
CFG-0001467,DEV-PEDS-VPN-025,0,1,0,1,1,0.3,0.0,1,1,LOW,0
CFG-0001468,DEV-MAIN-IOT-005,0,1,1,1,1,0.0,0.0,0,0,LOW,0
CFG-0001469,DEV-CLINIC-WIR-097,0,1,1,1,1,0.0,0.0,0,0,LOW,0
CFG-0001470,DEV-DIAG-COR-009,0,1,1,1,1,0.0,0.0,0,0,LOW,0
CFG-0001471,DEV-RESEARCH-FIR-056,0,1,1,1,1,0.0,0.0,0,0,LOW,0
CFG-0001472,DEV-CLINIC-ACC-034,0,1,1,1,1,0.0,0.0,0,0,LOW,0
CFG-0001473,DEV-DIAG-ACC-036,1,1,1,1,1,0.4,0.0,0,1,HIGH,2
CFG-0001474,DEV-RESEARCH-SWI-079,0,1,1,1,1,0.0,0.0,0,0,LOW,0
CFG-0001475,DEV-MAIN-SWI-017,0,1,1,1,1,0.0,0.0,1,0,LOW,0
CFG-0001476,DEV-CLINIC-ACC-027,0,1,1,1,1,0.0,0.0,0,0,LOW,0
CFG-0001477,DEV-RESEARCH-SWI-079,0,1,1,1,1,0.0,0.0,1,0,LOW,0
CFG-0001478,DEV-CARDIO-IOT-110,0,1,1,1,1,0.0,0.0,0,0,LOW,0
CFG-0001479,DEV-EMERGENCY-IOT-073,0,1,1,1,1,0.0,0.0,0,0,LOW,0
CFG-0001480,DEV-DIAG-COR-009,0,1,1,1,1,0.0,0.0,0,0,LOW,0
CFG-0001481,DEV-EMERGENCY-FIR-030,0,1,1,1,0,0.0,0.5,1,0,LOW,0
CFG-0001482,DEV-EMERGENCY-VPN-002,0,1,1,1,1,0.0,0.0,0,0,LOW,0
CFG-0001483,DEV-PEDS-IOT-035,0,1,1,1,1,0.0,0.0,0,0,LOW,0
CFG-0001484,DEV-ONCOLOGY-IOT-059,0,1,1,1,1,0.0,0.0,0,0,LOW,0
CFG-0001485,DEV-RESEARCH-FIR-086,0,1,1,1,1,0.0,0.0,0,0,LOW,0
CFG-0001486,DEV-MAIN-SWI-044,0,1,1,1,1,0.0,0.0,1,0,LOW,0
CFG-0001487,DEV-PEDS-ACC-104,0,1,1,1,1,0.0,0.0,1,0,LOW,0
CFG-0001488,DEV-CARDIO-EDG-085,0,1,1,1,1,0.0,0.0,0,0,LOW,0
CFG-0001489,DEV-ONCOLOGY-FIR-061,0,1,1,0,1,0.0,0.5,1,1,LOW,0
CFG-0001490,DEV-ONCOLOGY-ACC-016,0,1,1,1,1,0.0,0.0,0,0,LOW,0
CFG-0001491,DEV-MAIN-EDG-012,0,1,1,1,1,0.0,0.0,1,0,LOW,0
CFG-0001492,DEV-CARDIO-SWI-074,1,1,1,1,1,0.4,0.0,0,1,HIGH,2
CFG-0001493,DEV-CLINIC-SWI-082,0,1,1,1,1,0.0,0.0,0,0,LOW,0
CFG-0001494,DEV-ONCOLOGY-VPN-075,0,1,1,1,1,0.0,0.0,1,0,LOW,0
CFG-0001495,DEV-RESEARCH-SWI-020,0,1,1,1,1,0.0,0.0,1,0,LOW,0
CFG-0001496,DEV-RESEARCH-IOT-072,0,1,1,1,1,0.0,0.0,0,0,LOW,0
CFG-0001497,DEV-RESEARCH-FIR-078,1,1,1,1,1,0.4,0.0,0,1,HIGH,2
CFG-0001498,DEV-MAIN-WIR-043,0,1,1,1,1,0.0,0.0,0,0,LOW,0
CFG-0001499,DEV-RESEARCH-EDG-057,0,1,1,1,1,0.0,0.0,0,0,LOW,0
CFG-0001500,DEV-PEDS-WIR-095,0,1,1,1,1,0.0,0.0,1,0,LOW,0
CFG-0001501,DEV-ONCOLOGY-WIR-037,0,1,1,1,1,0.0,0.0,1,0,LOW,0
CFG-0001502,DEV-MAIN-EDG-071,0,1,1,1,1,0.0,0.0,0,0,LOW,0
CFG-0001503,DEV-PEDS-ACC-104,0,1,0,1,1,0.3,0.0,0,1,HIGH,2
CFG-0001504,DEV-MAIN-ACC-077,0,1,1,1,1,0.0,0.0,1,0,LOW,0
CFG-0001505,DEV-CLINIC-ACC-033,0,1,1,1,1,0.0,0.0,1,0,LOW,0
CFG-0001506,DEV-DIAG-SWI-032,0,1,1,1,1,0.0,0.0,1,0,LOW,0
CFG-0001507,DEV-EMERGENCY-SWI-099,0,1,1,0,1,0.0,0.5,1,1,LOW,0
CFG-0001508,DEV-ONCOLOGY-FIR-061,0,1,1,1,1,0.0,0.0,0,0,LOW,0
CFG-0001509,DEV-RESEARCH-SWI-079,1,1,1,1,1,0.4,0.0,0,1,HIGH,2
CFG-0001510,DEV-PEDS-COR-054,0,1,1,1,1,0.0,0.0,0,0,LOW,0
CFG-0001511,DEV-PHARM-VPN-023,0,1,1,1,1,0.0,0.0,0,0,LOW,0
CFG-0001512,DEV-ONCOLOGY-ACC-053,0,1,1,1,1,0.0,0.0,1,0,LOW,0
CFG-0001513,DEV-EMERGENCY-VPN-002,0,1,1,1,1,0.0,0.0,1,0,LOW,0
CFG-0001514,DEV-CLINIC-SWI-082,0,1,1,1,1,0.0,0.0,0,0,LOW,0
CFG-0001515,DEV-EMERGENCY-COR-065,0,1,1,1,1,0.0,0.0,0,0,LOW,0
CFG-0001516,DEV-DIAG-SWI-060,0,1,0,1,1,0.3,0.0,0,1,HIGH,2
CFG-0001517,DEV-CLINIC-ACC-034,0,1,1,1,1,0.0,0.0,1,0,LOW,0
CFG-0001518,DEV-DIAG-SWI-060,0,1,1,1,1,0.0,0.0,0,0,LOW,0
CFG-0001519,DEV-CLINIC-ACC-109,0,1,1,1,1,0.0,0.0,1,0,LOW,0
CFG-0001520,DEV-EMERGENCY-IOT-015,0,1,1,1,1,0.0,0.0,0,0,LOW,0
CFG-0001521,DEV-DIAG-EDG-080,0,1,1,1,1,0.0,0.0,0,0,LOW,0
CFG-0001522,DEV-EMERGENCY-SWI-066,0,1,1,1,1,0.0,0.0,1,0,LOW,0
CFG-0001523,DEV-CARDIO-EDG-085,1,1,1,1,1,0.4,0.0,0,1,HIGH,2
CFG-0001524,DEV-EMERGENCY-FIR-058,0,1,1,1,1,0.0,0.0,0,0,LOW,0
CFG-0001525,DEV-EMERGENCY-SWI-099,0,1,0,1,1,0.3,0.0,1,1,LOW,0
CFG-0001526,DEV-ONCOLOGY-VPN-075,1,1,1,1,1,0.4,0.0,0,1,HIGH,2
CFG-0001527,DEV-ADMIN-WIR-013,0,1,1,1,1,0.0,0.0,0,0,LOW,0
CFG-0001528,DEV-MAIN-ACC-077,0,1,1,1,1,0.0,0.0,1,0,LOW,0
CFG-0001529,DEV-PHARM-VPN-004,0,1,1,1,1,0.0,0.0,1,0,LOW,0
CFG-0001530,DEV-RESEARCH-SWI-020,0,1,1,1,1,0.0,0.0,0,0,LOW,0
CFG-0001531,DEV-RESEARCH-FIR-031,0,1,1,1,1,0.0,0.0,1,0,LOW,0
CFG-0001532,DEV-PHARM-FIR-028,0,1,1,1,1,0.0,0.0,0,0,LOW,0
CFG-0001533,DEV-DIAG-ACC-036,0,1,1,1,1,0.0,0.0,0,0,LOW,0
CFG-0001534,DEV-CLINIC-VPN-098,0,1,1,1,1,0.0,0.0,1,0,LOW,0
CFG-0001535,DEV-CLINIC-EDG-048,0,1,0,1,1,0.3,0.0,0,1,HIGH,2
CFG-0001536,DEV-CARDIO-IOT-006,0,1,1,1,0,0.0,0.5,0,0,LOW,0
CFG-0001537,DEV-DIAG-EDG-067,0,1,1,1,1,0.0,0.0,0,0,LOW,0
CFG-0001538,DEV-RESEARCH-IOT-072,0,1,1,0,1,0.0,0.5,0,1,MEDIUM,1
CFG-0001539,DEV-RESEARCH-FIR-031,0,1,1,1,1,0.0,0.0,0,0,LOW,0
CFG-0001540,DEV-RESEARCH-IOT-072,0,1,1,1,1,0.0,0.0,1,0,LOW,0
CFG-0001541,DEV-PEDS-IOT-046,0,1,1,1,1,0.0,0.0,0,0,LOW,0
CFG-0001542,DEV-PHARM-VPN-102,0,1,0,1,1,0.3,0.0,0,1,HIGH,2
CFG-0001543,DEV-EMERGENCY-IOT-015,0,1,1,1,1,0.0,0.0,0,0,LOW,0
CFG-0001544,DEV-PEDS-WIR-095,0,1,0,1,1,0.3,0.0,0,1,HIGH,2
CFG-0001545,DEV-PHARM-EDG-038,0,1,1,1,1,0.0,0.0,0,0,LOW,0
CFG-0001546,DEV-PHARM-COR-106,0,1,0,1,1,0.3,0.0,1,1,LOW,0
CFG-0001547,DEV-MAIN-ACC-090,0,1,1,1,1,0.0,0.0,0,0,LOW,0
CFG-0001548,DEV-RESEARCH-SWI-001,0,1,1,1,1,0.0,0.0,1,0,LOW,0
CFG-0001549,DEV-DIAG-FIR-108,0,1,1,1,1,0.0,0.0,0,0,LOW,0
CFG-0001550,DEV-PHARM-VPN-047,0,1,1,1,1,0.0,0.0,0,0,LOW,0
CFG-0001551,DEV-PEDS-WIR-007,0,1,1,1,1,0.0,0.0,0,0,LOW,0
CFG-0001552,DEV-RESEARCH-FIR-031,0,1,1,1,1,0.0,0.0,0,0,LOW,0
CFG-0001553,DEV-MAIN-SWI-044,0,1,1,1,1,0.0,0.0,0,0,LOW,0
CFG-0001554,DEV-PEDS-COR-054,0,1,1,1,1,0.0,0.0,0,0,LOW,0
CFG-0001555,DEV-PEDS-IOT-035,1,1,1,1,1,0.4,0.0,1,1,LOW,0
CFG-0001556,DEV-CLINIC-EDG-048,0,1,1,1,1,0.0,0.0,1,0,LOW,0
CFG-0001557,DEV-CARDIO-FIR-088,0,1,1,1,1,0.0,0.0,1,0,LOW,0
CFG-0001558,DEV-MAIN-IOT-005,0,1,1,1,1,0.0,0.0,0,0,LOW,0
CFG-0001559,DEV-MAIN-WIR-043,1,1,1,1,1,0.4,0.0,0,1,HIGH,2
CFG-0001560,DEV-DIAG-SWI-092,0,1,1,1,1,0.0,0.0,0,0,LOW,0
CFG-0001561,DEV-PEDS-FIR-069,0,1,1,1,1,0.0,0.0,0,0,LOW,0
CFG-0001562,DEV-EMERGENCY-VPN-002,0,1,1,1,1,0.0,0.0,1,0,LOW,0
CFG-0001563,DEV-DIAG-COR-009,0,1,0,1,1,0.3,0.0,0,1,HIGH,2
CFG-0001564,DEV-MAIN-ACC-077,0,1,1,1,1,0.0,0.0,1,0,LOW,0
CFG-0001565,DEV-CARDIO-ACC-008,0,1,1,1,1,0.0,0.0,0,0,LOW,0
CFG-0001566,DEV-PEDS-ACC-104,1,1,1,1,1,0.4,0.0,0,1,HIGH,2
CFG-0001567,DEV-PEDS-IOT-046,0,1,1,1,1,0.0,0.0,0,0,LOW,0
CFG-0001568,DEV-CLINIC-VPN-098,0,1,1,1,1,0.0,0.0,1,0,LOW,0
CFG-0001569,DEV-ONCOLOGY-ACC-053,0,1,1,1,1,0.0,0.0,1,0,LOW,0
CFG-0001570,DEV-EMERGENCY-VPN-002,0,1,1,1,1,0.0,0.0,0,0,LOW,0
CFG-0001571,DEV-CLINIC-SWI-082,0,1,1,1,1,0.0,0.0,0,0,LOW,0
CFG-0001572,DEV-ADMIN-VPN-021,0,1,1,1,1,0.0,0.0,0,0,LOW,0
CFG-0001573,DEV-EMERGENCY-FIR-030,0,1,1,1,1,0.0,0.0,0,0,LOW,0
CFG-0001574,DEV-EMERGENCY-FIR-030,0,1,1,1,1,0.0,0.0,0,0,LOW,0
CFG-0001575,DEV-RESEARCH-EDG-057,0,1,1,1,1,0.0,0.0,0,0,LOW,0
CFG-0001576,DEV-RESEARCH-SWI-020,0,1,1,1,1,0.0,0.0,1,0,LOW,0
CFG-0001577,DEV-CARDIO-ACC-008,0,1,1,1,1,0.0,0.0,1,0,LOW,0
CFG-0001578,DEV-CARDIO-ACC-068,0,1,0,1,1,0.3,0.0,0,1,HIGH,2
CFG-0001579,DEV-RESEARCH-FIR-056,0,1,1,1,1,0.0,0.0,1,0,LOW,0
CFG-0001580,DEV-CLINIC-EDG-048,0,1,1,1,1,0.0,0.0,0,0,LOW,0
CFG-0001581,DEV-EMERGENCY-SWI-052,1,1,1,1,1,0.4,0.0,0,1,HIGH,2
CFG-0001582,DEV-PHARM-FIR-101,0,1,1,1,1,0.0,0.0,1,0,LOW,0
CFG-0001583,DEV-RESEARCH-VPN-045,0,1,1,1,1,0.0,0.0,0,0,LOW,0
CFG-0001584,DEV-RESEARCH-SWI-020,0,1,1,1,1,0.0,0.0,0,0,LOW,0
CFG-0001585,DEV-CLINIC-VPN-029,0,1,1,1,1,0.0,0.0,0,0,LOW,0
CFG-0001586,DEV-PHARM-VPN-047,0,1,1,1,1,0.0,0.0,0,0,LOW,0
CFG-0001587,DEV-MAIN-VPN-026,0,1,0,1,1,0.3,0.0,0,1,HIGH,2
CFG-0001588,DEV-RESEARCH-VPN-045,0,1,1,0,1,0.0,0.5,0,1,MEDIUM,1
CFG-0001589,DEV-ADMIN-FIR-093,0,1,1,1,1,0.0,0.0,0,0,LOW,0
CFG-0001590,DEV-RESEARCH-IOT-072,0,1,1,1,1,0.0,0.0,0,0,LOW,0
CFG-0001591,DEV-RESEARCH-FIR-056,1,1,1,1,1,0.4,0.0,0,1,HIGH,2
CFG-0001592,DEV-ONCOLOGY-IOT-070,0,1,1,1,1,0.0,0.0,1,0,LOW,0
CFG-0001593,DEV-ADMIN-WIR-013,0,1,1,1,1,0.0,0.0,0,0,LOW,0
CFG-0001594,DEV-ADMIN-COR-105,1,1,1,1,1,0.4,0.0,1,1,LOW,0
CFG-0001595,DEV-RESEARCH-FIR-056,0,1,1,1,1,0.0,0.0,0,0,LOW,0
CFG-0001596,DEV-PEDS-IOT-035,0,1,1,1,1,0.0,0.0,0,0,LOW,0
CFG-0001597,DEV-ADMIN-FIR-093,0,1,1,0,1,0.0,0.5,1,1,LOW,0
CFG-0001598,DEV-EMERGENCY-COR-065,1,1,1,1,1,0.4,0.0,0,1,HIGH,2
CFG-0001599,DEV-PHARM-VPN-047,0,1,1,1,1,0.0,0.0,0,0,LOW,0
CFG-0001600,DEV-CLINIC-FIR-087,0,1,1,1,1,0.0,0.0,0,0,LOW,0
CFG-0001601,DEV-RESEARCH-SWI-079,1,1,1,1,1,0.4,0.0,0,1,HIGH,2
CFG-0001602,DEV-ADMIN-FIR-024,0,1,1,1,1,0.0,0.0,0,0,LOW,0
CFG-0001603,DEV-CLINIC-ACC-109,0,1,1,1,1,0.0,0.0,0,0,LOW,0
CFG-0001604,DEV-PHARM-FIR-010,0,1,1,1,1,0.0,0.0,0,0,LOW,0
CFG-0001605,DEV-MAIN-IOT-005,0,1,1,1,1,0.0,0.0,0,0,LOW,0
CFG-0001606,DEV-MAIN-SWI-017,0,1,1,1,1,0.0,0.0,1,0,LOW,0
CFG-0001607,DEV-PEDS-FIR-069,0,1,1,1,1,0.0,0.0,0,0,LOW,0
CFG-0001608,DEV-MAIN-SWI-044,0,1,1,1,1,0.0,0.0,1,0,LOW,0
CFG-0001609,DEV-DIAG-SWI-032,0,1,1,1,1,0.0,0.0,0,0,LOW,0
CFG-0001610,DEV-RESEARCH-SWI-100,1,1,1,1,1,0.4,0.0,0,1,HIGH,2
CFG-0001611,DEV-CARDIO-VPN-011,0,1,1,1,1,0.0,0.0,0,0,LOW,0
CFG-0001612,DEV-PHARM-FIR-028,0,1,1,1,1,0.0,0.0,0,0,LOW,0
CFG-0001613,DEV-MAIN-ACC-090,0,1,1,1,1,0.0,0.0,1,0,LOW,0
CFG-0001614,DEV-RESEARCH-EDG-057,0,1,0,1,1,0.3,0.0,1,1,LOW,0
CFG-0001615,DEV-PEDS-COR-054,0,1,1,1,1,0.0,0.0,0,0,LOW,0
CFG-0001616,DEV-CARDIO-IOT-110,0,1,1,1,1,0.0,0.0,0,0,LOW,0
CFG-0001617,DEV-ADMIN-EDG-050,0,1,1,1,1,0.0,0.0,1,0,LOW,0
CFG-0001618,DEV-DIAG-COR-009,0,1,1,1,1,0.0,0.0,0,0,LOW,0
CFG-0001619,DEV-PEDS-FIR-069,0,1,1,1,1,0.0,0.0,0,0,LOW,0
CFG-0001620,DEV-EMERGENCY-FIR-058,0,1,1,1,1,0.0,0.0,0,0,LOW,0
CFG-0001621,DEV-EMERGENCY-FIR-058,0,1,1,1,1,0.0,0.0,0,0,LOW,0
CFG-0001622,DEV-PEDS-ACC-104,0,1,0,1,1,0.3,0.0,1,1,LOW,0
CFG-0001623,DEV-MAIN-IOT-005,0,1,1,1,1,0.0,0.0,0,0,LOW,0
CFG-0001624,DEV-PEDS-WIR-040,0,1,1,1,1,0.0,0.0,0,0,LOW,0
CFG-0001625,DEV-CLINIC-ACC-034,0,1,1,1,1,0.0,0.0,1,0,LOW,0
CFG-0001626,DEV-MAIN-SWI-042,0,1,1,1,1,0.0,0.0,0,0,LOW,0
CFG-0001627,DEV-EMERGENCY-SWI-099,0,1,1,1,1,0.0,0.0,1,0,LOW,0
CFG-0001628,DEV-CLINIC-FIR-087,0,1,1,1,1,0.0,0.0,0,0,LOW,0
CFG-0001629,DEV-MAIN-EDG-014,0,1,1,1,1,0.0,0.0,0,0,LOW,0
CFG-0001630,DEV-CARDIO-ACC-008,0,1,1,1,1,0.0,0.0,0,0,LOW,0
CFG-0001631,DEV-MAIN-WIR-043,0,1,1,1,1,0.0,0.0,1,0,LOW,0
CFG-0001632,DEV-EMERGENCY-SWI-052,0,1,1,1,1,0.0,0.0,0,0,LOW,0
CFG-0001633,DEV-ONCOLOGY-IOT-059,0,1,1,1,1,0.0,0.0,1,0,LOW,0
CFG-0001634,DEV-ONCOLOGY-ACC-053,0,1,1,1,1,0.0,0.0,0,0,LOW,0
CFG-0001635,DEV-MAIN-VPN-026,0,1,1,1,1,0.0,0.0,0,0,LOW,0
CFG-0001636,DEV-PEDS-WIR-095,0,1,1,1,1,0.0,0.0,1,0,LOW,0
CFG-0001637,DEV-ONCOLOGY-IOT-059,0,1,1,1,1,0.0,0.0,0,0,LOW,0
CFG-0001638,DEV-CLINIC-VPN-051,0,1,1,1,1,0.0,0.0,1,0,LOW,0
CFG-0001639,DEV-EMERGENCY-COR-065,0,1,1,1,1,0.0,0.0,0,0,LOW,0
CFG-0001640,DEV-ADMIN-VPN-021,0,1,1,1,0,0.0,0.5,1,0,LOW,0
CFG-0001641,DEV-CLINIC-VPN-051,0,1,1,1,1,0.0,0.0,0,0,LOW,0
CFG-0001642,DEV-DIAG-SWI-060,0,1,1,1,1,0.0,0.0,0,0,LOW,0
CFG-0001643,DEV-EMERGENCY-SWI-081,0,1,1,1,1,0.0,0.0,0,0,LOW,0
CFG-0001644,DEV-ADMIN-WIR-013,0,1,1,1,1,0.0,0.0,0,0,LOW,0
CFG-0001645,DEV-PEDS-ACC-104,0,1,1,1,1,0.0,0.0,0,0,LOW,0
CFG-0001646,DEV-PHARM-VPN-047,0,1,1,1,1,0.0,0.0,0,0,LOW,0
CFG-0001647,DEV-CARDIO-FIR-089,1,1,1,1,1,0.4,0.0,0,1,HIGH,2
CFG-0001648,DEV-PEDS-IOT-046,1,1,1,1,1,0.4,0.0,0,1,HIGH,2
CFG-0001649,DEV-PHARM-FIR-010,0,1,1,1,1,0.0,0.0,0,0,LOW,0
CFG-0001650,DEV-MAIN-SWI-044,0,1,1,1,1,0.0,0.0,1,0,LOW,0
CFG-0001651,DEV-DIAG-EDG-080,0,1,1,1,0,0.0,0.5,0,0,LOW,0
CFG-0001652,DEV-PEDS-WIR-007,0,1,1,1,1,0.0,0.0,0,0,LOW,0
CFG-0001653,DEV-ONCOLOGY-WIR-037,0,1,1,0,1,0.0,0.5,0,1,MEDIUM,1
CFG-0001654,DEV-PHARM-ACC-083,0,1,1,1,1,0.0,0.0,0,0,LOW,0
CFG-0001655,DEV-PHARM-VPN-023,0,1,1,1,1,0.0,0.0,0,0,LOW,0
CFG-0001656,DEV-CARDIO-IOT-110,0,1,1,1,1,0.0,0.0,0,0,LOW,0
CFG-0001657,DEV-MAIN-ACC-090,0,1,1,1,1,0.0,0.0,0,0,LOW,0
CFG-0001658,DEV-PHARM-ACC-083,0,1,1,1,1,0.0,0.0,0,0,LOW,0
CFG-0001659,DEV-MAIN-IOT-005,0,1,1,1,1,0.0,0.0,0,0,LOW,0
CFG-0001660,DEV-CLINIC-ACC-027,0,1,1,1,1,0.0,0.0,1,0,LOW,0
CFG-0001661,DEV-RESEARCH-VPN-045,0,1,1,1,1,0.0,0.0,0,0,LOW,0
CFG-0001662,DEV-ONCOLOGY-IOT-059,0,1,1,1,1,0.0,0.0,1,0,LOW,0
CFG-0001663,DEV-EMERGENCY-VPN-002,0,1,1,1,1,0.0,0.0,1,0,LOW,0
CFG-0001664,DEV-PHARM-COR-106,0,1,1,1,1,0.0,0.0,0,0,LOW,0
CFG-0001665,DEV-EMERGENCY-SWI-099,0,1,1,1,1,0.0,0.0,0,0,LOW,0
CFG-0001666,DEV-ONCOLOGY-VPN-075,0,1,1,1,0,0.0,0.5,0,0,LOW,0
CFG-0001667,DEV-PHARM-FIR-010,0,1,1,1,1,0.0,0.0,0,0,LOW,0
CFG-0001668,DEV-ONCOLOGY-IOT-059,0,1,1,1,1,0.0,0.0,1,0,LOW,0
CFG-0001669,DEV-PEDS-FIR-069,0,1,1,1,1,0.0,0.0,1,0,LOW,0
CFG-0001670,DEV-PEDS-WIR-095,1,1,1,1,1,0.4,0.0,1,1,LOW,0
CFG-0001671,DEV-CLINIC-ACC-034,0,1,1,1,1,0.0,0.0,1,0,LOW,0
CFG-0001672,DEV-MAIN-IOT-005,0,1,1,1,1,0.0,0.0,1,0,LOW,0
CFG-0001673,DEV-CLINIC-ACC-109,0,1,1,1,1,0.0,0.0,0,0,LOW,0
CFG-0001674,DEV-PHARM-VPN-004,0,1,1,1,1,0.0,0.0,0,0,LOW,0
CFG-0001675,DEV-PEDS-IOT-046,0,1,1,1,1,0.0,0.0,0,0,LOW,0
CFG-0001676,DEV-PHARM-VPN-004,0,1,1,0,1,0.0,0.5,0,1,MEDIUM,1
CFG-0001677,DEV-RESEARCH-SWI-020,0,1,1,1,1,0.0,0.0,1,0,LOW,0
CFG-0001678,DEV-RESEARCH-EDG-055,0,1,1,1,1,0.0,0.0,0,0,LOW,0
CFG-0001679,DEV-CARDIO-SWI-074,0,1,1,1,1,0.0,0.0,1,0,LOW,0
CFG-0001680,DEV-RESEARCH-EDG-055,0,1,0,1,1,0.3,0.0,0,1,HIGH,2
CFG-0001681,DEV-CARDIO-IOT-006,0,1,1,1,1,0.0,0.0,1,0,LOW,0
CFG-0001682,DEV-DIAG-ACC-036,0,1,0,1,1,0.3,0.0,0,1,HIGH,2
CFG-0001683,DEV-MAIN-IOT-018,0,1,1,1,1,0.0,0.0,0,0,LOW,0
CFG-0001684,DEV-RESEARCH-FIR-031,0,1,1,1,1,0.0,0.0,0,0,LOW,0
CFG-0001685,DEV-ADMIN-COR-105,0,1,1,1,1,0.0,0.0,0,0,LOW,0
CFG-0001686,DEV-ADMIN-EDG-050,0,1,1,1,1,0.0,0.0,0,0,LOW,0
CFG-0001687,DEV-RESEARCH-FIR-031,0,1,1,1,1,0.0,0.0,0,0,LOW,0
CFG-0001688,DEV-PHARM-FIR-010,0,1,0,1,1,0.3,0.0,0,1,HIGH,2
CFG-0001690,DEV-PHARM-EDG-038,0,1,1,1,1,0.0,0.0,0,0,LOW,0
CFG-0001691,DEV-CLINIC-SWI-082,0,1,1,1,1,0.0,0.0,1,0,LOW,0
CFG-0001692,DEV-DIAG-ACC-103,0,1,1,1,1,0.0,0.0,1,0,LOW,0
CFG-0001693,DEV-DIAG-SWI-032,0,1,1,1,1,0.0,0.0,1,0,LOW,0
CFG-0001694,DEV-EMERGENCY-VPN-094,0,1,1,1,0,0.0,0.5,1,0,LOW,0
CFG-0001695,DEV-PEDS-VPN-025,0,1,0,1,1,0.3,0.0,0,1,HIGH,2
CFG-0001696,DEV-RESEARCH-SWI-001,0,1,1,1,1,0.0,0.0,0,0,LOW,0
CFG-0001697,DEV-MAIN-SWI-044,1,1,1,1,1,0.4,0.0,0,1,HIGH,2
CFG-0001698,DEV-MAIN-EDG-071,0,1,1,1,0,0.0,0.5,0,0,LOW,0
CFG-0001699,DEV-EMERGENCY-FIR-030,0,1,1,1,1,0.0,0.0,0,0,LOW,0
CFG-0001700,DEV-DIAG-EDG-067,0,1,0,1,1,0.3,0.0,0,1,HIGH,2
CFG-0001701,DEV-CLINIC-EDG-048,0,1,1,1,1,0.0,0.0,0,0,LOW,0
CFG-0001702,DEV-ONCOLOGY-VPN-075,0,1,1,1,1,0.0,0.0,0,0,LOW,0
CFG-0001703,DEV-PEDS-COR-019,0,1,1,1,1,0.0,0.0,0,0,LOW,0
CFG-0001704,DEV-EMERGENCY-COR-022,0,1,1,1,1,0.0,0.0,1,0,LOW,0
CFG-0001705,DEV-ADMIN-WIR-013,0,1,1,1,1,0.0,0.0,0,0,LOW,0
CFG-0001706,DEV-CARDIO-VPN-011,1,1,1,1,1,0.4,0.0,0,1,HIGH,2
CFG-0001707,DEV-EMERGENCY-VPN-002,0,1,1,1,1,0.0,0.0,1,0,LOW,0
CFG-0001708,DEV-ADMIN-FIR-024,0,1,1,0,1,0.0,0.5,1,1,LOW,0
CFG-0001709,DEV-CLINIC-EDG-048,0,1,1,1,1,0.0,0.0,1,0,LOW,0
CFG-0001710,DEV-CLINIC-ACC-033,0,1,1,1,0,0.0,0.5,0,0,LOW,0
CFG-0001711,DEV-RESEARCH-FIR-078,0,1,1,1,1,0.0,0.0,1,0,LOW,0
CFG-0001712,DEV-ONCOLOGY-ACC-016,0,1,1,1,1,0.0,0.0,0,0,LOW,0
CFG-0001713,DEV-PHARM-EDG-038,0,1,1,1,1,0.0,0.0,0,0,LOW,0
CFG-0001714,DEV-CLINIC-VPN-029,0,1,1,0,1,0.0,0.5,0,1,MEDIUM,1
CFG-0001715,DEV-MAIN-FIR-064,0,1,1,1,1,0.0,0.0,1,0,LOW,0
CFG-0001716,DEV-RESEARCH-SWI-001,0,1,1,1,1,0.0,0.0,1,0,LOW,0
CFG-0001717,DEV-PHARM-IOT-107,1,1,0,1,1,0.7,0.0,0,2,CRITICAL,3
CFG-0001718,DEV-CARDIO-IOT-110,0,1,1,1,1,0.0,0.0,1,0,LOW,0
CFG-0001719,DEV-CARDIO-SWI-074,0,1,1,1,1,0.0,0.0,0,0,LOW,0
CFG-0001720,DEV-PEDS-IOT-035,0,1,1,1,0,0.0,0.5,1,0,LOW,0
CFG-0001721,DEV-ADMIN-COR-105,0,1,1,1,0,0.0,0.5,0,0,LOW,0
CFG-0001722,DEV-RESEARCH-EDG-055,0,1,1,1,1,0.0,0.0,0,0,LOW,0
CFG-0001723,DEV-EMERGENCY-SWI-099,0,1,1,1,1,0.0,0.0,1,0,LOW,0
CFG-0001724,DEV-PEDS-IOT-046,0,1,1,1,1,0.0,0.0,0,0,LOW,0
CFG-0001726,DEV-MAIN-SWI-044,0,1,0,1,1,0.3,0.0,0,1,HIGH,2
CFG-0001727,DEV-ADMIN-IOT-003,0,1,1,1,1,0.0,0.0,0,0,LOW,0
CFG-0001728,DEV-DIAG-FIR-108,0,1,0,1,1,0.3,0.0,0,1,HIGH,2
CFG-0001729,DEV-CARDIO-FIR-088,0,1,1,1,1,0.0,0.0,1,0,LOW,0
CFG-0001730,DEV-PEDS-COR-054,0,1,1,1,1,0.0,0.0,0,0,LOW,0
CFG-0001731,DEV-ADMIN-COR-105,0,1,1,1,1,0.0,0.0,1,0,LOW,0
CFG-0001732,DEV-ONCOLOGY-VPN-075,0,1,1,1,1,0.0,0.0,0,0,LOW,0
CFG-0001733,DEV-CARDIO-ACC-068,0,1,1,1,1,0.0,0.0,0,0,LOW,0
CFG-0001734,DEV-PEDS-IOT-035,0,1,1,1,1,0.0,0.0,1,0,LOW,0
CFG-0001735,DEV-PEDS-COR-019,0,1,1,1,1,0.0,0.0,1,0,LOW,0
CFG-0001736,DEV-MAIN-EDG-071,0,1,1,1,1,0.0,0.0,0,0,LOW,0
CFG-0001737,DEV-PHARM-ACC-083,0,1,1,1,1,0.0,0.0,0,0,LOW,0
CFG-0001738,DEV-CARDIO-FIR-089,0,1,1,1,0,0.0,0.5,0,0,LOW,0
CFG-0001739,DEV-ONCOLOGY-WIR-037,0,1,1,1,1,0.0,0.0,0,0,LOW,0
CFG-0001740,DEV-CLINIC-ACC-109,0,1,1,1,1,0.0,0.0,0,0,LOW,0
CFG-0001741,DEV-RESEARCH-FIR-078,0,1,1,1,1,0.0,0.0,0,0,LOW,0
CFG-0001742,DEV-ONCOLOGY-FIR-061,0,1,1,1,1,0.0,0.0,0,0,LOW,0
CFG-0001743,DEV-DIAG-ACC-103,0,1,1,1,1,0.0,0.0,1,0,LOW,0
CFG-0001744,DEV-ONCOLOGY-WIR-037,0,1,1,0,1,0.0,0.5,1,1,LOW,0
CFG-0001745,DEV-ONCOLOGY-IOT-070,0,1,1,0,1,0.0,0.5,0,1,MEDIUM,1
CFG-0001746,DEV-PEDS-ACC-104,0,1,1,1,0,0.0,0.5,0,0,LOW,0
CFG-0001747,DEV-RESEARCH-FIR-031,0,1,1,0,1,0.0,0.5,0,1,MEDIUM,1
CFG-0001748,DEV-ADMIN-WIR-013,0,1,1,1,1,0.0,0.0,1,0,LOW,0
CFG-0001749,DEV-MAIN-EDG-014,0,1,1,1,1,0.0,0.0,0,0,LOW,0
CFG-0001750,DEV-CLINIC-ACC-034,0,1,1,1,1,0.0,0.0,0,0,LOW,0
CFG-0001751,DEV-CLINIC-ACC-033,0,1,1,1,1,0.0,0.0,0,0,LOW,0
CFG-0001752,DEV-CLINIC-VPN-098,0,1,1,1,1,0.0,0.0,0,0,LOW,0
CFG-0001753,DEV-PEDS-IOT-046,0,1,1,1,1,0.0,0.0,0,0,LOW,0
CFG-0001754,DEV-MAIN-EDG-012,0,1,1,0,1,0.0,0.5,0,1,MEDIUM,1
CFG-0001755,DEV-MAIN-EDG-014,0,1,1,1,1,0.0,0.0,1,0,LOW,0
CFG-0001756,DEV-CLINIC-ACC-034,0,1,1,1,1,0.0,0.0,0,0,LOW,0
CFG-0001757,DEV-DIAG-ACC-036,0,1,1,0,1,0.0,0.5,0,1,MEDIUM,1
CFG-0001758,DEV-DIAG-WIR-084,0,1,1,0,1,0.0,0.5,0,1,MEDIUM,1
CFG-0001759,DEV-CARDIO-COR-063,0,1,1,1,1,0.0,0.0,0,0,LOW,0
CFG-0001760,DEV-PHARM-IOT-107,0,1,1,1,0,0.0,0.5,1,0,LOW,0
CFG-0001761,DEV-CLINIC-ACC-034,0,1,1,1,1,0.0,0.0,1,0,LOW,0
CFG-0001762,DEV-RESEARCH-SWI-001,1,1,1,1,1,0.4,0.0,1,1,LOW,0
CFG-0001763,DEV-EMERGENCY-VPN-094,1,1,1,1,1,0.4,0.0,1,1,LOW,0
CFG-0001764,DEV-RESEARCH-SWI-100,0,1,1,1,1,0.0,0.0,1,0,LOW,0
CFG-0001765,DEV-PHARM-FIR-028,0,1,1,1,1,0.0,0.0,1,0,LOW,0
CFG-0001766,DEV-PEDS-COR-054,0,1,1,1,1,0.0,0.0,0,0,LOW,0
CFG-0001767,DEV-MAIN-FIR-064,1,1,1,1,1,0.4,0.0,1,1,LOW,0
CFG-0001768,DEV-RESEARCH-SWI-001,0,1,1,1,1,0.0,0.0,1,0,LOW,0
CFG-0001769,DEV-EMERGENCY-COR-065,1,1,1,1,1,0.4,0.0,0,1,HIGH,2
CFG-0001770,DEV-CLINIC-ACC-034,0,1,1,1,1,0.0,0.0,0,0,LOW,0
CFG-0001771,DEV-RESEARCH-FIR-056,0,1,1,1,1,0.0,0.0,0,0,LOW,0
CFG-0001772,DEV-CARDIO-FIR-088,0,1,1,1,1,0.0,0.0,0,0,LOW,0
CFG-0001773,DEV-EMERGENCY-IOT-073,0,1,1,1,1,0.0,0.0,0,0,LOW,0
CFG-0001774,DEV-PHARM-EDG-038,0,1,1,1,0,0.0,0.5,1,0,LOW,0
CFG-0001775,DEV-MAIN-SWI-044,0,1,0,1,1,0.3,0.0,0,1,HIGH,2
CFG-0001776,DEV-ADMIN-FIR-093,0,1,1,0,1,0.0,0.5,0,1,MEDIUM,1
CFG-0001777,DEV-CLINIC-VPN-098,0,1,1,1,1,0.0,0.0,1,0,LOW,0
CFG-0001778,DEV-RESEARCH-SWI-001,0,1,1,1,1,0.0,0.0,0,0,LOW,0
CFG-0001779,DEV-DIAG-WIR-084,1,1,1,1,1,0.4,0.0,0,1,HIGH,2
CFG-0001780,DEV-MAIN-VPN-026,0,1,1,1,1,0.0,0.0,0,0,LOW,0
CFG-0001781,DEV-DIAG-ACC-103,0,1,1,1,1,0.0,0.0,0,0,LOW,0
CFG-0001782,DEV-CARDIO-EDG-085,0,1,1,1,1,0.0,0.0,0,0,LOW,0
CFG-0001783,DEV-ONCOLOGY-ACC-053,0,1,1,1,1,0.0,0.0,0,0,LOW,0
CFG-0001784,DEV-RESEARCH-EDG-057,0,1,1,1,0,0.0,0.5,0,0,LOW,0
CFG-0001785,DEV-PEDS-VPN-025,0,1,1,1,1,0.0,0.0,0,0,LOW,0
CFG-0001786,DEV-ADMIN-IOT-003,0,1,1,1,1,0.0,0.0,1,0,LOW,0
CFG-0001787,DEV-EMERGENCY-VPN-002,0,1,1,1,1,0.0,0.0,1,0,LOW,0
CFG-0001788,DEV-DIAG-ACC-036,0,1,1,1,1,0.0,0.0,0,0,LOW,0
CFG-0001789,DEV-CLINIC-FIR-087,0,1,1,1,1,0.0,0.0,0,0,LOW,0
CFG-0001790,DEV-MAIN-ACC-090,0,1,1,1,1,0.0,0.0,0,0,LOW,0
CFG-0001791,DEV-PEDS-COR-019,0,1,1,1,1,0.0,0.0,0,0,LOW,0
CFG-0001792,DEV-EMERGENCY-SWI-081,0,1,1,0,1,0.0,0.5,0,1,MEDIUM,1
CFG-0001793,DEV-MAIN-WIR-043,0,1,1,1,1,0.0,0.0,0,0,LOW,0
CFG-0001794,DEV-CLINIC-ACC-027,0,1,1,1,1,0.0,0.0,0,0,LOW,0
CFG-0001795,DEV-PEDS-VPN-025,0,1,1,1,1,0.0,0.0,1,0,LOW,0
CFG-0001796,DEV-DIAG-ACC-103,0,1,0,1,1,0.3,0.0,0,1,HIGH,2
CFG-0001797,DEV-CLINIC-ACC-027,0,1,1,1,1,0.0,0.0,0,0,LOW,0
CFG-0001798,DEV-DIAG-SWI-060,0,1,1,1,1,0.0,0.0,0,0,LOW,0
CFG-0001799,DEV-CARDIO-SWI-062,1,1,1,1,1,0.4,0.0,0,1,HIGH,2
CFG-0001800,DEV-PHARM-VPN-004,1,1,1,1,1,0.4,0.0,0,1,HIGH,2
CFG-0001801,DEV-RESEARCH-FIR-086,0,1,1,1,1,0.0,0.0,0,0,LOW,0
CFG-0001802,DEV-CARDIO-SWI-062,0,1,1,1,1,0.0,0.0,0,0,LOW,0
CFG-0001803,DEV-PEDS-WIR-040,0,1,0,1,1,0.3,0.0,0,1,HIGH,2
CFG-0001804,DEV-DIAG-FIR-108,0,1,1,1,1,0.0,0.0,0,0,LOW,0
CFG-0001805,DEV-ONCOLOGY-WIR-037,1,1,1,1,1,0.4,0.0,0,1,HIGH,2
CFG-0001806,DEV-DIAG-SWI-032,0,1,1,1,1,0.0,0.0,0,0,LOW,0
CFG-0001807,DEV-DIAG-ACC-103,1,1,1,1,1,0.4,0.0,0,1,HIGH,2
CFG-0001808,DEV-CLINIC-ACC-033,0,1,1,1,1,0.0,0.0,0,0,LOW,0
CFG-0001809,DEV-PHARM-COR-106,0,1,1,1,0,0.0,0.5,0,0,LOW,0
CFG-0001810,DEV-RESEARCH-SWI-100,0,1,1,1,1,0.0,0.0,0,0,LOW,0
CFG-0001811,DEV-DIAG-SWI-060,0,1,1,1,1,0.0,0.0,0,0,LOW,0
CFG-0001812,DEV-CLINIC-IOT-041,0,1,1,1,1,0.0,0.0,0,0,LOW,0
CFG-0001813,DEV-DIAG-EDG-080,0,1,0,1,1,0.3,0.0,0,1,HIGH,2
CFG-0001814,DEV-CLINIC-ACC-033,0,1,1,1,0,0.0,0.5,1,0,LOW,0
CFG-0001815,DEV-EMERGENCY-SWI-096,0,1,1,1,1,0.0,0.0,0,0,LOW,0
CFG-0001816,DEV-EMERGENCY-VPN-094,0,1,0,1,1,0.3,0.0,1,1,LOW,0
CFG-0001817,DEV-PEDS-WIR-095,0,1,1,1,1,0.0,0.0,1,0,LOW,0
CFG-0001818,DEV-PEDS-FIR-069,0,1,1,0,1,0.0,0.5,0,1,MEDIUM,1
CFG-0001819,DEV-PEDS-COR-019,0,1,1,1,1,0.0,0.0,0,0,LOW,0
CFG-0001820,DEV-CARDIO-VPN-011,0,1,1,1,1,0.0,0.0,0,0,LOW,0
CFG-0001821,DEV-ONCOLOGY-FIR-061,0,1,1,1,1,0.0,0.0,0,0,LOW,0
CFG-0001822,DEV-CLINIC-EDG-048,0,1,1,1,1,0.0,0.0,0,0,LOW,0
CFG-0001823,DEV-PEDS-ACC-104,0,1,1,1,1,0.0,0.0,1,0,LOW,0
CFG-0001824,DEV-MAIN-ACC-077,0,1,1,1,1,0.0,0.0,1,0,LOW,0
CFG-0001825,DEV-PHARM-COR-106,0,1,1,1,1,0.0,0.0,0,0,LOW,0
CFG-0001826,DEV-PHARM-VPN-102,0,1,1,1,0,0.0,0.5,0,0,LOW,0
CFG-0001827,DEV-RESEARCH-FIR-031,0,1,1,1,1,0.0,0.0,0,0,LOW,0
CFG-0001828,DEV-DIAG-SWI-092,0,1,1,1,1,0.0,0.0,0,0,LOW,0
CFG-0001829,DEV-CARDIO-ACC-068,0,1,1,1,0,0.0,0.5,0,0,LOW,0
CFG-0001831,DEV-PHARM-FIR-028,0,1,1,0,1,0.0,0.5,0,1,MEDIUM,1
CFG-0001832,DEV-ONCOLOGY-ACC-016,0,1,1,1,1,0.0,0.0,1,0,LOW,0
CFG-0001833,DEV-MAIN-SWI-044,0,1,1,1,1,0.0,0.0,0,0,LOW,0
CFG-0001834,DEV-RESEARCH-EDG-055,0,1,1,1,1,0.0,0.0,0,0,LOW,0
CFG-0001835,DEV-MAIN-IOT-018,0,1,1,1,1,0.0,0.0,0,0,LOW,0
CFG-0001836,DEV-MAIN-WIR-043,0,1,1,1,1,0.0,0.0,1,0,LOW,0
CFG-0001837,DEV-CLINIC-SWI-082,0,1,1,1,1,0.0,0.0,0,0,LOW,0
CFG-0001838,DEV-MAIN-IOT-005,0,1,1,1,1,0.0,0.0,1,0,LOW,0
CFG-0001839,DEV-PEDS-WIR-095,0,1,1,0,1,0.0,0.5,1,1,LOW,0
CFG-0001840,DEV-EMERGENCY-VPN-002,0,1,1,1,1,0.0,0.0,0,0,LOW,0
CFG-0001841,DEV-MAIN-ACC-077,1,1,1,1,1,0.4,0.0,0,1,HIGH,2
CFG-0001842,DEV-MAIN-SWI-044,0,1,1,0,1,0.0,0.5,0,1,MEDIUM,1
CFG-0001843,DEV-CARDIO-COR-063,0,1,1,1,1,0.0,0.0,0,0,LOW,0
CFG-0001844,DEV-CLINIC-VPN-051,0,1,1,0,1,0.0,0.5,0,1,MEDIUM,1
CFG-0001845,DEV-ONCOLOGY-ACC-016,0,1,1,1,1,0.0,0.0,0,0,LOW,0
CFG-0001846,DEV-EMERGENCY-COR-065,0,1,1,1,1,0.0,0.0,0,0,LOW,0
CFG-0001847,DEV-ONCOLOGY-ACC-016,0,1,1,1,1,0.0,0.0,0,0,LOW,0
CFG-0001848,DEV-RESEARCH-SWI-001,0,1,1,1,1,0.0,0.0,0,0,LOW,0
CFG-0001849,DEV-DIAG-ACC-036,0,1,1,1,1,0.0,0.0,0,0,LOW,0
CFG-0001850,DEV-RESEARCH-SWI-020,0,1,1,1,1,0.0,0.0,0,0,LOW,0
CFG-0001851,DEV-MAIN-FIR-091,0,1,1,0,1,0.0,0.5,0,1,MEDIUM,1
CFG-0001852,DEV-CLINIC-ACC-109,0,1,1,1,1,0.0,0.0,0,0,LOW,0
CFG-0001853,DEV-ADMIN-SWI-049,0,1,1,1,1,0.0,0.0,0,0,LOW,0
CFG-0001854,DEV-EMERGENCY-IOT-015,0,1,0,1,1,0.3,0.0,1,1,LOW,0
CFG-0001855,DEV-CARDIO-FIR-088,0,1,1,1,1,0.0,0.0,0,0,LOW,0
CFG-0001856,DEV-ONCOLOGY-IOT-059,0,1,1,1,1,0.0,0.0,1,0,LOW,0
CFG-0001857,DEV-PEDS-ACC-104,0,1,1,1,1,0.0,0.0,1,0,LOW,0
CFG-0001858,DEV-PEDS-COR-054,0,1,1,1,0,0.0,0.5,0,0,LOW,0
CFG-0001859,DEV-CARDIO-VPN-011,0,1,1,1,1,0.0,0.0,0,0,LOW,0
CFG-0001860,DEV-PHARM-FIR-028,0,1,1,1,1,0.0,0.0,0,0,LOW,0
CFG-0001861,DEV-RESEARCH-SWI-079,0,1,1,1,1,0.0,0.0,0,0,LOW,0
CFG-0001862,DEV-ONCOLOGY-ACC-053,0,1,1,1,1,0.0,0.0,0,0,LOW,0
CFG-0001863,DEV-CARDIO-SWI-062,0,1,1,1,0,0.0,0.5,0,0,LOW,0
CFG-0001864,DEV-RESEARCH-SWI-100,0,1,1,0,1,0.0,0.5,0,1,MEDIUM,1
CFG-0001865,DEV-PHARM-VPN-102,0,1,1,1,1,0.0,0.0,0,0,LOW,0
CFG-0001866,DEV-RESEARCH-VPN-045,1,1,1,1,1,0.4,0.0,0,1,HIGH,2
CFG-0001867,DEV-CARDIO-IOT-110,0,1,1,1,1,0.0,0.0,0,0,LOW,0
CFG-0001868,DEV-ADMIN-IOT-003,0,1,1,1,1,0.0,0.0,0,0,LOW,0
CFG-0001869,DEV-DIAG-ACC-103,0,1,1,1,1,0.0,0.0,1,0,LOW,0
CFG-0001870,DEV-CLINIC-FIR-087,0,1,1,1,1,0.0,0.0,1,0,LOW,0
CFG-0001871,DEV-MAIN-EDG-071,0,1,0,1,1,0.3,0.0,0,1,HIGH,2
CFG-0001872,DEV-EMERGENCY-FIR-030,0,1,1,0,1,0.0,0.5,1,1,LOW,0
CFG-0001873,DEV-MAIN-SWI-042,0,1,1,1,0,0.0,0.5,0,0,LOW,0
CFG-0001874,DEV-EMERGENCY-IOT-015,1,1,1,1,1,0.4,0.0,1,1,LOW,0
CFG-0001875,DEV-CLINIC-ACC-034,1,1,1,1,1,0.4,0.0,1,1,LOW,0
CFG-0001876,DEV-ONCOLOGY-ACC-016,0,1,1,1,1,0.0,0.0,0,0,LOW,0
CFG-0001877,DEV-ONCOLOGY-SWI-039,0,1,1,1,1,0.0,0.0,0,0,LOW,0
CFG-0001878,DEV-RESEARCH-FIR-031,0,1,1,1,0,0.0,0.5,0,0,LOW,0
CFG-0001879,DEV-CARDIO-FIR-088,0,1,1,1,1,0.0,0.0,0,0,LOW,0
CFG-0001880,DEV-EMERGENCY-SWI-099,0,1,1,1,1,0.0,0.0,0,0,LOW,0
CFG-0001881,DEV-PHARM-FIR-101,0,1,1,1,1,0.0,0.0,0,0,LOW,0
CFG-0001882,DEV-PHARM-VPN-047,0,1,1,1,1,0.0,0.0,0,0,LOW,0
CFG-0001883,DEV-EMERGENCY-IOT-073,0,1,1,1,1,0.0,0.0,0,0,LOW,0
CFG-0001884,DEV-EMERGENCY-IOT-073,0,1,0,1,1,0.3,0.0,0,1,HIGH,2
CFG-0001885,DEV-MAIN-ACC-077,0,1,1,1,1,0.0,0.0,0,0,LOW,0
CFG-0001886,DEV-CARDIO-VPN-011,0,1,1,1,1,0.0,0.0,1,0,LOW,0
CFG-0001887,DEV-CARDIO-IOT-110,0,1,1,1,0,0.0,0.5,0,0,LOW,0
CFG-0001888,DEV-EMERGENCY-SWI-081,0,1,1,1,0,0.0,0.5,0,0,LOW,0
CFG-0001889,DEV-RESEARCH-SWI-001,1,1,1,1,0,0.4,0.5,1,1,LOW,0
CFG-0001890,DEV-CARDIO-ACC-068,1,1,1,1,1,0.4,0.0,0,1,HIGH,2
CFG-0001891,DEV-EMERGENCY-FIR-030,0,1,1,1,1,0.0,0.0,0,0,LOW,0
CFG-0001892,DEV-CARDIO-EDG-085,0,1,1,1,1,0.0,0.0,0,0,LOW,0
CFG-0001893,DEV-PHARM-FIR-101,0,1,1,1,1,0.0,0.0,0,0,LOW,0
CFG-0001894,DEV-EMERGENCY-FIR-030,1,1,1,1,1,0.4,0.0,1,1,LOW,0
CFG-0001895,DEV-EMERGENCY-FIR-030,0,1,1,1,1,0.0,0.0,0,0,LOW,0
CFG-0001896,DEV-DIAG-SWI-060,0,1,1,1,1,0.0,0.0,0,0,LOW,0
CFG-0001897,DEV-PHARM-FIR-010,0,1,1,1,1,0.0,0.0,1,0,LOW,0
CFG-0001898,DEV-ADMIN-IOT-003,0,1,1,1,1,0.0,0.0,1,0,LOW,0
CFG-0001899,DEV-DIAG-SWI-032,0,1,1,1,1,0.0,0.0,0,0,LOW,0
CFG-0001900,DEV-CLINIC-FIR-087,0,1,1,1,1,0.0,0.0,0,0,LOW,0
CFG-0001901,DEV-CARDIO-SWI-062,0,1,1,1,1,0.0,0.0,0,0,LOW,0
CFG-0001902,DEV-DIAG-SWI-032,1,1,1,1,1,0.4,0.0,0,1,HIGH,2
CFG-0001903,DEV-ONCOLOGY-IOT-070,0,1,1,1,1,0.0,0.0,1,0,LOW,0
CFG-0001904,DEV-CLINIC-VPN-098,0,1,0,1,1,0.3,0.0,0,1,HIGH,2
CFG-0001905,DEV-PEDS-FIR-069,0,1,1,1,1,0.0,0.0,1,0,LOW,0
CFG-0001906,DEV-PHARM-ACC-083,0,1,1,1,1,0.0,0.0,0,0,LOW,0
CFG-0001907,DEV-ONCOLOGY-VPN-075,0,1,0,1,1,0.3,0.0,0,1,HIGH,2
CFG-0001908,DEV-DIAG-ACC-103,0,1,0,1,1,0.3,0.0,0,1,HIGH,2
CFG-0001909,DEV-CARDIO-FIR-088,0,1,1,1,1,0.0,0.0,1,0,LOW,0
CFG-0001910,DEV-MAIN-SWI-017,0,1,1,0,1,0.0,0.5,0,1,MEDIUM,1
CFG-0001911,DEV-ADMIN-COR-105,0,1,0,1,1,0.3,0.0,0,1,HIGH,2
CFG-0001912,DEV-CLINIC-VPN-098,0,1,1,1,1,0.0,0.0,0,0,LOW,0
CFG-0001913,DEV-PEDS-IOT-046,0,1,1,0,1,0.0,0.5,1,1,LOW,0
CFG-0001914,DEV-MAIN-ACC-077,1,1,1,1,1,0.4,0.0,0,1,HIGH,2
CFG-0001915,DEV-EMERGENCY-SWI-081,0,1,1,1,1,0.0,0.0,1,0,LOW,0
CFG-0001916,DEV-CARDIO-VPN-011,0,1,1,1,1,0.0,0.0,0,0,LOW,0
CFG-0001917,DEV-PHARM-COR-106,0,1,1,1,1,0.0,0.0,0,0,LOW,0
CFG-0001918,DEV-PEDS-WIR-095,0,1,1,1,1,0.0,0.0,0,0,LOW,0
CFG-0001919,DEV-RESEARCH-EDG-055,1,1,1,1,1,0.4,0.0,1,1,LOW,0
CFG-0001920,DEV-DIAG-COR-009,1,1,1,1,1,0.4,0.0,0,1,HIGH,2
CFG-0001921,DEV-MAIN-EDG-014,0,1,1,1,1,0.0,0.0,1,0,LOW,0
CFG-0001922,DEV-PHARM-VPN-004,0,1,0,1,1,0.3,0.0,0,1,HIGH,2
CFG-0001923,DEV-EMERGENCY-SWI-052,0,1,1,1,0,0.0,0.5,1,0,LOW,0
CFG-0001924,DEV-DIAG-WIR-084,1,1,1,1,1,0.4,0.0,0,1,HIGH,2
CFG-0001925,DEV-MAIN-VPN-026,0,1,1,1,1,0.0,0.0,1,0,LOW,0
CFG-0001926,DEV-CARDIO-ACC-008,0,1,1,1,1,0.0,0.0,1,0,LOW,0
CFG-0001927,DEV-MAIN-ACC-077,0,1,1,1,1,0.0,0.0,0,0,LOW,0
CFG-0001928,DEV-MAIN-VPN-026,0,1,1,1,0,0.0,0.5,0,0,LOW,0
CFG-0001929,DEV-PHARM-VPN-004,0,1,1,1,1,0.0,0.0,0,0,LOW,0
CFG-0001930,DEV-CARDIO-SWI-062,0,1,1,1,1,0.0,0.0,0,0,LOW,0
CFG-0001931,DEV-ADMIN-EDG-050,0,1,1,1,1,0.0,0.0,0,0,LOW,0
CFG-0001932,DEV-EMERGENCY-SWI-099,0,1,0,1,1,0.3,0.0,0,1,HIGH,2
CFG-0001933,DEV-CARDIO-COR-063,0,1,1,1,1,0.0,0.0,0,0,LOW,0
CFG-0001934,DEV-PHARM-VPN-102,0,1,1,1,1,0.0,0.0,1,0,LOW,0
CFG-0001935,DEV-DIAG-EDG-080,1,1,1,1,1,0.4,0.0,0,1,HIGH,2
CFG-0001936,DEV-ADMIN-IOT-003,0,1,1,1,1,0.0,0.0,1,0,LOW,0
CFG-0001937,DEV-ONCOLOGY-SWI-039,0,1,1,1,1,0.0,0.0,1,0,LOW,0
CFG-0001938,DEV-RESEARCH-EDG-057,0,1,1,1,1,0.0,0.0,1,0,LOW,0
CFG-0001939,DEV-CARDIO-COR-063,0,1,1,0,1,0.0,0.5,1,1,LOW,0
CFG-0001940,DEV-PHARM-COR-106,0,1,1,1,1,0.0,0.0,0,0,LOW,0
CFG-0001941,DEV-MAIN-IOT-005,0,1,1,1,1,0.0,0.0,0,0,LOW,0
CFG-0001942,DEV-RESEARCH-EDG-057,1,1,1,1,1,0.4,0.0,0,1,HIGH,2
CFG-0001943,DEV-CLINIC-EDG-048,1,1,1,1,1,0.4,0.0,0,1,HIGH,2
CFG-0001944,DEV-RESEARCH-VPN-045,0,1,1,1,1,0.0,0.0,1,0,LOW,0
CFG-0001945,DEV-DIAG-FIR-108,0,1,1,1,0,0.0,0.5,1,0,LOW,0
CFG-0001946,DEV-ONCOLOGY-VPN-075,1,1,1,1,1,0.4,0.0,0,1,HIGH,2
CFG-0001947,DEV-EMERGENCY-COR-065,0,1,1,1,1,0.0,0.0,0,0,LOW,0
CFG-0001948,DEV-MAIN-VPN-026,0,1,1,1,1,0.0,0.0,0,0,LOW,0
CFG-0001949,DEV-MAIN-ACC-090,0,1,0,1,1,0.3,0.0,0,1,HIGH,2
CFG-0001950,DEV-PEDS-COR-019,0,1,1,1,1,0.0,0.0,0,0,LOW,0
CFG-0001951,DEV-CARDIO-FIR-089,1,1,1,1,1,0.4,0.0,1,1,LOW,0
CFG-0001952,DEV-ONCOLOGY-VPN-075,0,1,1,1,1,0.0,0.0,1,0,LOW,0
CFG-0001953,DEV-CARDIO-FIR-088,0,1,0,1,1,0.3,0.0,0,1,HIGH,2
CFG-0001954,DEV-RESEARCH-FIR-078,0,1,1,1,0,0.0,0.5,1,0,LOW,0
CFG-0001955,DEV-RESEARCH-SWI-001,0,1,1,1,0,0.0,0.5,1,0,LOW,0
CFG-0001956,DEV-ONCOLOGY-SWI-039,0,1,1,1,1,0.0,0.0,0,0,LOW,0
CFG-0001957,DEV-RESEARCH-FIR-056,0,1,1,1,1,0.0,0.0,1,0,LOW,0
CFG-0001958,DEV-PHARM-FIR-101,0,1,1,1,1,0.0,0.0,0,0,LOW,0
CFG-0001959,DEV-CARDIO-SWI-062,0,1,1,0,1,0.0,0.5,0,1,MEDIUM,1
CFG-0001960,DEV-EMERGENCY-SWI-081,0,1,1,1,1,0.0,0.0,1,0,LOW,0
CFG-0001961,DEV-ADMIN-EDG-050,0,1,1,1,1,0.0,0.0,0,0,LOW,0
CFG-0001962,DEV-EMERGENCY-SWI-052,0,1,1,0,1,0.0,0.5,0,1,MEDIUM,1
CFG-0001963,DEV-EMERGENCY-FIR-058,0,1,1,1,1,0.0,0.0,0,0,LOW,0
CFG-0001964,DEV-PHARM-FIR-101,0,1,1,1,1,0.0,0.0,0,0,LOW,0
CFG-0001965,DEV-EMERGENCY-IOT-015,0,1,1,0,1,0.0,0.5,0,1,MEDIUM,1
CFG-0001966,DEV-CARDIO-IOT-006,1,1,1,1,1,0.4,0.0,0,1,HIGH,2
CFG-0001967,DEV-PHARM-VPN-023,0,1,1,1,1,0.0,0.0,1,0,LOW,0
CFG-0001968,DEV-EMERGENCY-SWI-081,0,1,1,1,1,0.0,0.0,1,0,LOW,0
CFG-0001969,DEV-EMERGENCY-IOT-073,0,1,1,1,1,0.0,0.0,0,0,LOW,0
CFG-0001970,DEV-EMERGENCY-SWI-096,0,1,1,1,1,0.0,0.0,0,0,LOW,0
CFG-0001971,DEV-ADMIN-COR-105,0,1,1,1,1,0.0,0.0,0,0,LOW,0
CFG-0001972,DEV-PEDS-IOT-035,0,1,1,1,1,0.0,0.0,0,0,LOW,0
CFG-0001973,DEV-PHARM-ACC-083,0,1,1,1,1,0.0,0.0,1,0,LOW,0
CFG-0001974,DEV-CARDIO-FIR-089,0,1,1,1,0,0.0,0.5,0,0,LOW,0
CFG-0001975,DEV-EMERGENCY-FIR-030,0,1,1,1,1,0.0,0.0,1,0,LOW,0
CFG-0001976,DEV-EMERGENCY-FIR-030,0,1,1,1,1,0.0,0.0,0,0,LOW,0
CFG-0001977,DEV-EMERGENCY-SWI-096,0,1,1,1,1,0.0,0.0,0,0,LOW,0
CFG-0001978,DEV-DIAG-EDG-067,0,1,1,1,1,0.0,0.0,0,0,LOW,0
CFG-0001980,DEV-MAIN-IOT-005,1,1,1,1,1,0.4,0.0,0,1,HIGH,2
CFG-0001981,DEV-EMERGENCY-FIR-030,0,1,1,1,1,0.0,0.0,0,0,LOW,0
CFG-0001982,DEV-MAIN-ACC-090,0,1,1,1,0,0.0,0.5,0,0,LOW,0
CFG-0001983,DEV-ONCOLOGY-VPN-075,0,1,1,1,0,0.0,0.5,1,0,LOW,0
CFG-0001984,DEV-EMERGENCY-VPN-002,1,1,1,1,1,0.4,0.0,1,1,LOW,0
CFG-0001985,DEV-EMERGENCY-SWI-066,0,1,1,1,1,0.0,0.0,0,0,LOW,0
CFG-0001986,DEV-PHARM-EDG-038,0,1,1,1,0,0.0,0.5,0,0,LOW,0
CFG-0001987,DEV-ADMIN-IOT-003,0,1,1,1,1,0.0,0.0,1,0,LOW,0
CFG-0001988,DEV-CLINIC-VPN-029,0,1,1,1,1,0.0,0.0,0,0,LOW,0
CFG-0001989,DEV-PEDS-VPN-025,0,1,1,1,1,0.0,0.0,1,0,LOW,0
CFG-0001990,DEV-PEDS-WIR-007,0,1,1,1,1,0.0,0.0,0,0,LOW,0
CFG-0001991,DEV-PHARM-FIR-010,0,1,1,1,1,0.0,0.0,0,0,LOW,0
CFG-0001992,DEV-EMERGENCY-FIR-030,0,1,1,1,1,0.0,0.0,0,0,LOW,0
CFG-0001993,DEV-DIAG-SWI-060,0,1,1,0,1,0.0,0.5,0,1,MEDIUM,1
CFG-0001994,DEV-ADMIN-VPN-021,1,1,1,1,1,0.4,0.0,0,1,HIGH,2
CFG-0001995,DEV-CARDIO-FIR-089,0,1,1,1,1,0.0,0.0,1,0,LOW,0
CFG-0001996,DEV-PHARM-VPN-047,1,1,1,1,1,0.4,0.0,1,1,LOW,0
CFG-0001997,DEV-CARDIO-ACC-008,0,1,1,1,1,0.0,0.0,0,0,LOW,0
CFG-0001998,DEV-PHARM-VPN-004,0,1,1,1,1,0.0,0.0,0,0,LOW,0
CFG-0001999,DEV-CLINIC-ACC-034,1,1,1,1,1,0.4,0.0,1,1,LOW,0
CFG-0002000,DEV-EMERGENCY-VPN-094,0,1,1,1,1,0.0,0.0,0,0,LOW,0
CFG-0002001,DEV-MAIN-EDG-071,0,1,1,1,1,0.0,0.0,1,0,LOW,0
CFG-0002002,DEV-EMERGENCY-SWI-066,0,1,1,1,1,0.0,0.0,0,0,LOW,0
CFG-0002003,DEV-PHARM-COR-106,0,1,1,1,1,0.0,0.0,1,0,LOW,0
CFG-0002004,DEV-PEDS-VPN-025,0,1,1,1,1,0.0,0.0,0,0,LOW,0
CFG-0002005,DEV-CLINIC-SWI-082,0,1,1,0,1,0.0,0.5,0,1,MEDIUM,1
CFG-0002006,DEV-CARDIO-IOT-110,0,1,1,1,1,0.0,0.0,0,0,LOW,0
CFG-0002007,DEV-PEDS-VPN-025,0,1,1,1,1,0.0,0.0,1,0,LOW,0
CFG-0002008,DEV-MAIN-SWI-042,0,1,1,1,1,0.0,0.0,1,0,LOW,0
CFG-0002009,DEV-PHARM-FIR-028,0,1,1,0,1,0.0,0.5,0,1,MEDIUM,1
CFG-0002010,DEV-DIAG-SWI-032,0,1,1,1,1,0.0,0.0,0,0,LOW,0
CFG-0002011,DEV-PEDS-ACC-104,0,1,1,1,1,0.0,0.0,0,0,LOW,0
CFG-0002012,DEV-PEDS-VPN-025,0,1,1,1,1,0.0,0.0,1,0,LOW,0
CFG-0002013,DEV-DIAG-FIR-108,0,1,1,1,1,0.0,0.0,0,0,LOW,0
CFG-0002014,DEV-MAIN-SWI-044,1,1,1,1,1,0.4,0.0,0,1,HIGH,2
CFG-0002015,DEV-PEDS-COR-019,0,1,1,1,1,0.0,0.0,0,0,LOW,0
CFG-0002016,DEV-CLINIC-FIR-087,0,1,1,1,1,0.0,0.0,0,0,LOW,0
CFG-0002017,DEV-DIAG-WIR-084,0,1,1,1,1,0.0,0.0,1,0,LOW,0
CFG-0002018,DEV-PHARM-IOT-107,0,1,1,1,1,0.0,0.0,0,0,LOW,0
CFG-0002019,DEV-RESEARCH-SWI-001,0,1,1,1,1,0.0,0.0,0,0,LOW,0
CFG-0002020,DEV-RESEARCH-SWI-001,1,1,1,1,1,0.4,0.0,1,1,LOW,0
CFG-0002021,DEV-PEDS-COR-054,0,1,0,1,1,0.3,0.0,1,1,LOW,0
CFG-0002022,DEV-DIAG-WIR-084,0,1,0,1,1,0.3,0.0,0,1,HIGH,2
CFG-0002023,DEV-DIAG-SWI-032,0,1,1,1,1,0.0,0.0,0,0,LOW,0
CFG-0002024,DEV-CLINIC-IOT-041,0,1,1,1,1,0.0,0.0,0,0,LOW,0
CFG-0002025,DEV-PHARM-VPN-023,0,1,1,1,1,0.0,0.0,1,0,LOW,0
CFG-0002026,DEV-CLINIC-ACC-034,0,1,1,1,1,0.0,0.0,0,0,LOW,0
CFG-0002027,DEV-CARDIO-FIR-089,1,1,1,1,1,0.4,0.0,1,1,LOW,0
CFG-0002028,DEV-MAIN-SWI-042,0,1,1,1,0,0.0,0.5,0,0,LOW,0
CFG-0002029,DEV-PHARM-COR-106,0,1,1,1,1,0.0,0.0,1,0,LOW,0
CFG-0002030,DEV-PHARM-VPN-047,0,1,1,1,0,0.0,0.5,0,0,LOW,0
CFG-0002031,DEV-CLINIC-ACC-034,0,1,1,1,1,0.0,0.0,1,0,LOW,0
CFG-0002032,DEV-PEDS-IOT-046,0,1,1,1,1,0.0,0.0,0,0,LOW,0
CFG-0002033,DEV-RESEARCH-IOT-072,0,1,1,1,1,0.0,0.0,0,0,LOW,0
CFG-0002034,DEV-DIAG-SWI-060,1,1,0,1,1,0.7,0.0,0,2,CRITICAL,3
CFG-0002035,DEV-RESEARCH-SWI-001,0,1,1,1,1,0.0,0.0,1,0,LOW,0
CFG-0002036,DEV-ADMIN-COR-105,0,1,1,1,1,0.0,0.0,1,0,LOW,0
CFG-0002037,DEV-PEDS-COR-054,0,1,1,1,1,0.0,0.0,0,0,LOW,0
CFG-0002038,DEV-MAIN-FIR-091,0,1,1,1,1,0.0,0.0,0,0,LOW,0
CFG-0002039,DEV-MAIN-IOT-005,0,1,1,1,1,0.0,0.0,1,0,LOW,0
CFG-0002040,DEV-MAIN-IOT-005,1,1,1,1,1,0.4,0.0,0,1,HIGH,2
CFG-0002041,DEV-RESEARCH-EDG-057,0,1,1,1,1,0.0,0.0,0,0,LOW,0
CFG-0002042,DEV-DIAG-COR-009,0,1,1,1,1,0.0,0.0,0,0,LOW,0
CFG-0002043,DEV-CARDIO-VPN-011,0,1,1,1,1,0.0,0.0,0,0,LOW,0
CFG-0002044,DEV-MAIN-IOT-005,1,1,1,1,1,0.4,0.0,0,1,HIGH,2
CFG-0002045,DEV-CLINIC-VPN-051,1,1,1,1,1,0.4,0.0,0,1,HIGH,2
CFG-0002046,DEV-EMERGENCY-SWI-052,1,1,1,1,1,0.4,0.0,0,1,HIGH,2
CFG-0002047,DEV-ONCOLOGY-ACC-053,1,1,1,1,1,0.4,0.0,0,1,HIGH,2
CFG-0002048,DEV-PHARM-VPN-102,0,1,1,1,1,0.0,0.0,1,0,LOW,0
CFG-0002049,DEV-CLINIC-VPN-051,0,1,1,1,1,0.0,0.0,0,0,LOW,0
CFG-0002050,DEV-ADMIN-WIR-013,0,1,1,1,1,0.0,0.0,0,0,LOW,0
CFG-0002051,DEV-CLINIC-ACC-034,0,1,1,1,1,0.0,0.0,0,0,LOW,0
CFG-0002052,DEV-CARDIO-ACC-068,0,1,0,1,1,0.3,0.0,0,1,HIGH,2
CFG-0002053,DEV-PEDS-ACC-104,0,1,1,0,1,0.0,0.5,0,1,MEDIUM,1
CFG-0002054,DEV-EMERGENCY-IOT-015,0,1,1,1,1,0.0,0.0,1,0,LOW,0
CFG-0002055,DEV-CLINIC-ACC-109,0,1,1,1,1,0.0,0.0,0,0,LOW,0
CFG-0002056,DEV-PHARM-IOT-107,0,1,1,1,1,0.0,0.0,1,0,LOW,0
CFG-0002057,DEV-MAIN-FIR-064,0,1,1,0,1,0.0,0.5,0,1,MEDIUM,1
CFG-0002058,DEV-EMERGENCY-COR-065,0,1,1,1,1,0.0,0.0,0,0,LOW,0
CFG-0002059,DEV-CLINIC-VPN-029,0,1,1,1,1,0.0,0.0,0,0,LOW,0
CFG-0002060,DEV-MAIN-SWI-042,0,1,1,1,0,0.0,0.5,0,0,LOW,0
CFG-0002061,DEV-PHARM-VPN-004,0,1,0,1,1,0.3,0.0,0,1,HIGH,2
CFG-0002062,DEV-CARDIO-ACC-068,0,1,1,1,1,0.0,0.0,0,0,LOW,0
CFG-0002063,DEV-DIAG-COR-009,0,1,1,1,1,0.0,0.0,1,0,LOW,0
CFG-0002064,DEV-CLINIC-SWI-082,0,1,1,1,1,0.0,0.0,0,0,LOW,0
CFG-0002065,DEV-CLINIC-VPN-029,0,1,0,1,1,0.3,0.0,0,1,HIGH,2
CFG-0002066,DEV-ADMIN-WIR-013,0,1,1,0,1,0.0,0.5,0,1,MEDIUM,1
CFG-0002067,DEV-MAIN-WIR-043,0,1,1,1,1,0.0,0.0,1,0,LOW,0
CFG-0002068,DEV-MAIN-EDG-012,0,1,1,0,1,0.0,0.5,0,1,MEDIUM,1
CFG-0002069,DEV-RESEARCH-FIR-078,0,1,1,1,1,0.0,0.0,0,0,LOW,0
CFG-0002070,DEV-MAIN-EDG-014,0,1,1,1,1,0.0,0.0,0,0,LOW,0
CFG-0002071,DEV-DIAG-ACC-036,0,1,1,1,1,0.0,0.0,0,0,LOW,0
CFG-0002072,DEV-RESEARCH-EDG-055,0,1,1,1,0,0.0,0.5,0,0,LOW,0
CFG-0002073,DEV-DIAG-SWI-032,0,1,0,1,1,0.3,0.0,0,1,HIGH,2
CFG-0002074,DEV-ADMIN-IOT-003,0,1,1,1,1,0.0,0.0,0,0,LOW,0
CFG-0002075,DEV-CARDIO-VPN-011,0,1,1,0,1,0.0,0.5,1,1,LOW,0
CFG-0002076,DEV-EMERGENCY-SWI-066,0,1,1,1,1,0.0,0.0,0,0,LOW,0
CFG-0002077,DEV-PHARM-VPN-102,0,1,1,1,1,0.0,0.0,1,0,LOW,0
CFG-0002078,DEV-ADMIN-FIR-024,0,1,1,1,1,0.0,0.0,0,0,LOW,0
CFG-0002079,DEV-RESEARCH-EDG-055,0,1,1,1,1,0.0,0.0,0,0,LOW,0
CFG-0002080,DEV-RESEARCH-EDG-055,1,1,1,1,1,0.4,0.0,0,1,HIGH,2
CFG-0002081,DEV-PEDS-WIR-095,0,1,0,1,1,0.3,0.0,0,1,HIGH,2
CFG-0002082,DEV-ONCOLOGY-WIR-037,0,1,1,1,1,0.0,0.0,0,0,LOW,0
CFG-0002083,DEV-CLINIC-ACC-034,0,1,1,1,1,0.0,0.0,0,0,LOW,0
CFG-0002084,DEV-PHARM-VPN-047,0,1,1,0,1,0.0,0.5,1,1,LOW,0
CFG-0002085,DEV-CARDIO-FIR-088,0,1,1,1,1,0.0,0.0,0,0,LOW,0
CFG-0002086,DEV-RESEARCH-FIR-086,0,1,1,1,1,0.0,0.0,0,0,LOW,0
CFG-0002087,DEV-MAIN-EDG-014,0,1,1,1,1,0.0,0.0,0,0,LOW,0
CFG-0002088,DEV-EMERGENCY-COR-022,0,1,1,1,1,0.0,0.0,0,0,LOW,0
CFG-0002089,DEV-RESEARCH-SWI-079,0,1,1,1,1,0.0,0.0,0,0,LOW,0
CFG-0002090,DEV-EMERGENCY-IOT-015,1,1,1,1,1,0.4,0.0,0,1,HIGH,2
CFG-0002091,DEV-CLINIC-ACC-109,0,1,1,1,1,0.0,0.0,0,0,LOW,0
CFG-0002092,DEV-RESEARCH-FIR-086,0,1,1,1,0,0.0,0.5,1,0,LOW,0
CFG-0002093,DEV-CLINIC-ACC-034,0,1,1,1,1,0.0,0.0,0,0,LOW,0
CFG-0002094,DEV-MAIN-ACC-090,0,1,1,1,1,0.0,0.0,1,0,LOW,0
CFG-0002095,DEV-ADMIN-SWI-049,1,1,1,1,1,0.4,0.0,0,1,HIGH,2
CFG-0002096,DEV-PHARM-FIR-101,0,1,1,1,1,0.0,0.0,0,0,LOW,0
CFG-0002097,DEV-ADMIN-VPN-021,0,1,1,0,1,0.0,0.5,0,1,MEDIUM,1
CFG-0002098,DEV-RESEARCH-FIR-056,0,1,1,1,1,0.0,0.0,0,0,LOW,0
CFG-0002099,DEV-ONCOLOGY-IOT-059,0,1,1,1,1,0.0,0.0,0,0,LOW,0
CFG-0002100,DEV-CARDIO-FIR-089,0,1,1,1,1,0.0,0.0,0,0,LOW,0
CFG-0002101,DEV-CLINIC-VPN-098,0,1,1,1,1,0.0,0.0,1,0,LOW,0
CFG-0002102,DEV-CLINIC-WIR-097,0,1,1,1,1,0.0,0.0,0,0,LOW,0
CFG-0002103,DEV-PEDS-FIR-069,0,1,1,1,1,0.0,0.0,0,0,LOW,0
CFG-0002104,DEV-ONCOLOGY-SWI-039,0,1,1,1,1,0.0,0.0,0,0,LOW,0
CFG-0002105,DEV-PHARM-FIR-028,0,1,1,1,0,0.0,0.5,0,0,LOW,0
CFG-0002106,DEV-MAIN-ACC-090,1,1,1,1,1,0.4,0.0,0,1,HIGH,2
CFG-0002107,DEV-PEDS-WIR-007,0,1,1,1,1,0.0,0.0,0,0,LOW,0
CFG-0002108,DEV-PHARM-VPN-004,1,1,1,1,1,0.4,0.0,0,1,HIGH,2
CFG-0002109,DEV-MAIN-EDG-012,0,1,1,1,1,0.0,0.0,0,0,LOW,0
CFG-0002110,DEV-EMERGENCY-VPN-094,0,1,1,1,1,0.0,0.0,1,0,LOW,0
CFG-0002111,DEV-CARDIO-IOT-110,0,1,1,1,1,0.0,0.0,0,0,LOW,0
CFG-0002112,DEV-MAIN-ACC-090,1,1,1,1,1,0.4,0.0,0,1,HIGH,2
CFG-0002113,DEV-ADMIN-IOT-003,0,1,1,1,1,0.0,0.0,0,0,LOW,0
CFG-0002114,DEV-MAIN-SWI-042,0,1,1,1,1,0.0,0.0,0,0,LOW,0
CFG-0002115,DEV-PEDS-FIR-069,0,1,1,1,1,0.0,0.0,0,0,LOW,0
CFG-0002116,DEV-EMERGENCY-VPN-002,0,1,1,1,1,0.0,0.0,1,0,LOW,0
CFG-0002117,DEV-EMERGENCY-FIR-030,0,1,1,1,1,0.0,0.0,0,0,LOW,0
CFG-0002118,DEV-PEDS-WIR-007,0,1,1,1,1,0.0,0.0,0,0,LOW,0
CFG-0002119,DEV-RESEARCH-FIR-056,0,1,0,1,1,0.3,0.0,0,1,HIGH,2
CFG-0002120,DEV-CARDIO-EDG-085,0,1,1,1,1,0.0,0.0,0,0,LOW,0
CFG-0002121,DEV-ADMIN-COR-105,1,1,1,1,1,0.4,0.0,1,1,LOW,0
CFG-0002122,DEV-DIAG-SWI-032,0,1,1,0,1,0.0,0.5,0,1,MEDIUM,1
CFG-0002123,DEV-EMERGENCY-SWI-081,0,1,1,1,1,0.0,0.0,1,0,LOW,0
CFG-0002124,DEV-ADMIN-FIR-093,0,1,1,1,0,0.0,0.5,1,0,LOW,0
CFG-0002125,DEV-CLINIC-WIR-097,0,1,1,1,1,0.0,0.0,0,0,LOW,0
CFG-0002126,DEV-MAIN-SWI-042,0,1,1,1,1,0.0,0.0,0,0,LOW,0
CFG-0002127,DEV-RESEARCH-EDG-055,0,1,1,1,1,0.0,0.0,0,0,LOW,0
CFG-0002128,DEV-DIAG-COR-009,0,1,0,1,1,0.3,0.0,0,1,HIGH,2
CFG-0002129,DEV-RESEARCH-VPN-045,0,1,1,1,1,0.0,0.0,0,0,LOW,0
CFG-0002130,DEV-DIAG-EDG-067,0,1,1,1,0,0.0,0.5,0,0,LOW,0
CFG-0002131,DEV-ONCOLOGY-IOT-070,0,1,1,1,1,0.0,0.0,0,0,LOW,0
CFG-0002133,DEV-ADMIN-FIR-024,0,1,1,1,1,0.0,0.0,1,0,LOW,0
CFG-0002134,DEV-ONCOLOGY-VPN-075,0,1,1,1,1,0.0,0.0,1,0,LOW,0
CFG-0002135,DEV-CLINIC-VPN-098,0,1,1,0,1,0.0,0.5,1,1,LOW,0
CFG-0002136,DEV-ONCOLOGY-SWI-039,0,1,1,1,1,0.0,0.0,0,0,LOW,0
CFG-0002137,DEV-PHARM-ACC-083,0,1,1,1,1,0.0,0.0,0,0,LOW,0
CFG-0002138,DEV-RESEARCH-SWI-020,0,1,1,1,1,0.0,0.0,0,0,LOW,0
CFG-0002139,DEV-MAIN-EDG-071,0,1,1,1,1,0.0,0.0,0,0,LOW,0
CFG-0002140,DEV-PHARM-IOT-107,0,1,1,1,1,0.0,0.0,0,0,LOW,0
CFG-0002141,DEV-RESEARCH-EDG-055,0,1,1,1,1,0.0,0.0,0,0,LOW,0
CFG-0002142,DEV-PHARM-COR-106,0,1,1,1,1,0.0,0.0,0,0,LOW,0
CFG-0002143,DEV-EMERGENCY-FIR-058,0,1,1,1,1,0.0,0.0,0,0,LOW,0
CFG-0002144,DEV-MAIN-ACC-090,0,1,1,1,1,0.0,0.0,0,0,LOW,0
CFG-0002145,DEV-MAIN-EDG-014,0,1,1,1,1,0.0,0.0,0,0,LOW,0
CFG-0002146,DEV-DIAG-ACC-103,0,1,1,1,1,0.0,0.0,1,0,LOW,0
CFG-0002147,DEV-DIAG-SWI-032,0,1,1,1,1,0.0,0.0,0,0,LOW,0
CFG-0002148,DEV-ADMIN-EDG-050,0,1,1,1,1,0.0,0.0,0,0,LOW,0
CFG-0002149,DEV-MAIN-ACC-077,0,1,1,1,1,0.0,0.0,1,0,LOW,0
CFG-0002150,DEV-CLINIC-VPN-051,0,1,1,1,1,0.0,0.0,0,0,LOW,0
CFG-0002151,DEV-MAIN-ACC-077,1,1,1,1,1,0.4,0.0,0,1,HIGH,2
CFG-0002152,DEV-PHARM-IOT-107,0,1,1,1,1,0.0,0.0,0,0,LOW,0
CFG-0002153,DEV-CLINIC-VPN-051,0,1,1,0,1,0.0,0.5,0,1,MEDIUM,1
CFG-0002154,DEV-CARDIO-IOT-006,0,1,1,1,1,0.0,0.0,1,0,LOW,0
CFG-0002155,DEV-ONCOLOGY-IOT-059,0,1,1,0,1,0.0,0.5,0,1,MEDIUM,1
CFG-0002156,DEV-CARDIO-COR-063,0,1,1,1,1,0.0,0.0,0,0,LOW,0
CFG-0002157,DEV-CLINIC-FIR-087,0,1,1,1,1,0.0,0.0,0,0,LOW,0
CFG-0002158,DEV-RESEARCH-EDG-055,0,1,1,0,1,0.0,0.5,1,1,LOW,0
CFG-0002159,DEV-CLINIC-ACC-034,0,1,1,1,1,0.0,0.0,0,0,LOW,0
CFG-0002160,DEV-CLINIC-ACC-034,0,1,0,1,1,0.3,0.0,0,1,HIGH,2
CFG-0002161,DEV-ADMIN-FIR-093,0,1,1,1,1,0.0,0.0,1,0,LOW,0
CFG-0002162,DEV-DIAG-SWI-032,0,1,1,1,1,0.0,0.0,1,0,LOW,0
CFG-0002163,DEV-ONCOLOGY-IOT-059,0,1,1,1,1,0.0,0.0,0,0,LOW,0
CFG-0002164,DEV-MAIN-FIR-064,0,1,1,1,0,0.0,0.5,1,0,LOW,0
CFG-0002165,DEV-RESEARCH-IOT-072,0,1,1,1,1,0.0,0.0,0,0,LOW,0
CFG-0002166,DEV-CLINIC-EDG-048,0,1,1,1,1,0.0,0.0,1,0,LOW,0
CFG-0002167,DEV-PEDS-WIR-007,0,1,1,1,1,0.0,0.0,1,0,LOW,0
CFG-0002168,DEV-MAIN-ACC-090,0,1,1,1,1,0.0,0.0,1,0,LOW,0
CFG-0002169,DEV-EMERGENCY-SWI-096,0,1,0,1,1,0.3,0.0,0,1,HIGH,2
CFG-0002170,DEV-CLINIC-ACC-033,0,1,1,1,0,0.0,0.5,0,0,LOW,0
CFG-0002171,DEV-CARDIO-SWI-062,0,1,1,1,1,0.0,0.0,0,0,LOW,0
CFG-0002172,DEV-CARDIO-VPN-011,0,1,1,1,1,0.0,0.0,0,0,LOW,0
CFG-0002173,DEV-MAIN-FIR-091,0,1,0,1,1,0.3,0.0,0,1,HIGH,2
CFG-0002174,DEV-ADMIN-IOT-003,0,1,1,1,1,0.0,0.0,0,0,LOW,0
CFG-0002175,DEV-CARDIO-ACC-068,0,1,1,0,1,0.0,0.5,0,1,MEDIUM,1
CFG-0002176,DEV-EMERGENCY-SWI-081,0,1,1,1,1,0.0,0.0,1,0,LOW,0
CFG-0002177,DEV-PEDS-WIR-040,0,1,1,1,1,0.0,0.0,0,0,LOW,0
CFG-0002178,DEV-RESEARCH-SWI-100,1,1,1,1,1,0.4,0.0,0,1,HIGH,2
CFG-0002179,DEV-PHARM-VPN-047,0,1,1,1,1,0.0,0.0,0,0,LOW,0
CFG-0002180,DEV-ONCOLOGY-SWI-039,0,1,1,1,1,0.0,0.0,0,0,LOW,0
CFG-0002181,DEV-PHARM-FIR-028,0,1,0,1,1,0.3,0.0,0,1,HIGH,2
CFG-0002182,DEV-EMERGENCY-COR-065,0,1,1,1,1,0.0,0.0,1,0,LOW,0
CFG-0002183,DEV-PEDS-IOT-046,0,1,1,1,1,0.0,0.0,1,0,LOW,0
CFG-0002184,DEV-DIAG-ACC-103,0,1,1,1,1,0.0,0.0,1,0,LOW,0
CFG-0002185,DEV-DIAG-EDG-080,0,1,0,1,1,0.3,0.0,0,1,HIGH,2
CFG-0002186,DEV-MAIN-FIR-064,0,1,1,1,1,0.0,0.0,0,0,LOW,0
CFG-0002187,DEV-EMERGENCY-COR-065,0,1,1,1,1,0.0,0.0,1,0,LOW,0
CFG-0002188,DEV-ONCOLOGY-WIR-037,0,1,1,1,1,0.0,0.0,0,0,LOW,0
CFG-0002189,DEV-CARDIO-VPN-011,0,1,1,1,1,0.0,0.0,0,0,LOW,0
CFG-0002190,DEV-DIAG-WIR-084,0,1,1,1,1,0.0,0.0,0,0,LOW,0
CFG-0002191,DEV-ADMIN-EDG-050,0,1,1,1,1,0.0,0.0,1,0,LOW,0
CFG-0002192,DEV-RESEARCH-FIR-056,0,1,1,1,1,0.0,0.0,1,0,LOW,0
CFG-0002193,DEV-PHARM-EDG-038,0,1,1,1,1,0.0,0.0,0,0,LOW,0
CFG-0002194,DEV-MAIN-FIR-091,0,1,1,1,1,0.0,0.0,1,0,LOW,0
CFG-0002195,DEV-MAIN-IOT-018,0,1,1,1,1,0.0,0.0,1,0,LOW,0
CFG-0002196,DEV-DIAG-SWI-032,0,1,1,1,1,0.0,0.0,1,0,LOW,0
CFG-0002197,DEV-CARDIO-FIR-088,0,1,1,1,1,0.0,0.0,0,0,LOW,0
CFG-0002198,DEV-CARDIO-EDG-085,0,1,1,1,1,0.0,0.0,1,0,LOW,0
CFG-0002199,DEV-PEDS-FIR-069,0,1,1,1,1,0.0,0.0,0,0,LOW,0
CFG-0002200,DEV-DIAG-SWI-060,0,1,1,1,1,0.0,0.0,0,0,LOW,0
CFG-0002201,DEV-DIAG-SWI-060,0,1,1,1,1,0.0,0.0,0,0,LOW,0
CFG-0002202,DEV-RESEARCH-FIR-086,0,1,1,1,1,0.0,0.0,0,0,LOW,0
CFG-0002203,DEV-EMERGENCY-COR-022,0,1,1,1,1,0.0,0.0,0,0,LOW,0
CFG-0002204,DEV-DIAG-SWI-032,0,1,1,1,1,0.0,0.0,0,0,LOW,0
CFG-0002205,DEV-PHARM-VPN-047,0,1,1,0,1,0.0,0.5,0,1,MEDIUM,1
CFG-0002206,DEV-CLINIC-EDG-048,0,1,1,1,1,0.0,0.0,0,0,LOW,0
CFG-0002207,DEV-ONCOLOGY-IOT-059,1,1,1,0,1,0.4,0.5,1,2,LOW,0
CFG-0002208,DEV-RESEARCH-SWI-001,0,1,1,1,1,0.0,0.0,1,0,LOW,0
CFG-0002209,DEV-ONCOLOGY-WIR-037,0,1,1,1,1,0.0,0.0,0,0,LOW,0
CFG-0002210,DEV-DIAG-EDG-067,0,1,1,1,1,0.0,0.0,0,0,LOW,0
CFG-0002211,DEV-EMERGENCY-IOT-015,0,1,1,1,1,0.0,0.0,0,0,LOW,0
CFG-0002212,DEV-PEDS-IOT-035,0,1,1,1,1,0.0,0.0,0,0,LOW,0
CFG-0002213,DEV-EMERGENCY-VPN-094,0,1,1,1,1,0.0,0.0,1,0,LOW,0
CFG-0002214,DEV-MAIN-EDG-071,0,1,1,1,1,0.0,0.0,0,0,LOW,0
CFG-0002215,DEV-ONCOLOGY-ACC-053,0,1,1,1,1,0.0,0.0,0,0,LOW,0
CFG-0002216,DEV-MAIN-EDG-012,0,1,1,1,1,0.0,0.0,0,0,LOW,0
CFG-0002217,DEV-PHARM-FIR-010,0,1,1,1,1,0.0,0.0,1,0,LOW,0
CFG-0002218,DEV-MAIN-SWI-044,0,1,1,1,1,0.0,0.0,1,0,LOW,0
CFG-0002219,DEV-RESEARCH-FIR-078,0,1,1,1,1,0.0,0.0,1,0,LOW,0
CFG-0002220,DEV-MAIN-EDG-014,0,1,1,1,1,0.0,0.0,0,0,LOW,0
CFG-0002221,DEV-RESEARCH-VPN-045,0,1,1,1,1,0.0,0.0,0,0,LOW,0
CFG-0002222,DEV-RESEARCH-VPN-045,0,1,1,1,1,0.0,0.0,0,0,LOW,0
CFG-0002223,DEV-EMERGENCY-COR-065,0,1,1,1,1,0.0,0.0,0,0,LOW,0
CFG-0002224,DEV-MAIN-WIR-043,0,1,1,1,1,0.0,0.0,1,0,LOW,0
CFG-0002225,DEV-CLINIC-ACC-034,0,1,1,1,1,0.0,0.0,0,0,LOW,0
CFG-0002226,DEV-PEDS-FIR-069,0,1,1,1,0,0.0,0.5,0,0,LOW,0
CFG-0002227,DEV-CARDIO-SWI-062,1,1,1,1,1,0.4,0.0,0,1,HIGH,2
CFG-0002228,DEV-EMERGENCY-FIR-030,0,1,1,1,1,0.0,0.0,0,0,LOW,0
CFG-0002229,DEV-CLINIC-IOT-041,0,1,1,1,1,0.0,0.0,0,0,LOW,0
CFG-0002230,DEV-CARDIO-SWI-062,0,1,1,1,1,0.0,0.0,0,0,LOW,0
CFG-0002231,DEV-EMERGENCY-SWI-099,0,1,1,1,1,0.0,0.0,0,0,LOW,0
CFG-0002232,DEV-CLINIC-ACC-027,0,1,1,1,1,0.0,0.0,0,0,LOW,0
CFG-0002233,DEV-EMERGENCY-COR-022,1,1,1,1,1,0.4,0.0,1,1,LOW,0
CFG-0002234,DEV-ADMIN-IOT-003,0,1,1,1,1,0.0,0.0,1,0,LOW,0
CFG-0002235,DEV-EMERGENCY-FIR-058,0,1,1,1,1,0.0,0.0,0,0,LOW,0
CFG-0002236,DEV-EMERGENCY-VPN-002,1,1,1,1,1,0.4,0.0,1,1,LOW,0
CFG-0002237,DEV-DIAG-ACC-103,0,1,1,1,1,0.0,0.0,0,0,LOW,0
CFG-0002238,DEV-DIAG-SWI-092,0,1,1,1,1,0.0,0.0,0,0,LOW,0
CFG-0002239,DEV-EMERGENCY-SWI-052,0,1,1,1,1,0.0,0.0,1,0,LOW,0
CFG-0002240,DEV-MAIN-IOT-005,0,1,1,1,1,0.0,0.0,0,0,LOW,0
CFG-0002241,DEV-RESEARCH-FIR-086,0,1,1,1,1,0.0,0.0,0,0,LOW,0
CFG-0002242,DEV-PEDS-IOT-035,0,1,1,1,1,0.0,0.0,0,0,LOW,0
CFG-0002243,DEV-PHARM-VPN-023,0,1,1,1,1,0.0,0.0,0,0,LOW,0
CFG-0002244,DEV-MAIN-IOT-005,0,1,1,1,1,0.0,0.0,0,0,LOW,0
CFG-0002245,DEV-ONCOLOGY-VPN-075,0,1,1,0,1,0.0,0.5,0,1,MEDIUM,1
CFG-0002246,DEV-ONCOLOGY-ACC-016,0,1,1,1,1,0.0,0.0,1,0,LOW,0
CFG-0002247,DEV-ADMIN-FIR-093,0,1,1,1,1,0.0,0.0,1,0,LOW,0
CFG-0002248,DEV-PEDS-WIR-040,0,1,0,1,1,0.3,0.0,0,1,HIGH,2
CFG-0002249,DEV-ONCOLOGY-ACC-016,0,1,1,1,1,0.0,0.0,0,0,LOW,0
CFG-0002250,DEV-RESEARCH-FIR-086,1,1,1,1,0,0.4,0.5,0,1,HIGH,2
CFG-0002251,DEV-DIAG-FIR-108,0,1,1,1,0,0.0,0.5,0,0,LOW,0
CFG-0002252,DEV-MAIN-ACC-077,0,1,0,1,1,0.3,0.0,0,1,HIGH,2
CFG-0002253,DEV-EMERGENCY-SWI-066,0,1,1,0,1,0.0,0.5,0,1,MEDIUM,1
CFG-0002254,DEV-MAIN-EDG-014,0,1,1,1,1,0.0,0.0,0,0,LOW,0
CFG-0002255,DEV-PEDS-WIR-007,0,1,1,1,1,0.0,0.0,0,0,LOW,0
CFG-0002256,DEV-CLINIC-VPN-051,1,1,1,1,1,0.4,0.0,0,1,HIGH,2
CFG-0002257,DEV-PEDS-IOT-035,0,1,1,1,1,0.0,0.0,0,0,LOW,0
CFG-0002258,DEV-MAIN-SWI-044,0,1,1,1,1,0.0,0.0,0,0,LOW,0
CFG-0002259,DEV-ADMIN-WIR-013,0,1,1,1,1,0.0,0.0,0,0,LOW,0
CFG-0002260,DEV-PHARM-COR-106,0,1,1,1,1,0.0,0.0,1,0,LOW,0
CFG-0002261,DEV-DIAG-ACC-036,0,1,1,1,1,0.0,0.0,1,0,LOW,0
CFG-0002262,DEV-PEDS-ACC-104,0,1,1,1,1,0.0,0.0,1,0,LOW,0
CFG-0002263,DEV-EMERGENCY-SWI-099,0,1,1,1,1,0.0,0.0,0,0,LOW,0
CFG-0002264,DEV-ONCOLOGY-IOT-059,0,1,1,1,1,0.0,0.0,0,0,LOW,0
CFG-0002265,DEV-EMERGENCY-SWI-099,0,1,1,1,1,0.0,0.0,0,0,LOW,0
CFG-0002266,DEV-MAIN-EDG-014,0,1,0,1,1,0.3,0.0,1,1,LOW,0
CFG-0002267,DEV-ONCOLOGY-VPN-075,0,1,1,1,1,0.0,0.0,0,0,LOW,0
CFG-0002268,DEV-CLINIC-VPN-029,1,1,1,1,1,0.4,0.0,0,1,HIGH,2
CFG-0002269,DEV-ADMIN-VPN-021,0,1,1,1,1,0.0,0.0,0,0,LOW,0
CFG-0002270,DEV-PEDS-WIR-040,1,1,1,1,1,0.4,0.0,0,1,HIGH,2
CFG-0002271,DEV-EMERGENCY-COR-065,0,1,1,1,1,0.0,0.0,0,0,LOW,0
CFG-0002272,DEV-CARDIO-VPN-011,0,1,1,1,1,0.0,0.0,0,0,LOW,0
CFG-0002273,DEV-MAIN-FIR-064,0,1,1,1,1,0.0,0.0,1,0,LOW,0
CFG-0002274,DEV-RESEARCH-SWI-001,0,1,1,1,0,0.0,0.5,1,0,LOW,0
CFG-0002275,DEV-ONCOLOGY-ACC-053,0,1,1,1,1,0.0,0.0,1,0,LOW,0
CFG-0002276,DEV-CARDIO-IOT-006,0,1,0,1,1,0.3,0.0,1,1,LOW,0
CFG-0002277,DEV-EMERGENCY-COR-065,0,1,0,1,1,0.3,0.0,0,1,HIGH,2
CFG-0002278,DEV-CLINIC-WIR-097,0,1,1,0,1,0.0,0.5,0,1,MEDIUM,1
CFG-0002279,DEV-DIAG-SWI-032,0,1,1,1,1,0.0,0.0,0,0,LOW,0
CFG-0002280,DEV-CLINIC-VPN-051,0,1,1,1,1,0.0,0.0,0,0,LOW,0
CFG-0002281,DEV-CLINIC-ACC-027,0,1,1,1,1,0.0,0.0,0,0,LOW,0
CFG-0002282,DEV-MAIN-EDG-012,0,1,1,1,1,0.0,0.0,0,0,LOW,0
CFG-0002283,DEV-MAIN-SWI-042,0,1,1,1,1,0.0,0.0,0,0,LOW,0
CFG-0002284,DEV-DIAG-EDG-080,0,1,1,1,1,0.0,0.0,0,0,LOW,0
CFG-0002285,DEV-MAIN-IOT-005,0,1,1,1,1,0.0,0.0,0,0,LOW,0
CFG-0002286,DEV-CLINIC-VPN-098,0,1,1,0,1,0.0,0.5,0,1,MEDIUM,1
CFG-0002287,DEV-CARDIO-IOT-006,0,1,1,1,0,0.0,0.5,0,0,LOW,0
CFG-0002288,DEV-ADMIN-WIR-013,1,1,1,1,1,0.4,0.0,0,1,HIGH,2
CFG-0002289,DEV-ONCOLOGY-ACC-053,0,1,1,1,1,0.0,0.0,0,0,LOW,0
CFG-0002290,DEV-RESEARCH-SWI-100,0,1,1,1,1,0.0,0.0,0,0,LOW,0
CFG-0002291,DEV-MAIN-ACC-090,0,1,1,1,1,0.0,0.0,0,0,LOW,0
CFG-0002292,DEV-CLINIC-ACC-033,0,1,1,1,1,0.0,0.0,0,0,LOW,0
CFG-0002293,DEV-EMERGENCY-COR-022,0,1,0,1,1,0.3,0.0,0,1,HIGH,2
CFG-0002294,DEV-CLINIC-SWI-082,0,1,1,1,1,0.0,0.0,1,0,LOW,0
CFG-0002295,DEV-RESEARCH-SWI-020,0,1,1,1,1,0.0,0.0,0,0,LOW,0
CFG-0002296,DEV-RESEARCH-FIR-056,0,1,0,1,1,0.3,0.0,0,1,HIGH,2
CFG-0002297,DEV-MAIN-FIR-091,0,1,1,1,0,0.0,0.5,1,0,LOW,0
CFG-0002298,DEV-ONCOLOGY-ACC-016,0,1,1,1,1,0.0,0.0,0,0,LOW,0
CFG-0002299,DEV-EMERGENCY-VPN-094,0,1,1,1,1,0.0,0.0,1,0,LOW,0
CFG-0002300,DEV-CLINIC-ACC-034,0,1,1,1,1,0.0,0.0,0,0,LOW,0
CFG-0002301,DEV-ONCOLOGY-FIR-061,0,1,1,1,1,0.0,0.0,0,0,LOW,0
CFG-0002302,DEV-MAIN-ACC-077,0,1,1,1,1,0.0,0.0,0,0,LOW,0
CFG-0002303,DEV-CARDIO-IOT-110,0,1,1,1,1,0.0,0.0,0,0,LOW,0
CFG-0002304,DEV-CLINIC-IOT-041,0,1,1,0,1,0.0,0.5,0,1,MEDIUM,1
CFG-0002305,DEV-MAIN-SWI-044,0,1,1,1,1,0.0,0.0,1,0,LOW,0
CFG-0002306,DEV-CLINIC-ACC-033,0,1,1,1,1,0.0,0.0,0,0,LOW,0
CFG-0002307,DEV-EMERGENCY-COR-022,0,1,1,1,1,0.0,0.0,0,0,LOW,0
CFG-0002308,DEV-CARDIO-SWI-074,0,1,1,1,1,0.0,0.0,0,0,LOW,0
CFG-0002309,DEV-EMERGENCY-IOT-073,0,1,1,1,0,0.0,0.5,0,0,LOW,0
CFG-0002310,DEV-DIAG-SWI-092,1,1,1,1,1,0.4,0.0,0,1,HIGH,2
CFG-0002311,DEV-EMERGENCY-SWI-099,0,1,1,1,0,0.0,0.5,0,0,LOW,0
CFG-0002312,DEV-RESEARCH-SWI-001,0,1,1,1,1,0.0,0.0,0,0,LOW,0
CFG-0002313,DEV-PEDS-FIR-069,1,1,0,1,1,0.7,0.0,0,2,CRITICAL,3
CFG-0002314,DEV-ADMIN-EDG-050,0,1,1,1,1,0.0,0.0,0,0,LOW,0
CFG-0002315,DEV-ADMIN-EDG-050,0,1,1,1,1,0.0,0.0,0,0,LOW,0
CFG-0002316,DEV-PEDS-ACC-104,1,1,1,1,1,0.4,0.0,0,1,HIGH,2
CFG-0002317,DEV-ONCOLOGY-VPN-075,0,1,1,1,1,0.0,0.0,0,0,LOW,0
CFG-0002318,DEV-CLINIC-SWI-082,0,1,1,1,1,0.0,0.0,1,0,LOW,0
CFG-0002319,DEV-ADMIN-EDG-050,0,1,1,0,1,0.0,0.5,0,1,MEDIUM,1
CFG-0002320,DEV-RESEARCH-VPN-045,0,1,1,1,1,0.0,0.0,0,0,LOW,0
CFG-0002321,DEV-RESEARCH-SWI-100,0,1,1,1,1,0.0,0.0,1,0,LOW,0
CFG-0002322,DEV-PHARM-IOT-107,0,1,1,1,1,0.0,0.0,0,0,LOW,0
CFG-0002323,DEV-EMERGENCY-COR-022,1,1,1,1,1,0.4,0.0,0,1,HIGH,2
CFG-0002324,DEV-RESEARCH-SWI-001,0,1,1,1,1,0.0,0.0,1,0,LOW,0
CFG-0002325,DEV-ADMIN-IOT-003,0,1,1,1,1,0.0,0.0,0,0,LOW,0
CFG-0002326,DEV-DIAG-SWI-060,0,1,1,0,1,0.0,0.5,0,1,MEDIUM,1
CFG-0002327,DEV-RESEARCH-SWI-020,0,1,1,0,1,0.0,0.5,1,1,LOW,0
CFG-0002328,DEV-RESEARCH-IOT-072,0,1,1,1,1,0.0,0.0,0,0,LOW,0
CFG-0002329,DEV-ADMIN-FIR-093,0,1,1,1,1,0.0,0.0,0,0,LOW,0
CFG-0002330,DEV-ADMIN-COR-105,0,1,1,1,1,0.0,0.0,1,0,LOW,0
CFG-0002331,DEV-MAIN-EDG-012,0,1,1,1,0,0.0,0.5,1,0,LOW,0
CFG-0002332,DEV-ONCOLOGY-IOT-070,0,1,1,1,1,0.0,0.0,0,0,LOW,0
CFG-0002333,DEV-RESEARCH-FIR-078,0,1,1,1,0,0.0,0.5,0,0,LOW,0
CFG-0002334,DEV-ADMIN-FIR-093,0,1,1,1,1,0.0,0.0,0,0,LOW,0
CFG-0002335,DEV-EMERGENCY-SWI-066,0,1,1,1,1,0.0,0.0,0,0,LOW,0
CFG-0002336,DEV-MAIN-VPN-026,0,1,1,1,1,0.0,0.0,1,0,LOW,0
CFG-0002337,DEV-ONCOLOGY-ACC-053,0,1,1,1,1,0.0,0.0,0,0,LOW,0
CFG-0002338,DEV-RESEARCH-SWI-079,1,1,1,0,1,0.4,0.5,0,2,HIGH,2
CFG-0002339,DEV-CARDIO-COR-063,0,1,1,0,1,0.0,0.5,0,1,MEDIUM,1
CFG-0002340,DEV-ADMIN-FIR-024,0,1,1,1,1,0.0,0.0,0,0,LOW,0
CFG-0002341,DEV-MAIN-FIR-064,0,1,0,1,1,0.3,0.0,0,1,HIGH,2
CFG-0002342,DEV-EMERGENCY-IOT-015,0,1,1,1,0,0.0,0.5,0,0,LOW,0
CFG-0002343,DEV-ADMIN-IOT-003,0,1,1,1,1,0.0,0.0,1,0,LOW,0
CFG-0002344,DEV-PEDS-IOT-035,0,1,1,1,1,0.0,0.0,0,0,LOW,0
CFG-0002345,DEV-ONCOLOGY-FIR-061,0,1,1,1,1,0.0,0.0,0,0,LOW,0
CFG-0002346,DEV-PHARM-ACC-083,0,1,1,1,1,0.0,0.0,0,0,LOW,0
CFG-0002347,DEV-PEDS-VPN-025,0,1,1,1,0,0.0,0.5,0,0,LOW,0
CFG-0002348,DEV-RESEARCH-FIR-086,0,1,1,0,1,0.0,0.5,0,1,MEDIUM,1
CFG-0002349,DEV-PHARM-VPN-047,0,1,1,1,1,0.0,0.0,0,0,LOW,0
CFG-0002350,DEV-MAIN-WIR-043,0,1,1,1,1,0.0,0.0,0,0,LOW,0
CFG-0002352,DEV-ADMIN-EDG-050,0,1,1,0,1,0.0,0.5,0,1,MEDIUM,1
CFG-0002353,DEV-DIAG-WIR-084,0,1,1,1,1,0.0,0.0,0,0,LOW,0
CFG-0002354,DEV-MAIN-EDG-014,1,1,1,1,1,0.4,0.0,0,1,HIGH,2
CFG-0002355,DEV-PHARM-VPN-023,0,1,1,1,1,0.0,0.0,0,0,LOW,0
CFG-0002356,DEV-RESEARCH-FIR-078,0,1,1,1,1,0.0,0.0,1,0,LOW,0
CFG-0002357,DEV-EMERGENCY-VPN-002,0,1,1,1,1,0.0,0.0,0,0,LOW,0
CFG-0002359,DEV-MAIN-EDG-071,1,1,1,1,1,0.4,0.0,0,1,HIGH,2
CFG-0002360,DEV-RESEARCH-SWI-001,0,1,1,1,1,0.0,0.0,1,0,LOW,0
CFG-0002361,DEV-ADMIN-FIR-093,0,1,1,1,1,0.0,0.0,0,0,LOW,0
CFG-0002362,DEV-ONCOLOGY-SWI-039,0,1,1,1,1,0.0,0.0,0,0,LOW,0
CFG-0002363,DEV-PHARM-FIR-101,0,1,1,1,1,0.0,0.0,0,0,LOW,0
CFG-0002364,DEV-RESEARCH-FIR-086,0,1,1,1,1,0.0,0.0,0,0,LOW,0
CFG-0002365,DEV-EMERGENCY-VPN-002,0,1,1,0,1,0.0,0.5,1,1,LOW,0
CFG-0002366,DEV-CLINIC-ACC-109,0,1,0,1,1,0.3,0.0,0,1,HIGH,2
CFG-0002367,DEV-EMERGENCY-IOT-015,0,1,1,1,1,0.0,0.0,1,0,LOW,0
CFG-0002368,DEV-MAIN-FIR-091,0,1,1,1,1,0.0,0.0,0,0,LOW,0
CFG-0002369,DEV-CARDIO-IOT-006,0,1,1,1,1,0.0,0.0,1,0,LOW,0
CFG-0002370,DEV-PHARM-COR-106,0,1,1,1,1,0.0,0.0,1,0,LOW,0
CFG-0002371,DEV-DIAG-SWI-092,0,1,0,1,1,0.3,0.0,0,1,HIGH,2
CFG-0002372,DEV-CLINIC-VPN-051,0,1,1,1,1,0.0,0.0,0,0,LOW,0
CFG-0002373,DEV-DIAG-WIR-084,0,1,1,1,1,0.0,0.0,0,0,LOW,0
CFG-0002375,DEV-ADMIN-EDG-050,0,1,1,1,1,0.0,0.0,1,0,LOW,0
CFG-0002376,DEV-ONCOLOGY-FIR-061,1,1,1,1,1,0.4,0.0,0,1,HIGH,2
CFG-0002377,DEV-MAIN-EDG-012,0,1,1,1,1,0.0,0.0,0,0,LOW,0
CFG-0002378,DEV-ONCOLOGY-ACC-016,0,1,1,1,1,0.0,0.0,0,0,LOW,0
CFG-0002379,DEV-RESEARCH-FIR-031,0,1,1,1,1,0.0,0.0,0,0,LOW,0
CFG-0002380,DEV-ONCOLOGY-SWI-039,0,1,1,1,1,0.0,0.0,1,0,LOW,0
CFG-0002381,DEV-PHARM-VPN-004,0,1,1,1,1,0.0,0.0,1,0,LOW,0
CFG-0002383,DEV-DIAG-EDG-080,0,1,1,1,1,0.0,0.0,0,0,LOW,0
CFG-0002384,DEV-ONCOLOGY-FIR-061,0,1,1,1,1,0.0,0.0,0,0,LOW,0
CFG-0002385,DEV-CARDIO-EDG-085,0,1,1,1,1,0.0,0.0,0,0,LOW,0
CFG-0002386,DEV-PEDS-COR-019,0,1,1,1,1,0.0,0.0,1,0,LOW,0
CFG-0002387,DEV-PEDS-IOT-046,0,1,1,1,1,0.0,0.0,0,0,LOW,0
CFG-0002388,DEV-DIAG-FIR-108,0,1,1,1,1,0.0,0.0,0,0,LOW,0
CFG-0002389,DEV-CLINIC-SWI-082,0,1,1,1,1,0.0,0.0,0,0,LOW,0
CFG-0002390,DEV-CLINIC-VPN-098,0,1,1,1,1,0.0,0.0,0,0,LOW,0
CFG-0002391,DEV-EMERGENCY-SWI-081,0,1,1,1,1,0.0,0.0,0,0,LOW,0
CFG-0002392,DEV-CLINIC-SWI-082,1,1,1,1,1,0.4,0.0,1,1,LOW,0
CFG-0002393,DEV-EMERGENCY-SWI-081,0,1,1,1,1,0.0,0.0,0,0,LOW,0
CFG-0002394,DEV-ADMIN-IOT-003,0,1,1,1,0,0.0,0.5,0,0,LOW,0
CFG-0002396,DEV-PEDS-WIR-040,0,1,1,1,1,0.0,0.0,0,0,LOW,0
CFG-0002397,DEV-CLINIC-SWI-082,0,1,1,1,1,0.0,0.0,1,0,LOW,0
CFG-0002398,DEV-EMERGENCY-COR-022,0,1,1,1,1,0.0,0.0,0,0,LOW,0
CFG-0002399,DEV-MAIN-IOT-018,0,1,1,1,1,0.0,0.0,0,0,LOW,0
CFG-0002400,DEV-MAIN-EDG-012,0,1,1,1,1,0.0,0.0,1,0,LOW,0
CFG-0002401,DEV-CARDIO-COR-063,0,1,1,1,1,0.0,0.0,0,0,LOW,0
CFG-0002402,DEV-PHARM-ACC-083,1,1,1,1,1,0.4,0.0,0,1,HIGH,2
CFG-0002403,DEV-ONCOLOGY-SWI-039,0,1,1,1,1,0.0,0.0,0,0,LOW,0
CFG-0002404,DEV-ONCOLOGY-IOT-059,0,1,1,1,1,0.0,0.0,1,0,LOW,0
CFG-0002405,DEV-EMERGENCY-FIR-030,0,1,1,1,1,0.0,0.0,0,0,LOW,0
CFG-0002406,DEV-CARDIO-VPN-011,0,1,1,1,0,0.0,0.5,1,0,LOW,0
CFG-0002407,DEV-CARDIO-COR-063,0,1,1,1,1,0.0,0.0,0,0,LOW,0
CFG-0002408,DEV-PEDS-IOT-035,0,1,1,1,1,0.0,0.0,0,0,LOW,0
CFG-0002409,DEV-EMERGENCY-IOT-015,0,1,1,1,1,0.0,0.0,0,0,LOW,0
CFG-0002410,DEV-DIAG-SWI-092,0,1,1,1,1,0.0,0.0,0,0,LOW,0
CFG-0002411,DEV-EMERGENCY-FIR-030,0,1,1,1,1,0.0,0.0,0,0,LOW,0
CFG-0002412,DEV-ADMIN-FIR-024,0,1,1,1,0,0.0,0.5,1,0,LOW,0
CFG-0002413,DEV-ONCOLOGY-WIR-037,0,1,0,1,1,0.3,0.0,0,1,HIGH,2
CFG-0002414,DEV-PHARM-VPN-102,0,1,1,1,1,0.0,0.0,0,0,LOW,0
CFG-0002415,DEV-PEDS-IOT-046,0,1,1,1,0,0.0,0.5,0,0,LOW,0
CFG-0002416,DEV-PEDS-COR-054,0,1,1,1,1,0.0,0.0,0,0,LOW,0
CFG-0002417,DEV-MAIN-SWI-044,0,1,1,1,1,0.0,0.0,0,0,LOW,0
CFG-0002418,DEV-MAIN-SWI-042,1,1,1,1,1,0.4,0.0,0,1,HIGH,2
CFG-0002419,DEV-MAIN-WIR-043,0,1,0,1,1,0.3,0.0,0,1,HIGH,2
CFG-0002420,DEV-RESEARCH-SWI-079,0,1,1,1,1,0.0,0.0,1,0,LOW,0
CFG-0002421,DEV-ADMIN-IOT-003,0,1,1,1,1,0.0,0.0,0,0,LOW,0
CFG-0002422,DEV-PEDS-WIR-040,0,1,1,1,1,0.0,0.0,0,0,LOW,0
CFG-0002423,DEV-EMERGENCY-SWI-096,0,1,1,1,1,0.0,0.0,0,0,LOW,0
CFG-0002424,DEV-DIAG-SWI-092,0,1,0,1,1,0.3,0.0,1,1,LOW,0
CFG-0002425,DEV-PHARM-FIR-010,0,1,1,1,1,0.0,0.0,1,0,LOW,0
CFG-0002426,DEV-DIAG-WIR-084,0,1,0,1,1,0.3,0.0,0,1,HIGH,2
CFG-0002427,DEV-ADMIN-SWI-049,0,1,1,1,1,0.0,0.0,1,0,LOW,0
CFG-0002428,DEV-MAIN-SWI-044,0,1,1,1,1,0.0,0.0,1,0,LOW,0
CFG-0002429,DEV-DIAG-EDG-080,1,1,1,1,1,0.4,0.0,1,1,LOW,0
CFG-0002430,DEV-PEDS-WIR-095,0,1,1,0,1,0.0,0.5,0,1,MEDIUM,1
CFG-0002431,DEV-CLINIC-VPN-029,0,1,0,1,1,0.3,0.0,0,1,HIGH,2
CFG-0002432,DEV-DIAG-SWI-032,0,1,1,1,1,0.0,0.0,0,0,LOW,0
CFG-0002433,DEV-DIAG-EDG-067,0,1,1,1,1,0.0,0.0,1,0,LOW,0
CFG-0002434,DEV-CARDIO-ACC-068,0,1,1,1,1,0.0,0.0,0,0,LOW,0
CFG-0002435,DEV-EMERGENCY-VPN-002,0,1,1,1,1,0.0,0.0,0,0,LOW,0
CFG-0002436,DEV-CARDIO-EDG-085,0,1,1,1,1,0.0,0.0,0,0,LOW,0
CFG-0002437,DEV-MAIN-WIR-043,0,1,1,1,1,0.0,0.0,0,0,LOW,0
CFG-0002438,DEV-ADMIN-FIR-024,0,1,1,1,1,0.0,0.0,0,0,LOW,0
CFG-0002439,DEV-DIAG-EDG-080,0,1,1,1,1,0.0,0.0,1,0,LOW,0
CFG-0002440,DEV-EMERGENCY-VPN-094,0,1,1,1,1,0.0,0.0,0,0,LOW,0
CFG-0002441,DEV-ONCOLOGY-IOT-059,0,1,1,1,1,0.0,0.0,0,0,LOW,0
CFG-0002442,DEV-PHARM-COR-106,0,1,1,1,1,0.0,0.0,0,0,LOW,0
CFG-0002443,DEV-MAIN-SWI-017,0,1,1,1,1,0.0,0.0,0,0,LOW,0
CFG-0002444,DEV-EMERGENCY-VPN-094,0,1,1,1,1,0.0,0.0,0,0,LOW,0
CFG-0002445,DEV-PEDS-WIR-040,0,1,1,1,1,0.0,0.0,0,0,LOW,0
CFG-0002446,DEV-EMERGENCY-VPN-002,1,1,1,1,1,0.4,0.0,0,1,HIGH,2
CFG-0002447,DEV-EMERGENCY-COR-022,0,1,1,1,1,0.0,0.0,0,0,LOW,0
CFG-0002448,DEV-MAIN-IOT-018,0,1,1,0,1,0.0,0.5,1,1,LOW,0
CFG-0002449,DEV-EMERGENCY-SWI-099,0,1,1,1,1,0.0,0.0,0,0,LOW,0
CFG-0002450,DEV-PEDS-WIR-040,0,1,1,1,1,0.0,0.0,1,0,LOW,0
CFG-0002451,DEV-CLINIC-VPN-029,0,1,1,1,1,0.0,0.0,0,0,LOW,0
CFG-0002452,DEV-PHARM-VPN-102,0,1,1,1,1,0.0,0.0,0,0,LOW,0
CFG-0002453,DEV-CARDIO-IOT-006,0,1,1,1,1,0.0,0.0,0,0,LOW,0
CFG-0002454,DEV-MAIN-SWI-017,0,1,1,0,1,0.0,0.5,0,1,MEDIUM,1
CFG-0002455,DEV-EMERGENCY-IOT-015,0,1,1,1,1,0.0,0.0,0,0,LOW,0
CFG-0002456,DEV-CARDIO-SWI-074,0,1,1,1,1,0.0,0.0,0,0,LOW,0
CFG-0002457,DEV-EMERGENCY-IOT-073,0,1,1,1,1,0.0,0.0,0,0,LOW,0
CFG-0002458,DEV-EMERGENCY-FIR-030,0,1,1,0,1,0.0,0.5,1,1,LOW,0
CFG-0002459,DEV-EMERGENCY-SWI-099,1,1,1,1,1,0.4,0.0,0,1,HIGH,2
CFG-0002460,DEV-EMERGENCY-VPN-002,0,1,1,1,1,0.0,0.0,1,0,LOW,0
CFG-0002461,DEV-RESEARCH-EDG-057,0,1,1,1,1,0.0,0.0,0,0,LOW,0
CFG-0002462,DEV-MAIN-FIR-064,0,1,1,1,1,0.0,0.0,0,0,LOW,0
CFG-0002463,DEV-RESEARCH-SWI-079,0,1,1,1,1,0.0,0.0,0,0,LOW,0
CFG-0002464,DEV-PHARM-FIR-028,0,1,1,1,1,0.0,0.0,0,0,LOW,0
CFG-0002465,DEV-RESEARCH-FIR-086,0,1,1,1,1,0.0,0.0,0,0,LOW,0
CFG-0002466,DEV-MAIN-FIR-091,0,1,1,1,1,0.0,0.0,1,0,LOW,0
CFG-0002467,DEV-MAIN-EDG-014,0,1,1,1,1,0.0,0.0,0,0,LOW,0
CFG-0002468,DEV-RESEARCH-EDG-055,1,1,1,1,1,0.4,0.0,0,1,HIGH,2
CFG-0002469,DEV-ADMIN-FIR-093,0,1,1,1,1,0.0,0.0,0,0,LOW,0
CFG-0002470,DEV-ONCOLOGY-IOT-070,0,1,1,1,1,0.0,0.0,0,0,LOW,0
CFG-0002471,DEV-CLINIC-WIR-097,0,1,1,1,1,0.0,0.0,1,0,LOW,0
CFG-0002472,DEV-CARDIO-ACC-008,0,1,1,0,1,0.0,0.5,0,1,MEDIUM,1
CFG-0002473,DEV-MAIN-SWI-044,1,1,1,1,1,0.4,0.0,0,1,HIGH,2
CFG-0002474,DEV-CLINIC-VPN-098,0,1,1,1,1,0.0,0.0,0,0,LOW,0
CFG-0002475,DEV-CLINIC-VPN-051,0,1,1,0,1,0.0,0.5,1,1,LOW,0
CFG-0002476,DEV-DIAG-SWI-092,0,1,1,1,1,0.0,0.0,0,0,LOW,0
CFG-0002477,DEV-ONCOLOGY-ACC-053,0,1,0,1,1,0.3,0.0,0,1,HIGH,2
CFG-0002478,DEV-PHARM-EDG-038,0,1,1,1,1,0.0,0.0,1,0,LOW,0
CFG-0002479,DEV-CARDIO-FIR-089,0,1,1,1,1,0.0,0.0,0,0,LOW,0
CFG-0002481,DEV-PEDS-WIR-095,0,1,1,1,1,0.0,0.0,0,0,LOW,0
CFG-0002482,DEV-CLINIC-VPN-098,0,1,1,1,1,0.0,0.0,0,0,LOW,0
CFG-0002483,DEV-EMERGENCY-IOT-015,0,1,0,1,1,0.3,0.0,0,1,HIGH,2
CFG-0002484,DEV-PEDS-ACC-104,0,1,1,1,1,0.0,0.0,0,0,LOW,0
CFG-0002485,DEV-RESEARCH-FIR-078,0,1,1,1,0,0.0,0.5,0,0,LOW,0
CFG-0002486,DEV-CLINIC-FIR-087,0,1,1,1,0,0.0,0.5,0,0,LOW,0
CFG-0002487,DEV-EMERGENCY-SWI-066,0,1,1,1,0,0.0,0.5,0,0,LOW,0
CFG-0002488,DEV-MAIN-SWI-044,0,1,1,1,1,0.0,0.0,0,0,LOW,0
CFG-0002489,DEV-DIAG-SWI-092,1,1,1,1,1,0.4,0.0,0,1,HIGH,2
CFG-0002490,DEV-EMERGENCY-SWI-096,0,1,1,1,1,0.0,0.0,1,0,LOW,0
CFG-0002491,DEV-PHARM-VPN-102,0,1,1,1,1,0.0,0.0,0,0,LOW,0
CFG-0002492,DEV-MAIN-IOT-018,0,1,0,1,1,0.3,0.0,1,1,LOW,0
CFG-0002493,DEV-CLINIC-EDG-048,0,1,1,1,1,0.0,0.0,0,0,LOW,0
CFG-0002494,DEV-PHARM-VPN-047,0,1,1,1,1,0.0,0.0,0,0,LOW,0
CFG-0002495,DEV-PEDS-IOT-035,0,1,1,1,1,0.0,0.0,1,0,LOW,0
CFG-0002496,DEV-MAIN-IOT-005,1,1,1,1,1,0.4,0.0,0,1,HIGH,2
CFG-0002497,DEV-RESEARCH-SWI-020,0,1,1,1,1,0.0,0.0,0,0,LOW,0
CFG-0002498,DEV-MAIN-ACC-077,0,1,1,1,1,0.0,0.0,0,0,LOW,0
CFG-0002499,DEV-MAIN-SWI-042,0,1,1,1,1,0.0,0.0,0,0,LOW,0
CFG-0002500,DEV-ONCOLOGY-WIR-037,0,1,1,1,0,0.0,0.5,1,0,LOW,0
CFG-0002501,DEV-DIAG-ACC-103,0,1,1,1,1,0.0,0.0,0,0,LOW,0
CFG-0002502,DEV-EMERGENCY-SWI-081,0,1,1,1,1,0.0,0.0,1,0,LOW,0
CFG-0002503,DEV-RESEARCH-SWI-100,1,1,1,1,1,0.4,0.0,0,1,HIGH,2
CFG-0002504,DEV-DIAG-WIR-084,0,1,1,1,1,0.0,0.0,0,0,LOW,0
CFG-0002505,DEV-DIAG-ACC-036,0,1,1,1,1,0.0,0.0,0,0,LOW,0
CFG-0002506,DEV-RESEARCH-SWI-020,0,1,1,1,1,0.0,0.0,0,0,LOW,0
CFG-0002507,DEV-PHARM-VPN-102,0,1,1,1,1,0.0,0.0,0,0,LOW,0
CFG-0002508,DEV-PEDS-IOT-035,0,1,1,1,1,0.0,0.0,0,0,LOW,0
CFG-0002509,DEV-CLINIC-EDG-048,1,1,1,0,1,0.4,0.5,0,2,HIGH,2
CFG-0002510,DEV-CARDIO-ACC-068,0,1,1,1,1,0.0,0.0,0,0,LOW,0
CFG-0002511,DEV-CLINIC-ACC-109,0,1,1,1,1,0.0,0.0,0,0,LOW,0
CFG-0002512,DEV-RESEARCH-FIR-056,0,1,0,1,1,0.3,0.0,1,1,LOW,0
CFG-0002513,DEV-ONCOLOGY-IOT-070,0,1,1,1,1,0.0,0.0,0,0,LOW,0
CFG-0002514,DEV-EMERGENCY-VPN-002,0,1,1,1,1,0.0,0.0,0,0,LOW,0
CFG-0002515,DEV-PHARM-FIR-101,0,1,1,1,1,0.0,0.0,0,0,LOW,0
CFG-0002516,DEV-MAIN-EDG-014,1,1,1,1,1,0.4,0.0,0,1,HIGH,2
CFG-0002517,DEV-RESEARCH-FIR-086,0,1,1,1,1,0.0,0.0,0,0,LOW,0
CFG-0002518,DEV-MAIN-SWI-042,0,1,1,1,1,0.0,0.0,1,0,LOW,0
CFG-0002519,DEV-CLINIC-EDG-048,0,1,1,1,1,0.0,0.0,1,0,LOW,0
CFG-0002520,DEV-MAIN-SWI-017,0,1,1,1,0,0.0,0.5,0,0,LOW,0
CFG-0002521,DEV-CLINIC-ACC-034,1,1,1,1,0,0.4,0.5,0,1,HIGH,2
CFG-0002522,DEV-CLINIC-FIR-087,0,1,1,1,1,0.0,0.0,0,0,LOW,0
CFG-0002523,DEV-PHARM-FIR-028,0,1,1,1,1,0.0,0.0,1,0,LOW,0
CFG-0002524,DEV-MAIN-SWI-042,0,1,1,1,1,0.0,0.0,0,0,LOW,0
CFG-0002525,DEV-EMERGENCY-VPN-002,0,1,1,1,1,0.0,0.0,0,0,LOW,0
CFG-0002526,DEV-MAIN-IOT-018,0,1,1,1,1,0.0,0.0,1,0,LOW,0
CFG-0002527,DEV-EMERGENCY-VPN-002,1,1,1,1,1,0.4,0.0,0,1,HIGH,2
CFG-0002528,DEV-DIAG-EDG-080,0,1,1,0,1,0.0,0.5,0,1,MEDIUM,1
CFG-0002529,DEV-RESEARCH-EDG-055,0,1,1,0,1,0.0,0.5,1,1,LOW,0
CFG-0002530,DEV-EMERGENCY-SWI-052,0,1,1,1,1,0.0,0.0,0,0,LOW,0
CFG-0002531,DEV-PHARM-VPN-023,1,1,1,1,1,0.4,0.0,0,1,HIGH,2
CFG-0002532,DEV-CLINIC-EDG-048,0,1,1,1,1,0.0,0.0,1,0,LOW,0
CFG-0002533,DEV-ONCOLOGY-WIR-037,0,1,1,1,1,0.0,0.0,0,0,LOW,0
CFG-0002534,DEV-CARDIO-FIR-089,0,1,1,1,1,0.0,0.0,1,0,LOW,0
CFG-0002535,DEV-PEDS-VPN-025,0,1,1,1,0,0.0,0.5,1,0,LOW,0
CFG-0002536,DEV-DIAG-SWI-032,0,1,1,1,1,0.0,0.0,0,0,LOW,0
CFG-0002537,DEV-MAIN-EDG-071,0,1,1,1,1,0.0,0.0,1,0,LOW,0
CFG-0002538,DEV-ONCOLOGY-IOT-059,0,1,1,1,1,0.0,0.0,1,0,LOW,0
CFG-0002539,DEV-ADMIN-EDG-050,0,1,1,1,0,0.0,0.5,0,0,LOW,0
CFG-0002540,DEV-PHARM-FIR-101,0,1,0,1,1,0.3,0.0,1,1,LOW,0
CFG-0002541,DEV-PHARM-VPN-023,0,1,1,1,1,0.0,0.0,0,0,LOW,0
CFG-0002542,DEV-EMERGENCY-VPN-002,0,1,1,1,1,0.0,0.0,0,0,LOW,0
CFG-0002543,DEV-ONCOLOGY-VPN-075,0,1,1,1,0,0.0,0.5,0,0,LOW,0
CFG-0002544,DEV-CARDIO-ACC-068,0,1,1,1,1,0.0,0.0,0,0,LOW,0
CFG-0002545,DEV-DIAG-EDG-067,0,1,1,1,1,0.0,0.0,1,0,LOW,0
CFG-0002546,DEV-DIAG-WIR-084,0,1,1,0,1,0.0,0.5,0,1,MEDIUM,1
CFG-0002547,DEV-MAIN-WIR-043,0,1,1,1,0,0.0,0.5,0,0,LOW,0
CFG-0002548,DEV-MAIN-FIR-064,0,1,1,1,1,0.0,0.0,1,0,LOW,0
CFG-0002549,DEV-MAIN-FIR-091,0,1,1,1,1,0.0,0.0,0,0,LOW,0
CFG-0002550,DEV-EMERGENCY-IOT-073,0,1,1,1,1,0.0,0.0,0,0,LOW,0
CFG-0002551,DEV-EMERGENCY-FIR-030,0,1,1,1,1,0.0,0.0,0,0,LOW,0
CFG-0002552,DEV-ONCOLOGY-SWI-039,0,1,1,1,1,0.0,0.0,0,0,LOW,0
CFG-0002553,DEV-EMERGENCY-SWI-081,0,1,1,1,1,0.0,0.0,1,0,LOW,0
CFG-0002554,DEV-ADMIN-WIR-013,0,1,1,1,1,0.0,0.0,0,0,LOW,0
CFG-0002555,DEV-PEDS-ACC-104,0,1,1,1,1,0.0,0.0,1,0,LOW,0
CFG-0002556,DEV-MAIN-IOT-005,0,1,1,1,1,0.0,0.0,0,0,LOW,0
CFG-0002557,DEV-EMERGENCY-COR-022,0,1,1,1,1,0.0,0.0,0,0,LOW,0
CFG-0002558,DEV-DIAG-FIR-108,0,1,1,0,1,0.0,0.5,0,1,MEDIUM,1
CFG-0002559,DEV-RESEARCH-FIR-031,0,1,1,1,1,0.0,0.0,0,0,LOW,0
CFG-0002560,DEV-RESEARCH-FIR-086,0,1,1,1,0,0.0,0.5,0,0,LOW,0
CFG-0002561,DEV-EMERGENCY-COR-065,0,1,1,1,1,0.0,0.0,0,0,LOW,0
CFG-0002562,DEV-MAIN-WIR-043,0,1,1,1,0,0.0,0.5,0,0,LOW,0
CFG-0002563,DEV-EMERGENCY-IOT-015,0,1,1,1,1,0.0,0.0,0,0,LOW,0
CFG-0002564,DEV-ADMIN-EDG-050,0,1,1,1,1,0.0,0.0,0,0,LOW,0
CFG-0002565,DEV-MAIN-SWI-017,0,1,1,1,1,0.0,0.0,0,0,LOW,0
CFG-0002566,DEV-CARDIO-VPN-011,0,1,1,1,1,0.0,0.0,1,0,LOW,0
CFG-0002567,DEV-DIAG-ACC-103,1,1,1,1,1,0.4,0.0,0,1,HIGH,2
CFG-0002568,DEV-ONCOLOGY-SWI-039,1,1,1,1,1,0.4,0.0,0,1,HIGH,2
CFG-0002569,DEV-PHARM-VPN-004,0,1,1,0,1,0.0,0.5,0,1,MEDIUM,1
CFG-0002570,DEV-CLINIC-IOT-041,0,1,1,1,1,0.0,0.0,0,0,LOW,0
CFG-0002571,DEV-RESEARCH-SWI-020,0,1,1,1,1,0.0,0.0,0,0,LOW,0
CFG-0002572,DEV-CLINIC-ACC-109,0,1,1,1,1,0.0,0.0,0,0,LOW,0
CFG-0002573,DEV-PHARM-VPN-102,0,1,1,1,1,0.0,0.0,1,0,LOW,0
CFG-0002574,DEV-CARDIO-FIR-088,0,1,0,1,1,0.3,0.0,0,1,HIGH,2
CFG-0002575,DEV-MAIN-WIR-043,0,1,1,1,1,0.0,0.0,0,0,LOW,0
CFG-0002576,DEV-CARDIO-ACC-008,0,1,1,1,1,0.0,0.0,1,0,LOW,0
CFG-0002577,DEV-CARDIO-ACC-008,0,1,1,1,1,0.0,0.0,0,0,LOW,0
CFG-0002578,DEV-CLINIC-EDG-048,0,1,1,1,1,0.0,0.0,0,0,LOW,0
CFG-0002579,DEV-ONCOLOGY-IOT-059,0,1,1,1,1,0.0,0.0,0,0,LOW,0
CFG-0002580,DEV-ONCOLOGY-VPN-075,0,1,1,1,1,0.0,0.0,1,0,LOW,0
CFG-0002581,DEV-DIAG-EDG-067,1,1,1,1,1,0.4,0.0,1,1,LOW,0
CFG-0002582,DEV-RESEARCH-EDG-055,0,1,1,1,0,0.0,0.5,0,0,LOW,0
CFG-0002583,DEV-CLINIC-VPN-098,0,1,1,1,1,0.0,0.0,1,0,LOW,0
CFG-0002584,DEV-PEDS-VPN-025,0,1,1,1,1,0.0,0.0,0,0,LOW,0
CFG-0002585,DEV-RESEARCH-FIR-086,0,1,1,1,1,0.0,0.0,0,0,LOW,0
CFG-0002586,DEV-PEDS-WIR-007,0,1,1,1,1,0.0,0.0,0,0,LOW,0
CFG-0002587,DEV-CLINIC-VPN-051,0,1,0,1,1,0.3,0.0,0,1,HIGH,2
CFG-0002588,DEV-ONCOLOGY-WIR-037,0,1,1,1,1,0.0,0.0,0,0,LOW,0
CFG-0002589,DEV-ADMIN-VPN-021,1,1,1,1,1,0.4,0.0,0,1,HIGH,2
CFG-0002590,DEV-CARDIO-SWI-062,0,1,1,1,1,0.0,0.0,0,0,LOW,0
CFG-0002591,DEV-ONCOLOGY-IOT-059,0,1,1,0,1,0.0,0.5,0,1,MEDIUM,1
CFG-0002592,DEV-PEDS-IOT-035,0,1,1,1,1,0.0,0.0,0,0,LOW,0
CFG-0002593,DEV-CLINIC-VPN-029,0,1,1,1,1,0.0,0.0,0,0,LOW,0
CFG-0002594,DEV-RESEARCH-SWI-079,0,1,1,1,1,0.0,0.0,0,0,LOW,0
CFG-0002595,DEV-CARDIO-COR-063,0,1,1,1,1,0.0,0.0,0,0,LOW,0
CFG-0002596,DEV-MAIN-ACC-077,0,1,1,1,1,0.0,0.0,0,0,LOW,0
CFG-0002597,DEV-PEDS-IOT-035,0,1,1,1,1,0.0,0.0,1,0,LOW,0
CFG-0002598,DEV-ONCOLOGY-VPN-075,1,1,1,1,1,0.4,0.0,1,1,LOW,0
CFG-0002599,DEV-ADMIN-WIR-013,0,1,1,1,1,0.0,0.0,0,0,LOW,0
CFG-0002600,DEV-ONCOLOGY-FIR-061,0,1,1,1,1,0.0,0.0,0,0,LOW,0
CFG-0002601,DEV-MAIN-EDG-012,0,1,1,1,1,0.0,0.0,1,0,LOW,0
CFG-0002602,DEV-PHARM-FIR-101,0,1,1,1,1,0.0,0.0,0,0,LOW,0
CFG-0002603,DEV-MAIN-FIR-091,0,1,1,1,1,0.0,0.0,0,0,LOW,0
CFG-0002604,DEV-CARDIO-COR-063,0,1,1,1,1,0.0,0.0,0,0,LOW,0
CFG-0002605,DEV-PEDS-COR-019,0,1,1,1,1,0.0,0.0,0,0,LOW,0
CFG-0002606,DEV-PEDS-FIR-069,0,1,1,1,1,0.0,0.0,0,0,LOW,0
CFG-0002607,DEV-EMERGENCY-SWI-081,0,1,1,1,1,0.0,0.0,0,0,LOW,0
CFG-0002608,DEV-RESEARCH-SWI-001,0,1,1,1,1,0.0,0.0,1,0,LOW,0
CFG-0002609,DEV-PHARM-COR-106,0,1,1,1,1,0.0,0.0,0,0,LOW,0
CFG-0002610,DEV-ONCOLOGY-IOT-070,0,1,1,1,1,0.0,0.0,0,0,LOW,0
CFG-0002611,DEV-ONCOLOGY-ACC-016,0,1,1,0,1,0.0,0.5,0,1,MEDIUM,1
CFG-0002612,DEV-CLINIC-ACC-033,0,1,1,1,1,0.0,0.0,0,0,LOW,0
CFG-0002613,DEV-PHARM-FIR-010,0,1,0,1,1,0.3,0.0,1,1,LOW,0
CFG-0002614,DEV-CARDIO-ACC-008,0,1,1,1,1,0.0,0.0,0,0,LOW,0
CFG-0002615,DEV-MAIN-EDG-014,1,1,1,1,1,0.4,0.0,0,1,HIGH,2
CFG-0002616,DEV-RESEARCH-FIR-031,0,1,1,1,0,0.0,0.5,0,0,LOW,0
CFG-0002617,DEV-CARDIO-IOT-006,0,1,1,1,1,0.0,0.0,0,0,LOW,0
CFG-0002618,DEV-CLINIC-FIR-087,0,1,1,1,1,0.0,0.0,0,0,LOW,0
CFG-0002619,DEV-ADMIN-IOT-003,0,1,1,1,1,0.0,0.0,1,0,LOW,0
CFG-0002620,DEV-CARDIO-VPN-011,0,1,1,1,1,0.0,0.0,0,0,LOW,0
CFG-0002621,DEV-EMERGENCY-SWI-066,1,1,1,1,1,0.4,0.0,0,1,HIGH,2
CFG-0002622,DEV-DIAG-SWI-060,0,1,1,1,1,0.0,0.0,0,0,LOW,0
CFG-0002623,DEV-PHARM-IOT-107,0,1,1,1,1,0.0,0.0,1,0,LOW,0
CFG-0002624,DEV-CARDIO-IOT-110,0,1,1,1,1,0.0,0.0,1,0,LOW,0
CFG-0002625,DEV-EMERGENCY-SWI-099,0,1,1,1,1,0.0,0.0,0,0,LOW,0
CFG-0002626,DEV-CLINIC-ACC-109,0,1,1,1,1,0.0,0.0,0,0,LOW,0
CFG-0002627,DEV-EMERGENCY-COR-022,0,1,1,1,1,0.0,0.0,0,0,LOW,0
CFG-0002628,DEV-EMERGENCY-IOT-073,0,1,1,1,1,0.0,0.0,0,0,LOW,0
CFG-0002629,DEV-MAIN-SWI-017,0,1,1,1,1,0.0,0.0,0,0,LOW,0
CFG-0002630,DEV-MAIN-SWI-042,1,1,1,1,1,0.4,0.0,0,1,HIGH,2
CFG-0002631,DEV-PEDS-WIR-007,0,1,1,1,1,0.0,0.0,0,0,LOW,0
CFG-0002632,DEV-CARDIO-IOT-110,0,1,0,1,1,0.3,0.0,0,1,HIGH,2
CFG-0002633,DEV-RESEARCH-FIR-086,0,1,1,1,1,0.0,0.0,0,0,LOW,0
CFG-0002634,DEV-EMERGENCY-SWI-096,0,1,1,1,1,0.0,0.0,0,0,LOW,0
CFG-0002635,DEV-EMERGENCY-COR-065,0,1,1,0,1,0.0,0.5,0,1,MEDIUM,1
CFG-0002636,DEV-PHARM-FIR-028,0,1,1,1,1,0.0,0.0,0,0,LOW,0
CFG-0002637,DEV-PHARM-IOT-107,0,1,1,1,1,0.0,0.0,1,0,LOW,0
CFG-0002638,DEV-CLINIC-VPN-098,0,1,1,0,1,0.0,0.5,0,1,MEDIUM,1
CFG-0002639,DEV-CARDIO-FIR-088,0,1,1,1,1,0.0,0.0,1,0,LOW,0
CFG-0002640,DEV-ONCOLOGY-VPN-075,0,1,1,0,1,0.0,0.5,0,1,MEDIUM,1
CFG-0002641,DEV-RESEARCH-FIR-056,0,1,1,1,1,0.0,0.0,1,0,LOW,0
CFG-0002642,DEV-EMERGENCY-VPN-002,0,1,1,1,1,0.0,0.0,0,0,LOW,0
CFG-0002643,DEV-PEDS-COR-019,0,1,1,1,1,0.0,0.0,1,0,LOW,0
CFG-0002644,DEV-EMERGENCY-FIR-058,1,1,1,1,1,0.4,0.0,0,1,HIGH,2
CFG-0002645,DEV-DIAG-FIR-108,0,1,1,1,1,0.0,0.0,0,0,LOW,0
CFG-0002646,DEV-ONCOLOGY-ACC-016,0,1,1,1,1,0.0,0.0,1,0,LOW,0
CFG-0002647,DEV-PHARM-FIR-101,0,1,1,1,1,0.0,0.0,0,0,LOW,0
CFG-0002648,DEV-PHARM-FIR-101,1,1,1,1,1,0.4,0.0,0,1,HIGH,2
CFG-0002649,DEV-PHARM-FIR-101,0,1,1,1,1,0.0,0.0,0,0,LOW,0
CFG-0002650,DEV-CARDIO-SWI-062,0,1,1,1,1,0.0,0.0,1,0,LOW,0
CFG-0002651,DEV-CLINIC-FIR-087,0,1,1,1,0,0.0,0.5,0,0,LOW,0
CFG-0002652,DEV-CLINIC-VPN-051,0,1,1,0,1,0.0,0.5,0,1,MEDIUM,1
CFG-0002653,DEV-MAIN-EDG-071,0,1,1,1,1,0.0,0.0,0,0,LOW,0
CFG-0002654,DEV-PEDS-IOT-035,0,1,1,1,1,0.0,0.0,0,0,LOW,0
CFG-0002655,DEV-PEDS-COR-054,0,1,1,1,1,0.0,0.0,0,0,LOW,0
CFG-0002656,DEV-CARDIO-ACC-008,0,1,1,1,1,0.0,0.0,0,0,LOW,0
CFG-0002657,DEV-DIAG-FIR-108,0,1,1,1,1,0.0,0.0,0,0,LOW,0
CFG-0002658,DEV-ADMIN-FIR-093,0,1,1,1,1,0.0,0.0,0,0,LOW,0
CFG-0002659,DEV-RESEARCH-SWI-100,1,1,1,1,1,0.4,0.0,0,1,HIGH,2
CFG-0002660,DEV-RESEARCH-SWI-001,0,1,1,1,1,0.0,0.0,0,0,LOW,0
CFG-0002661,DEV-CARDIO-EDG-085,0,1,1,0,1,0.0,0.5,0,1,MEDIUM,1
CFG-0002662,DEV-CLINIC-ACC-034,1,1,1,1,1,0.4,0.0,0,1,HIGH,2
CFG-0002663,DEV-EMERGENCY-VPN-002,0,1,0,1,1,0.3,0.0,0,1,HIGH,2
CFG-0002664,DEV-EMERGENCY-VPN-094,0,1,1,1,1,0.0,0.0,1,0,LOW,0
CFG-0002665,DEV-CLINIC-FIR-087,0,1,1,1,1,0.0,0.0,0,0,LOW,0
CFG-0002666,DEV-ADMIN-COR-105,0,1,1,1,1,0.0,0.0,0,0,LOW,0
CFG-0002667,DEV-ONCOLOGY-VPN-075,0,1,1,1,1,0.0,0.0,1,0,LOW,0
CFG-0002668,DEV-CLINIC-VPN-098,0,1,1,1,1,0.0,0.0,0,0,LOW,0
CFG-0002669,DEV-RESEARCH-SWI-100,0,1,1,1,1,0.0,0.0,0,0,LOW,0
CFG-0002670,DEV-CARDIO-IOT-110,1,1,1,1,1,0.4,0.0,0,1,HIGH,2
CFG-0002671,DEV-PHARM-EDG-038,0,1,1,1,1,0.0,0.0,0,0,LOW,0
CFG-0002672,DEV-RESEARCH-SWI-001,0,1,1,1,1,0.0,0.0,0,0,LOW,0
CFG-0002673,DEV-EMERGENCY-SWI-081,0,1,1,1,1,0.0,0.0,0,0,LOW,0
CFG-0002675,DEV-ADMIN-VPN-021,0,1,0,1,1,0.3,0.0,1,1,LOW,0
CFG-0002676,DEV-MAIN-WIR-043,1,1,1,1,1,0.4,0.0,0,1,HIGH,2
CFG-0002677,DEV-CLINIC-ACC-033,0,1,1,1,1,0.0,0.0,1,0,LOW,0
CFG-0002678,DEV-ONCOLOGY-FIR-061,0,1,1,1,1,0.0,0.0,0,0,LOW,0
CFG-0002679,DEV-CLINIC-SWI-082,0,1,1,1,1,0.0,0.0,0,0,LOW,0
CFG-0002680,DEV-MAIN-SWI-044,0,1,0,1,1,0.3,0.0,0,1,HIGH,2
CFG-0002681,DEV-DIAG-WIR-084,0,1,1,1,1,0.0,0.0,0,0,LOW,0
CFG-0002682,DEV-RESEARCH-SWI-001,0,1,1,1,1,0.0,0.0,0,0,LOW,0
CFG-0002683,DEV-ONCOLOGY-FIR-061,1,1,1,1,1,0.4,0.0,0,1,HIGH,2
CFG-0002684,DEV-ADMIN-FIR-024,0,1,1,1,1,0.0,0.0,0,0,LOW,0
CFG-0002685,DEV-ONCOLOGY-ACC-016,0,1,1,1,1,0.0,0.0,0,0,LOW,0
CFG-0002686,DEV-ONCOLOGY-IOT-059,0,1,1,1,1,0.0,0.0,0,0,LOW,0
CFG-0002687,DEV-PEDS-COR-019,0,1,1,0,1,0.0,0.5,0,1,MEDIUM,1
CFG-0002688,DEV-DIAG-SWI-060,0,1,1,1,1,0.0,0.0,0,0,LOW,0
CFG-0002689,DEV-MAIN-SWI-044,0,1,1,1,1,0.0,0.0,1,0,LOW,0
CFG-0002690,DEV-ADMIN-WIR-013,1,1,1,1,1,0.4,0.0,0,1,HIGH,2
CFG-0002691,DEV-ONCOLOGY-ACC-016,0,1,1,0,1,0.0,0.5,1,1,LOW,0
CFG-0002692,DEV-PEDS-WIR-040,0,1,1,1,1,0.0,0.0,0,0,LOW,0
CFG-0002693,DEV-EMERGENCY-SWI-081,0,1,1,1,1,0.0,0.0,0,0,LOW,0
CFG-0002694,DEV-MAIN-VPN-026,0,1,1,1,1,0.0,0.0,0,0,LOW,0
CFG-0002695,DEV-CLINIC-ACC-034,0,1,1,1,1,0.0,0.0,0,0,LOW,0
CFG-0002696,DEV-DIAG-FIR-108,0,1,1,1,1,0.0,0.0,1,0,LOW,0
CFG-0002697,DEV-PHARM-VPN-047,0,1,1,1,1,0.0,0.0,1,0,LOW,0
CFG-0002698,DEV-CLINIC-SWI-082,0,1,1,1,1,0.0,0.0,1,0,LOW,0
CFG-0002700,DEV-PEDS-VPN-025,0,1,1,0,1,0.0,0.5,0,1,MEDIUM,1
CFG-0002701,DEV-ADMIN-SWI-049,0,1,1,1,1,0.0,0.0,0,0,LOW,0
CFG-0002702,DEV-RESEARCH-EDG-057,0,1,1,1,1,0.0,0.0,0,0,LOW,0
CFG-0002703,DEV-DIAG-SWI-092,0,1,1,0,1,0.0,0.5,0,1,MEDIUM,1
CFG-0002704,DEV-CARDIO-SWI-074,0,1,1,1,1,0.0,0.0,1,0,LOW,0
CFG-0002705,DEV-ADMIN-FIR-024,0,1,1,1,1,0.0,0.0,0,0,LOW,0
CFG-0002706,DEV-PHARM-VPN-102,0,1,1,1,1,0.0,0.0,0,0,LOW,0
CFG-0002707,DEV-ADMIN-EDG-050,0,1,1,1,0,0.0,0.5,0,0,LOW,0
CFG-0002708,DEV-RESEARCH-SWI-001,0,1,1,0,1,0.0,0.5,1,1,LOW,0
CFG-0002709,DEV-PEDS-COR-054,0,1,0,1,1,0.3,0.0,0,1,HIGH,2
CFG-0002710,DEV-PEDS-COR-019,1,1,1,1,1,0.4,0.0,0,1,HIGH,2
CFG-0002711,DEV-ONCOLOGY-IOT-070,1,1,1,1,1,0.4,0.0,0,1,HIGH,2
CFG-0002712,DEV-CLINIC-VPN-051,0,1,1,1,1,0.0,0.0,0,0,LOW,0
CFG-0002713,DEV-RESEARCH-VPN-045,0,1,1,1,1,0.0,0.0,0,0,LOW,0
CFG-0002714,DEV-RESEARCH-VPN-045,0,1,1,1,1,0.0,0.0,1,0,LOW,0
CFG-0002715,DEV-DIAG-ACC-103,0,1,0,1,1,0.3,0.0,0,1,HIGH,2
CFG-0002716,DEV-MAIN-EDG-071,0,1,1,1,1,0.0,0.0,0,0,LOW,0
CFG-0002717,DEV-RESEARCH-IOT-072,0,1,1,1,1,0.0,0.0,0,0,LOW,0
CFG-0002718,DEV-ADMIN-IOT-003,0,1,1,1,1,0.0,0.0,0,0,LOW,0
CFG-0002719,DEV-MAIN-EDG-012,0,1,1,1,1,0.0,0.0,0,0,LOW,0
CFG-0002720,DEV-ONCOLOGY-FIR-061,0,1,1,1,1,0.0,0.0,0,0,LOW,0
CFG-0002721,DEV-EMERGENCY-VPN-094,0,1,1,1,1,0.0,0.0,0,0,LOW,0
CFG-0002722,DEV-ADMIN-WIR-013,0,1,1,1,1,0.0,0.0,0,0,LOW,0
CFG-0002723,DEV-CLINIC-WIR-097,1,1,1,1,1,0.4,0.0,1,1,LOW,0
CFG-0002724,DEV-CLINIC-IOT-041,0,1,1,1,1,0.0,0.0,0,0,LOW,0
CFG-0002725,DEV-CLINIC-ACC-034,0,1,1,0,1,0.0,0.5,0,1,MEDIUM,1
CFG-0002726,DEV-PHARM-FIR-101,0,1,1,1,1,0.0,0.0,0,0,LOW,0
CFG-0002727,DEV-EMERGENCY-SWI-099,0,1,1,1,1,0.0,0.0,0,0,LOW,0
CFG-0002728,DEV-RESEARCH-EDG-057,0,1,1,1,1,0.0,0.0,0,0,LOW,0
CFG-0002729,DEV-RESEARCH-SWI-001,0,1,0,1,1,0.3,0.0,1,1,LOW,0
CFG-0002730,DEV-ONCOLOGY-VPN-075,0,1,1,1,1,0.0,0.0,1,0,LOW,0
CFG-0002731,DEV-CARDIO-COR-063,0,1,1,1,1,0.0,0.0,0,0,LOW,0
CFG-0002732,DEV-CARDIO-IOT-006,0,1,1,1,1,0.0,0.0,1,0,LOW,0
CFG-0002733,DEV-DIAG-ACC-036,0,1,1,1,1,0.0,0.0,0,0,LOW,0
CFG-0002734,DEV-CLINIC-ACC-033,0,1,1,1,1,0.0,0.0,1,0,LOW,0
CFG-0002735,DEV-MAIN-ACC-090,0,1,1,1,1,0.0,0.0,0,0,LOW,0
CFG-0002736,DEV-CLINIC-FIR-087,0,1,1,1,1,0.0,0.0,1,0,LOW,0
CFG-0002737,DEV-DIAG-COR-009,0,1,1,1,1,0.0,0.0,1,0,LOW,0
CFG-0002738,DEV-DIAG-SWI-032,1,1,1,1,1,0.4,0.0,0,1,HIGH,2
CFG-0002739,DEV-RESEARCH-EDG-057,0,1,1,1,1,0.0,0.0,0,0,LOW,0
CFG-0002740,DEV-CLINIC-VPN-051,0,1,1,1,1,0.0,0.0,0,0,LOW,0
CFG-0002741,DEV-ONCOLOGY-SWI-039,0,1,1,1,1,0.0,0.0,0,0,LOW,0
CFG-0002742,DEV-PEDS-FIR-069,0,1,1,1,0,0.0,0.5,0,0,LOW,0
CFG-0002743,DEV-ADMIN-EDG-050,0,1,1,1,1,0.0,0.0,0,0,LOW,0
CFG-0002744,DEV-RESEARCH-FIR-056,0,1,1,1,1,0.0,0.0,1,0,LOW,0
CFG-0002745,DEV-ADMIN-EDG-050,0,1,1,1,1,0.0,0.0,1,0,LOW,0
CFG-0002746,DEV-CLINIC-ACC-033,0,1,1,1,1,0.0,0.0,0,0,LOW,0
CFG-0002747,DEV-CARDIO-SWI-074,0,1,1,1,1,0.0,0.0,0,0,LOW,0
CFG-0002748,DEV-PHARM-IOT-107,0,1,1,1,1,0.0,0.0,1,0,LOW,0
CFG-0002749,DEV-EMERGENCY-VPN-002,0,1,1,1,1,0.0,0.0,1,0,LOW,0
CFG-0002750,DEV-EMERGENCY-SWI-096,0,1,1,1,1,0.0,0.0,0,0,LOW,0
CFG-0002751,DEV-EMERGENCY-IOT-073,0,1,0,1,1,0.3,0.0,0,1,HIGH,2
CFG-0002752,DEV-CARDIO-FIR-088,0,1,1,1,1,0.0,0.0,0,0,LOW,0
CFG-0002753,DEV-EMERGENCY-VPN-002,0,1,1,1,1,0.0,0.0,0,0,LOW,0
CFG-0002754,DEV-CLINIC-FIR-087,0,1,0,1,1,0.3,0.0,0,1,HIGH,2
CFG-0002755,DEV-CLINIC-ACC-027,0,1,1,1,1,0.0,0.0,1,0,LOW,0
CFG-0002756,DEV-CARDIO-IOT-006,0,1,1,1,1,0.0,0.0,1,0,LOW,0
CFG-0002757,DEV-DIAG-SWI-060,0,1,1,1,1,0.0,0.0,0,0,LOW,0
CFG-0002758,DEV-CARDIO-IOT-006,0,1,1,0,1,0.0,0.5,0,1,MEDIUM,1
CFG-0002759,DEV-EMERGENCY-SWI-096,0,1,1,1,1,0.0,0.0,0,0,LOW,0
CFG-0002760,DEV-ADMIN-WIR-013,0,1,1,1,1,0.0,0.0,0,0,LOW,0
CFG-0002761,DEV-CLINIC-ACC-034,0,1,1,1,1,0.0,0.0,0,0,LOW,0
CFG-0002762,DEV-CLINIC-EDG-048,0,1,1,1,1,0.0,0.0,1,0,LOW,0
CFG-0002763,DEV-PHARM-EDG-038,0,1,1,1,1,0.0,0.0,1,0,LOW,0
CFG-0002764,DEV-PEDS-IOT-046,0,1,1,1,1,0.0,0.0,0,0,LOW,0
CFG-0002765,DEV-PEDS-VPN-025,0,1,1,1,1,0.0,0.0,1,0,LOW,0
CFG-0002766,DEV-ADMIN-SWI-049,0,1,1,1,1,0.0,0.0,0,0,LOW,0
CFG-0002767,DEV-PHARM-FIR-010,0,1,1,1,1,0.0,0.0,0,0,LOW,0
CFG-0002768,DEV-RESEARCH-FIR-078,0,1,1,1,1,0.0,0.0,0,0,LOW,0
CFG-0002769,DEV-EMERGENCY-FIR-030,0,1,1,1,1,0.0,0.0,0,0,LOW,0
CFG-0002770,DEV-CARDIO-IOT-006,0,1,1,1,1,0.0,0.0,0,0,LOW,0
CFG-0002771,DEV-CARDIO-IOT-006,0,1,1,1,1,0.0,0.0,1,0,LOW,0
CFG-0002772,DEV-ADMIN-FIR-024,0,1,1,1,1,0.0,0.0,0,0,LOW,0
CFG-0002773,DEV-RESEARCH-SWI-100,0,1,1,0,1,0.0,0.5,0,1,MEDIUM,1
CFG-0002774,DEV-MAIN-EDG-012,0,1,1,1,1,0.0,0.0,0,0,LOW,0
CFG-0002775,DEV-EMERGENCY-VPN-002,0,1,0,1,1,0.3,0.0,1,1,LOW,0
CFG-0002776,DEV-ADMIN-WIR-013,0,1,1,1,1,0.0,0.0,0,0,LOW,0
CFG-0002777,DEV-PHARM-VPN-047,0,1,0,1,1,0.3,0.0,1,1,LOW,0
CFG-0002778,DEV-DIAG-ACC-036,0,1,1,1,0,0.0,0.5,1,0,LOW,0
CFG-0002779,DEV-MAIN-SWI-044,0,1,1,1,1,0.0,0.0,0,0,LOW,0
CFG-0002780,DEV-CLINIC-VPN-029,0,1,1,1,1,0.0,0.0,0,0,LOW,0
CFG-0002781,DEV-ONCOLOGY-FIR-061,0,1,1,1,1,0.0,0.0,1,0,LOW,0
CFG-0002782,DEV-CLINIC-ACC-033,0,1,0,1,1,0.3,0.0,0,1,HIGH,2
CFG-0002783,DEV-CLINIC-ACC-033,0,1,1,1,1,0.0,0.0,0,0,LOW,0
CFG-0002784,DEV-DIAG-SWI-060,0,1,1,1,1,0.0,0.0,0,0,LOW,0
CFG-0002785,DEV-MAIN-EDG-012,0,1,1,1,1,0.0,0.0,1,0,LOW,0
CFG-0002786,DEV-ONCOLOGY-IOT-059,0,1,1,1,1,0.0,0.0,0,0,LOW,0
CFG-0002787,DEV-MAIN-VPN-026,0,1,1,1,1,0.0,0.0,1,0,LOW,0
CFG-0002788,DEV-DIAG-SWI-092,0,1,1,1,1,0.0,0.0,0,0,LOW,0
CFG-0002789,DEV-MAIN-IOT-018,0,1,1,1,1,0.0,0.0,0,0,LOW,0
CFG-0002790,DEV-EMERGENCY-VPN-094,0,1,1,1,0,0.0,0.5,0,0,LOW,0
CFG-0002791,DEV-PHARM-IOT-107,0,1,1,1,0,0.0,0.5,1,0,LOW,0
CFG-0002792,DEV-ADMIN-FIR-024,0,1,1,1,1,0.0,0.0,1,0,LOW,0
CFG-0002793,DEV-DIAG-FIR-108,0,1,1,1,1,0.0,0.0,0,0,LOW,0
CFG-0002794,DEV-ONCOLOGY-VPN-075,0,1,0,1,1,0.3,0.0,1,1,LOW,0
CFG-0002795,DEV-RESEARCH-FIR-056,0,1,1,1,1,0.0,0.0,1,0,LOW,0
CFG-0002796,DEV-CLINIC-FIR-087,0,1,1,1,1,0.0,0.0,0,0,LOW,0
CFG-0002797,DEV-DIAG-WIR-084,0,1,1,0,1,0.0,0.5,0,1,MEDIUM,1
CFG-0002798,DEV-ONCOLOGY-FIR-061,0,1,1,1,1,0.0,0.0,0,0,LOW,0
CFG-0002799,DEV-EMERGENCY-SWI-066,0,1,1,1,1,0.0,0.0,0,0,LOW,0
CFG-0002800,DEV-MAIN-EDG-014,0,1,1,1,1,0.0,0.0,0,0,LOW,0
CFG-0002801,DEV-PEDS-VPN-025,0,1,1,1,0,0.0,0.5,0,0,LOW,0
CFG-0002802,DEV-MAIN-SWI-044,0,1,1,1,1,0.0,0.0,0,0,LOW,0
CFG-0002803,DEV-CLINIC-ACC-109,0,1,1,1,1,0.0,0.0,0,0,LOW,0
CFG-0002804,DEV-DIAG-ACC-036,0,1,1,1,1,0.0,0.0,1,0,LOW,0
CFG-0002805,DEV-MAIN-SWI-044,0,1,0,1,1,0.3,0.0,0,1,HIGH,2
CFG-0002806,DEV-PHARM-VPN-047,0,1,1,1,1,0.0,0.0,0,0,LOW,0
CFG-0002807,DEV-DIAG-ACC-103,1,1,1,1,1,0.4,0.0,1,1,LOW,0
CFG-0002808,DEV-CARDIO-ACC-008,0,1,1,1,1,0.0,0.0,0,0,LOW,0
CFG-0002809,DEV-RESEARCH-VPN-045,0,1,1,1,1,0.0,0.0,1,0,LOW,0
CFG-0002810,DEV-PHARM-VPN-004,0,1,1,1,0,0.0,0.5,1,0,LOW,0
CFG-0002811,DEV-ADMIN-COR-105,0,1,1,1,1,0.0,0.0,0,0,LOW,0
CFG-0002812,DEV-ONCOLOGY-IOT-070,1,1,1,1,1,0.4,0.0,1,1,LOW,0
CFG-0002813,DEV-RESEARCH-FIR-078,0,1,1,1,1,0.0,0.0,0,0,LOW,0
CFG-0002814,DEV-MAIN-WIR-043,0,1,1,1,1,0.0,0.0,0,0,LOW,0
CFG-0002815,DEV-DIAG-WIR-084,0,1,1,1,1,0.0,0.0,0,0,LOW,0
CFG-0002816,DEV-MAIN-ACC-090,0,1,1,1,1,0.0,0.0,0,0,LOW,0
CFG-0002817,DEV-EMERGENCY-SWI-099,0,1,1,1,1,0.0,0.0,0,0,LOW,0
CFG-0002818,DEV-CLINIC-FIR-087,0,1,0,1,1,0.3,0.0,0,1,HIGH,2
CFG-0002819,DEV-DIAG-EDG-080,0,1,1,1,1,0.0,0.0,0,0,LOW,0
CFG-0002820,DEV-PHARM-VPN-023,0,1,1,1,1,0.0,0.0,0,0,LOW,0
CFG-0002821,DEV-DIAG-EDG-080,0,1,1,1,1,0.0,0.0,0,0,LOW,0
CFG-0002822,DEV-RESEARCH-IOT-072,0,1,1,0,1,0.0,0.5,0,1,MEDIUM,1
CFG-0002823,DEV-DIAG-SWI-032,0,1,1,1,1,0.0,0.0,0,0,LOW,0
CFG-0002824,DEV-PHARM-COR-106,0,1,1,1,1,0.0,0.0,1,0,LOW,0
CFG-0002825,DEV-CARDIO-SWI-074,0,1,1,1,1,0.0,0.0,1,0,LOW,0
CFG-0002826,DEV-ONCOLOGY-VPN-075,0,1,1,1,1,0.0,0.0,0,0,LOW,0
CFG-0002827,DEV-ONCOLOGY-WIR-037,1,1,1,1,1,0.4,0.0,0,1,HIGH,2
CFG-0002828,DEV-CARDIO-ACC-068,1,1,1,1,1,0.4,0.0,0,1,HIGH,2
CFG-0002829,DEV-MAIN-EDG-071,0,1,1,1,1,0.0,0.0,0,0,LOW,0
CFG-0002830,DEV-PEDS-WIR-007,0,1,1,1,1,0.0,0.0,0,0,LOW,0
CFG-0002831,DEV-RESEARCH-SWI-001,0,1,1,1,1,0.0,0.0,0,0,LOW,0
CFG-0002832,DEV-EMERGENCY-SWI-081,1,1,1,1,1,0.4,0.0,0,1,HIGH,2
CFG-0002833,DEV-PHARM-FIR-010,0,1,1,1,1,0.0,0.0,0,0,LOW,0
CFG-0002834,DEV-RESEARCH-SWI-001,1,1,1,1,1,0.4,0.0,0,1,HIGH,2
CFG-0002835,DEV-DIAG-FIR-108,0,1,1,1,1,0.0,0.0,0,0,LOW,0
CFG-0002836,DEV-EMERGENCY-COR-065,0,1,1,1,1,0.0,0.0,0,0,LOW,0
CFG-0002837,DEV-CLINIC-ACC-109,1,1,1,1,1,0.4,0.0,1,1,LOW,0
CFG-0002838,DEV-EMERGENCY-SWI-099,0,1,1,1,1,0.0,0.0,1,0,LOW,0
CFG-0002839,DEV-ADMIN-FIR-093,1,1,1,1,1,0.4,0.0,0,1,HIGH,2
CFG-0002840,DEV-DIAG-SWI-092,0,1,0,1,1,0.3,0.0,0,1,HIGH,2
CFG-0002841,DEV-CARDIO-EDG-085,0,1,1,1,1,0.0,0.0,0,0,LOW,0
CFG-0002842,DEV-MAIN-EDG-071,0,1,1,1,1,0.0,0.0,0,0,LOW,0
CFG-0002843,DEV-EMERGENCY-SWI-081,0,1,1,1,1,0.0,0.0,0,0,LOW,0
CFG-0002845,DEV-RESEARCH-SWI-001,0,1,1,1,1,0.0,0.0,1,0,LOW,0
CFG-0002846,DEV-CLINIC-ACC-034,0,1,1,1,0,0.0,0.5,0,0,LOW,0
CFG-0002847,DEV-ADMIN-EDG-050,0,1,1,1,1,0.0,0.0,0,0,LOW,0
CFG-0002848,DEV-MAIN-EDG-014,0,1,1,1,1,0.0,0.0,0,0,LOW,0
CFG-0002849,DEV-DIAG-SWI-032,0,1,1,1,1,0.0,0.0,0,0,LOW,0
CFG-0002850,DEV-MAIN-EDG-012,0,1,1,1,1,0.0,0.0,0,0,LOW,0
CFG-0002851,DEV-EMERGENCY-IOT-073,0,1,1,1,1,0.0,0.0,0,0,LOW,0
CFG-0002852,DEV-RESEARCH-SWI-020,0,1,1,1,1,0.0,0.0,0,0,LOW,0
CFG-0002853,DEV-CARDIO-SWI-074,0,1,0,1,1,0.3,0.0,1,1,LOW,0
CFG-0002854,DEV-CARDIO-EDG-085,0,1,1,1,1,0.0,0.0,1,0,LOW,0
CFG-0002855,DEV-PEDS-COR-054,0,1,1,1,1,0.0,0.0,0,0,LOW,0
CFG-0002856,DEV-MAIN-WIR-043,1,1,1,1,1,0.4,0.0,0,1,HIGH,2
CFG-0002857,DEV-ONCOLOGY-IOT-059,0,1,1,0,1,0.0,0.5,0,1,MEDIUM,1
CFG-0002858,DEV-ONCOLOGY-SWI-039,0,1,1,1,1,0.0,0.0,1,0,LOW,0
CFG-0002859,DEV-MAIN-ACC-090,0,1,1,1,1,0.0,0.0,0,0,LOW,0
CFG-0002860,DEV-DIAG-EDG-067,0,1,1,0,1,0.0,0.5,0,1,MEDIUM,1
CFG-0002861,DEV-ADMIN-WIR-013,0,1,1,1,1,0.0,0.0,0,0,LOW,0
CFG-0002862,DEV-MAIN-IOT-005,0,1,1,1,0,0.0,0.5,0,0,LOW,0
CFG-0002863,DEV-EMERGENCY-IOT-015,0,1,1,1,1,0.0,0.0,1,0,LOW,0
CFG-0002864,DEV-DIAG-SWI-092,0,1,1,1,1,0.0,0.0,1,0,LOW,0
CFG-0002865,DEV-ONCOLOGY-ACC-016,0,1,0,1,1,0.3,0.0,0,1,HIGH,2
CFG-0002866,DEV-CLINIC-ACC-027,0,1,1,1,1,0.0,0.0,0,0,LOW,0
CFG-0002867,DEV-MAIN-EDG-071,0,1,1,1,1,0.0,0.0,0,0,LOW,0
CFG-0002868,DEV-DIAG-EDG-080,0,1,1,1,1,0.0,0.0,0,0,LOW,0
CFG-0002869,DEV-PEDS-COR-054,1,1,1,1,1,0.4,0.0,1,1,LOW,0
CFG-0002870,DEV-RESEARCH-SWI-020,0,1,1,1,1,0.0,0.0,1,0,LOW,0
CFG-0002871,DEV-ONCOLOGY-WIR-037,0,1,1,0,1,0.0,0.5,0,1,MEDIUM,1
CFG-0002872,DEV-EMERGENCY-IOT-015,0,1,1,0,1,0.0,0.5,0,1,MEDIUM,1
CFG-0002873,DEV-CLINIC-ACC-109,0,1,0,1,1,0.3,0.0,0,1,HIGH,2
CFG-0002874,DEV-PHARM-VPN-047,0,1,1,1,1,0.0,0.0,0,0,LOW,0
CFG-0002875,DEV-ONCOLOGY-ACC-016,0,1,1,1,1,0.0,0.0,1,0,LOW,0
CFG-0002876,DEV-RESEARCH-EDG-057,0,1,1,1,1,0.0,0.0,1,0,LOW,0
CFG-0002877,DEV-MAIN-SWI-017,0,1,1,1,1,0.0,0.0,0,0,LOW,0
CFG-0002878,DEV-CLINIC-IOT-041,0,1,1,1,1,0.0,0.0,1,0,LOW,0
CFG-0002879,DEV-CARDIO-SWI-062,0,1,1,1,1,0.0,0.0,0,0,LOW,0
CFG-0002880,DEV-PEDS-WIR-007,0,1,1,1,1,0.0,0.0,0,0,LOW,0
CFG-0002881,DEV-ONCOLOGY-IOT-059,0,1,1,1,1,0.0,0.0,0,0,LOW,0
CFG-0002882,DEV-CLINIC-IOT-041,0,1,1,1,1,0.0,0.0,0,0,LOW,0
CFG-0002883,DEV-CLINIC-WIR-097,0,1,1,1,1,0.0,0.0,0,0,LOW,0
CFG-0002884,DEV-MAIN-FIR-064,0,1,1,1,1,0.0,0.0,0,0,LOW,0
CFG-0002885,DEV-PHARM-FIR-010,0,1,1,1,1,0.0,0.0,1,0,LOW,0
CFG-0002886,DEV-ADMIN-WIR-013,0,1,1,1,1,0.0,0.0,0,0,LOW,0
CFG-0002887,DEV-PHARM-FIR-010,0,1,1,1,1,0.0,0.0,0,0,LOW,0
CFG-0002888,DEV-EMERGENCY-FIR-058,0,1,1,1,1,0.0,0.0,0,0,LOW,0
CFG-0002889,DEV-PEDS-COR-019,0,1,1,1,1,0.0,0.0,0,0,LOW,0
CFG-0002890,DEV-MAIN-EDG-071,0,1,1,1,1,0.0,0.0,1,0,LOW,0
CFG-0002891,DEV-ADMIN-COR-105,0,1,1,1,1,0.0,0.0,0,0,LOW,0
CFG-0002892,DEV-RESEARCH-VPN-045,0,1,1,1,1,0.0,0.0,0,0,LOW,0
CFG-0002893,DEV-RESEARCH-FIR-031,0,1,1,1,0,0.0,0.5,0,0,LOW,0
CFG-0002894,DEV-PEDS-COR-054,0,1,1,1,1,0.0,0.0,0,0,LOW,0
CFG-0002895,DEV-CARDIO-ACC-008,0,1,0,1,1,0.3,0.0,0,1,HIGH,2
CFG-0002896,DEV-EMERGENCY-COR-022,0,1,1,1,1,0.0,0.0,0,0,LOW,0
CFG-0002897,DEV-CLINIC-FIR-087,1,1,1,1,1,0.4,0.0,1,1,LOW,0
CFG-0002898,DEV-MAIN-SWI-017,0,1,1,1,1,0.0,0.0,1,0,LOW,0
CFG-0002899,DEV-CLINIC-ACC-033,0,1,1,1,1,0.0,0.0,0,0,LOW,0
CFG-0002900,DEV-CARDIO-ACC-068,0,1,1,1,1,0.0,0.0,0,0,LOW,0
CFG-0002901,DEV-CLINIC-ACC-033,0,1,1,1,1,0.0,0.0,0,0,LOW,0
CFG-0002902,DEV-CLINIC-EDG-048,0,1,1,1,1,0.0,0.0,1,0,LOW,0
CFG-0002903,DEV-PHARM-FIR-101,0,1,1,1,1,0.0,0.0,0,0,LOW,0
CFG-0002904,DEV-DIAG-COR-009,1,1,1,1,1,0.4,0.0,0,1,HIGH,2
CFG-0002905,DEV-ADMIN-IOT-003,0,1,0,1,1,0.3,0.0,0,1,HIGH,2
CFG-0002906,DEV-MAIN-ACC-077,0,1,1,1,1,0.0,0.0,0,0,LOW,0
CFG-0002907,DEV-DIAG-SWI-092,0,1,1,1,1,0.0,0.0,0,0,LOW,0
CFG-0002908,DEV-MAIN-SWI-017,0,1,1,1,1,0.0,0.0,1,0,LOW,0
CFG-0002909,DEV-DIAG-SWI-092,0,1,1,1,1,0.0,0.0,0,0,LOW,0
CFG-0002910,DEV-EMERGENCY-SWI-099,0,1,1,1,1,0.0,0.0,0,0,LOW,0
CFG-0002911,DEV-RESEARCH-FIR-031,0,1,1,1,1,0.0,0.0,0,0,LOW,0
CFG-0002912,DEV-MAIN-ACC-090,0,1,1,1,1,0.0,0.0,1,0,LOW,0
CFG-0002913,DEV-MAIN-EDG-012,0,1,1,1,1,0.0,0.0,0,0,LOW,0
CFG-0002914,DEV-PEDS-FIR-069,0,1,1,1,1,0.0,0.0,0,0,LOW,0
CFG-0002915,DEV-ONCOLOGY-ACC-053,0,1,1,1,1,0.0,0.0,0,0,LOW,0
CFG-0002916,DEV-EMERGENCY-COR-065,0,1,1,1,1,0.0,0.0,1,0,LOW,0
CFG-0002917,DEV-EMERGENCY-SWI-052,1,1,1,1,1,0.4,0.0,0,1,HIGH,2
CFG-0002918,DEV-CARDIO-ACC-068,0,1,1,1,1,0.0,0.0,1,0,LOW,0
CFG-0002919,DEV-MAIN-VPN-026,1,1,1,1,1,0.4,0.0,1,1,LOW,0
CFG-0002920,DEV-MAIN-SWI-044,0,1,1,1,1,0.0,0.0,1,0,LOW,0
CFG-0002921,DEV-ADMIN-WIR-013,0,1,1,1,1,0.0,0.0,1,0,LOW,0
CFG-0002922,DEV-PHARM-FIR-101,0,1,1,1,1,0.0,0.0,0,0,LOW,0
CFG-0002923,DEV-MAIN-EDG-012,0,1,1,1,1,0.0,0.0,1,0,LOW,0
CFG-0002924,DEV-ADMIN-IOT-003,0,1,1,1,1,0.0,0.0,0,0,LOW,0
CFG-0002925,DEV-DIAG-ACC-103,1,1,1,1,1,0.4,0.0,0,1,HIGH,2
CFG-0002926,DEV-CLINIC-VPN-029,0,1,1,1,1,0.0,0.0,0,0,LOW,0
CFG-0002927,DEV-DIAG-ACC-036,0,1,1,0,1,0.0,0.5,1,1,LOW,0
CFG-0002928,DEV-PEDS-WIR-007,0,1,1,1,1,0.0,0.0,0,0,LOW,0
CFG-0002929,DEV-EMERGENCY-VPN-094,0,1,1,1,1,0.0,0.0,1,0,LOW,0
CFG-0002930,DEV-ADMIN-WIR-013,0,1,1,1,1,0.0,0.0,0,0,LOW,0
CFG-0002931,DEV-RESEARCH-IOT-072,0,1,1,1,1,0.0,0.0,0,0,LOW,0
CFG-0002932,DEV-ADMIN-IOT-003,0,1,1,1,1,0.0,0.0,0,0,LOW,0
CFG-0002933,DEV-MAIN-EDG-071,0,1,1,0,1,0.0,0.5,0,1,MEDIUM,1
CFG-0002934,DEV-PHARM-FIR-010,0,1,1,1,1,0.0,0.0,0,0,LOW,0
CFG-0002935,DEV-RESEARCH-VPN-045,1,1,1,1,1,0.4,0.0,0,1,HIGH,2
CFG-0002936,DEV-CLINIC-ACC-109,0,1,1,1,1,0.0,0.0,0,0,LOW,0
CFG-0002937,DEV-MAIN-ACC-090,0,1,1,1,1,0.0,0.0,1,0,LOW,0
CFG-0002938,DEV-ONCOLOGY-WIR-037,1,1,1,1,1,0.4,0.0,0,1,HIGH,2
CFG-0002939,DEV-PEDS-VPN-025,0,1,1,1,1,0.0,0.0,0,0,LOW,0
CFG-0002940,DEV-EMERGENCY-IOT-073,0,1,1,0,1,0.0,0.5,0,1,MEDIUM,1
CFG-0002941,DEV-ONCOLOGY-ACC-053,0,1,1,1,1,0.0,0.0,0,0,LOW,0
CFG-0002942,DEV-MAIN-EDG-012,0,1,1,1,1,0.0,0.0,1,0,LOW,0
CFG-0002943,DEV-MAIN-SWI-042,0,1,1,1,1,0.0,0.0,0,0,LOW,0
CFG-0002944,DEV-MAIN-SWI-017,0,1,1,1,1,0.0,0.0,0,0,LOW,0
CFG-0002945,DEV-CARDIO-VPN-011,0,1,1,1,1,0.0,0.0,0,0,LOW,0
CFG-0002946,DEV-EMERGENCY-VPN-094,0,1,1,1,1,0.0,0.0,0,0,LOW,0
CFG-0002947,DEV-RESEARCH-IOT-072,1,1,1,1,1,0.4,0.0,1,1,LOW,0
CFG-0002948,DEV-MAIN-VPN-026,0,1,1,1,1,0.0,0.0,0,0,LOW,0
CFG-0002949,DEV-CLINIC-ACC-034,0,1,1,1,1,0.0,0.0,0,0,LOW,0
CFG-0002950,DEV-MAIN-VPN-026,0,1,0,1,1,0.3,0.0,0,1,HIGH,2
CFG-0002951,DEV-ADMIN-COR-105,0,1,1,1,1,0.0,0.0,0,0,LOW,0
CFG-0002952,DEV-PHARM-COR-106,0,1,1,1,0,0.0,0.5,0,0,LOW,0
CFG-0002953,DEV-MAIN-IOT-018,0,1,1,1,1,0.0,0.0,1,0,LOW,0
CFG-0002954,DEV-DIAG-ACC-103,0,1,1,1,1,0.0,0.0,0,0,LOW,0
CFG-0002955,DEV-RESEARCH-FIR-078,0,1,1,1,1,0.0,0.0,1,0,LOW,0
CFG-0002956,DEV-ADMIN-WIR-013,1,1,1,1,1,0.4,0.0,0,1,HIGH,2
CFG-0002957,DEV-CARDIO-SWI-062,0,1,1,1,1,0.0,0.0,0,0,LOW,0
CFG-0002958,DEV-ADMIN-IOT-003,0,1,1,1,1,0.0,0.0,0,0,LOW,0
CFG-0002959,DEV-CARDIO-SWI-062,0,1,1,1,1,0.0,0.0,0,0,LOW,0
CFG-0002960,DEV-PEDS-WIR-007,0,1,1,1,1,0.0,0.0,0,0,LOW,0
CFG-0002961,DEV-PEDS-VPN-025,0,1,1,1,1,0.0,0.0,0,0,LOW,0
CFG-0002962,DEV-MAIN-ACC-090,0,1,1,1,1,0.0,0.0,0,0,LOW,0
CFG-0002963,DEV-PEDS-IOT-035,0,1,1,0,1,0.0,0.5,1,1,LOW,0
CFG-0002964,DEV-MAIN-EDG-014,0,1,1,1,1,0.0,0.0,0,0,LOW,0
CFG-0002965,DEV-PHARM-FIR-101,0,1,1,1,1,0.0,0.0,0,0,LOW,0
CFG-0002966,DEV-CLINIC-ACC-033,0,1,1,1,1,0.0,0.0,0,0,LOW,0
CFG-0002967,DEV-PEDS-WIR-040,0,1,1,1,1,0.0,0.0,0,0,LOW,0
CFG-0002968,DEV-PHARM-VPN-004,0,1,1,1,1,0.0,0.0,0,0,LOW,0
CFG-0002969,DEV-ADMIN-SWI-049,0,1,1,1,1,0.0,0.0,0,0,LOW,0
CFG-0002970,DEV-RESEARCH-SWI-100,0,1,0,1,1,0.3,0.0,0,1,HIGH,2
CFG-0002971,DEV-RESEARCH-SWI-100,0,1,1,1,1,0.0,0.0,0,0,LOW,0
CFG-0002972,DEV-CLINIC-IOT-041,0,1,1,1,1,0.0,0.0,0,0,LOW,0
CFG-0002973,DEV-DIAG-SWI-092,0,1,1,1,1,0.0,0.0,1,0,LOW,0
CFG-0002974,DEV-DIAG-ACC-036,0,1,1,1,1,0.0,0.0,0,0,LOW,0
CFG-0002975,DEV-CARDIO-ACC-068,0,1,1,1,1,0.0,0.0,0,0,LOW,0
CFG-0002976,DEV-CARDIO-EDG-085,0,1,1,1,0,0.0,0.5,1,0,LOW,0
CFG-0002977,DEV-RESEARCH-SWI-001,0,1,1,1,1,0.0,0.0,1,0,LOW,0
CFG-0002978,DEV-CLINIC-ACC-109,0,1,1,1,1,0.0,0.0,0,0,LOW,0
CFG-0002979,DEV-RESEARCH-IOT-072,0,1,1,1,1,0.0,0.0,0,0,LOW,0
CFG-0002980,DEV-CLINIC-VPN-098,0,1,1,1,1,0.0,0.0,0,0,LOW,0
CFG-0002981,DEV-RESEARCH-SWI-001,0,1,1,1,1,0.0,0.0,1,0,LOW,0
CFG-0002982,DEV-CLINIC-SWI-082,0,1,0,1,1,0.3,0.0,1,1,LOW,0
CFG-0002983,DEV-MAIN-SWI-042,0,1,1,1,0,0.0,0.5,0,0,LOW,0
CFG-0002984,DEV-MAIN-FIR-064,0,1,1,1,1,0.0,0.0,0,0,LOW,0
CFG-0002985,DEV-PEDS-IOT-035,0,1,1,1,1,0.0,0.0,0,0,LOW,0
CFG-0002986,DEV-DIAG-FIR-108,0,1,1,1,1,0.0,0.0,0,0,LOW,0
CFG-0002987,DEV-DIAG-EDG-067,1,1,1,1,1,0.4,0.0,1,1,LOW,0
CFG-0002989,DEV-PHARM-FIR-101,1,1,1,1,1,0.4,0.0,0,1,HIGH,2
CFG-0002990,DEV-CLINIC-VPN-098,0,1,1,1,1,0.0,0.0,1,0,LOW,0
CFG-0002991,DEV-RESEARCH-SWI-001,0,1,1,1,1,0.0,0.0,0,0,LOW,0
CFG-0002992,DEV-DIAG-SWI-092,0,1,0,1,1,0.3,0.0,0,1,HIGH,2
CFG-0002993,DEV-CLINIC-WIR-097,0,1,1,1,1,0.0,0.0,0,0,LOW,0
CFG-0002994,DEV-RESEARCH-FIR-031,1,1,1,1,1,0.4,0.0,0,1,HIGH,2
CFG-0002995,DEV-EMERGENCY-SWI-096,0,1,1,1,1,0.0,0.0,0,0,LOW,0
CFG-0002996,DEV-EMERGENCY-SWI-066,0,1,0,1,1,0.3,0.0,1,1,LOW,0
CFG-0002997,DEV-PEDS-WIR-095,0,1,1,1,1,0.0,0.0,0,0,LOW,0
CFG-0002998,DEV-DIAG-ACC-103,0,1,1,1,1,0.0,0.0,1,0,LOW,0
CFG-0002999,DEV-CLINIC-VPN-098,0,1,1,1,1,0.0,0.0,0,0,LOW,0
CFG-0003000,DEV-MAIN-EDG-012,1,1,1,1,1,0.4,0.0,0,1,HIGH,2
CFG-0003001,DEV-MAIN-IOT-005,0,1,1,1,1,0.0,0.0,0,0,LOW,0
CFG-0003002,DEV-ONCOLOGY-IOT-059,0,1,1,1,1,0.0,0.0,0,0,LOW,0
CFG-0003003,DEV-MAIN-EDG-012,0,1,1,1,1,0.0,0.0,0,0,LOW,0
CFG-0003004,DEV-CLINIC-ACC-109,0,1,1,1,1,0.0,0.0,0,0,LOW,0
CFG-0003005,DEV-DIAG-FIR-108,1,1,1,1,1,0.4,0.0,1,1,LOW,0
CFG-0003006,DEV-ONCOLOGY-IOT-059,0,1,1,1,1,0.0,0.0,0,0,LOW,0
CFG-0003007,DEV-RESEARCH-VPN-045,0,1,1,1,1,0.0,0.0,0,0,LOW,0
CFG-0003008,DEV-ADMIN-IOT-003,0,1,1,1,1,0.0,0.0,0,0,LOW,0
CFG-0003009,DEV-PHARM-FIR-010,1,1,1,0,1,0.4,0.5,1,2,LOW,0
CFG-0003010,DEV-ADMIN-FIR-024,0,1,1,1,1,0.0,0.0,0,0,LOW,0
CFG-0003011,DEV-PHARM-EDG-038,0,1,0,1,1,0.3,0.0,1,1,LOW,0
CFG-0003012,DEV-PHARM-ACC-083,0,1,1,1,1,0.0,0.0,0,0,LOW,0
CFG-0003013,DEV-ONCOLOGY-ACC-053,0,1,0,1,1,0.3,0.0,0,1,HIGH,2
CFG-0003014,DEV-EMERGENCY-SWI-096,0,1,1,1,1,0.0,0.0,0,0,LOW,0
CFG-0003015,DEV-RESEARCH-EDG-057,0,1,1,1,1,0.0,0.0,1,0,LOW,0
CFG-0003016,DEV-MAIN-IOT-005,0,1,1,1,1,0.0,0.0,0,0,LOW,0
CFG-0003017,DEV-MAIN-SWI-017,0,1,1,1,1,0.0,0.0,0,0,LOW,0
CFG-0003018,DEV-MAIN-WIR-043,0,1,1,1,1,0.0,0.0,0,0,LOW,0
CFG-0003019,DEV-PEDS-IOT-046,0,1,0,1,1,0.3,0.0,0,1,HIGH,2
CFG-0003020,DEV-PEDS-COR-019,1,1,1,1,0,0.4,0.5,0,1,HIGH,2
CFG-0003021,DEV-PEDS-WIR-040,0,1,1,1,1,0.0,0.0,0,0,LOW,0
CFG-0003022,DEV-EMERGENCY-SWI-066,0,1,1,1,1,0.0,0.0,1,0,LOW,0
CFG-0003023,DEV-CARDIO-SWI-062,0,1,1,1,1,0.0,0.0,0,0,LOW,0
CFG-0003024,DEV-DIAG-FIR-108,0,1,1,1,1,0.0,0.0,1,0,LOW,0
CFG-0003025,DEV-RESEARCH-SWI-020,0,1,1,1,1,0.0,0.0,1,0,LOW,0
CFG-0003026,DEV-RESEARCH-EDG-057,0,1,1,1,1,0.0,0.0,0,0,LOW,0
CFG-0003027,DEV-RESEARCH-SWI-020,0,1,1,1,1,0.0,0.0,0,0,LOW,0
CFG-0003028,DEV-PHARM-IOT-107,0,1,1,1,1,0.0,0.0,1,0,LOW,0
CFG-0003029,DEV-DIAG-FIR-108,0,1,1,1,1,0.0,0.0,0,0,LOW,0
CFG-0003030,DEV-CARDIO-ACC-008,0,1,1,1,1,0.0,0.0,0,0,LOW,0
CFG-0003031,DEV-CLINIC-IOT-041,0,1,1,1,1,0.0,0.0,1,0,LOW,0
CFG-0003032,DEV-RESEARCH-SWI-001,0,1,0,1,1,0.3,0.0,0,1,HIGH,2
CFG-0003033,DEV-PHARM-FIR-101,0,1,1,1,1,0.0,0.0,1,0,LOW,0
CFG-0003034,DEV-MAIN-ACC-077,0,1,1,1,1,0.0,0.0,0,0,LOW,0
CFG-0003035,DEV-DIAG-ACC-103,0,1,0,1,1,0.3,0.0,0,1,HIGH,2
CFG-0003036,DEV-MAIN-FIR-064,0,1,1,0,1,0.0,0.5,0,1,MEDIUM,1
CFG-0003037,DEV-EMERGENCY-COR-065,0,1,1,1,1,0.0,0.0,0,0,LOW,0
CFG-0003038,DEV-MAIN-IOT-005,0,1,1,1,1,0.0,0.0,0,0,LOW,0
CFG-0003039,DEV-MAIN-SWI-044,0,1,1,1,1,0.0,0.0,1,0,LOW,0
CFG-0003040,DEV-MAIN-EDG-071,0,1,1,0,1,0.0,0.5,0,1,MEDIUM,1
CFG-0003041,DEV-CLINIC-IOT-041,0,1,1,1,1,0.0,0.0,0,0,LOW,0
CFG-0003042,DEV-RESEARCH-IOT-072,1,1,1,1,1,0.4,0.0,1,1,LOW,0
CFG-0003043,DEV-PEDS-COR-019,0,1,1,1,1,0.0,0.0,0,0,LOW,0
CFG-0003044,DEV-EMERGENCY-VPN-094,0,1,1,1,1,0.0,0.0,1,0,LOW,0
CFG-0003045,DEV-DIAG-ACC-036,0,1,1,1,1,0.0,0.0,1,0,LOW,0
CFG-0003046,DEV-MAIN-SWI-017,0,1,1,1,1,0.0,0.0,0,0,LOW,0
CFG-0003047,DEV-ADMIN-WIR-013,1,1,1,1,1,0.4,0.0,1,1,LOW,0
CFG-0003048,DEV-DIAG-FIR-108,0,1,1,1,1,0.0,0.0,1,0,LOW,0
CFG-0003049,DEV-CLINIC-ACC-033,0,1,1,1,1,0.0,0.0,1,0,LOW,0
CFG-0003050,DEV-ONCOLOGY-ACC-053,0,1,1,1,1,0.0,0.0,0,0,LOW,0
CFG-0003051,DEV-EMERGENCY-IOT-073,0,1,1,1,1,0.0,0.0,1,0,LOW,0
CFG-0003052,DEV-PEDS-IOT-035,0,1,1,0,1,0.0,0.5,1,1,LOW,0
CFG-0003053,DEV-DIAG-ACC-103,0,1,1,1,1,0.0,0.0,0,0,LOW,0
CFG-0003054,DEV-ONCOLOGY-IOT-070,0,1,1,1,1,0.0,0.0,0,0,LOW,0
CFG-0003055,DEV-MAIN-FIR-064,0,1,1,1,1,0.0,0.0,0,0,LOW,0
CFG-0003056,DEV-ONCOLOGY-SWI-039,0,1,1,1,1,0.0,0.0,0,0,LOW,0
CFG-0003057,DEV-PEDS-VPN-025,0,1,1,1,1,0.0,0.0,0,0,LOW,0
CFG-0003058,DEV-CARDIO-FIR-088,0,1,1,1,0,0.0,0.5,0,0,LOW,0
CFG-0003059,DEV-ONCOLOGY-ACC-053,0,1,1,0,1,0.0,0.5,0,1,MEDIUM,1
CFG-0003060,DEV-RESEARCH-SWI-001,0,1,1,1,1,0.0,0.0,0,0,LOW,0
CFG-0003061,DEV-RESEARCH-EDG-057,0,1,1,1,1,0.0,0.0,1,0,LOW,0
CFG-0003062,DEV-CLINIC-VPN-098,0,1,1,1,1,0.0,0.0,1,0,LOW,0
CFG-0003063,DEV-DIAG-EDG-067,0,1,1,1,0,0.0,0.5,0,0,LOW,0
CFG-0003064,DEV-CARDIO-IOT-110,0,1,1,1,0,0.0,0.5,0,0,LOW,0
CFG-0003065,DEV-EMERGENCY-COR-065,0,1,1,1,1,0.0,0.0,0,0,LOW,0
CFG-0003066,DEV-PHARM-ACC-083,0,1,1,1,0,0.0,0.5,0,0,LOW,0
CFG-0003067,DEV-DIAG-WIR-084,1,1,1,1,1,0.4,0.0,0,1,HIGH,2
CFG-0003068,DEV-PEDS-COR-054,0,1,1,1,1,0.0,0.0,0,0,LOW,0
CFG-0003069,DEV-EMERGENCY-COR-065,0,1,1,1,1,0.0,0.0,0,0,LOW,0
CFG-0003070,DEV-PEDS-WIR-095,0,1,0,1,1,0.3,0.0,0,1,HIGH,2
CFG-0003071,DEV-EMERGENCY-VPN-002,0,1,0,1,1,0.3,0.0,0,1,HIGH,2
CFG-0003072,DEV-DIAG-ACC-103,0,1,1,1,1,0.0,0.0,0,0,LOW,0
CFG-0003073,DEV-EMERGENCY-SWI-066,0,1,1,1,1,0.0,0.0,1,0,LOW,0
CFG-0003074,DEV-PHARM-IOT-107,0,1,1,1,1,0.0,0.0,0,0,LOW,0
CFG-0003075,DEV-MAIN-ACC-077,0,1,1,0,1,0.0,0.5,0,1,MEDIUM,1
CFG-0003076,DEV-RESEARCH-VPN-045,0,1,1,1,1,0.0,0.0,1,0,LOW,0
CFG-0003077,DEV-ADMIN-IOT-003,1,1,1,1,1,0.4,0.0,1,1,LOW,0
CFG-0003078,DEV-PEDS-FIR-069,0,1,1,1,1,0.0,0.0,0,0,LOW,0
CFG-0003079,DEV-ADMIN-COR-105,0,1,1,1,1,0.0,0.0,1,0,LOW,0
CFG-0003080,DEV-CLINIC-VPN-051,0,1,1,1,1,0.0,0.0,0,0,LOW,0
CFG-0003081,DEV-RESEARCH-FIR-078,0,1,1,1,1,0.0,0.0,1,0,LOW,0
CFG-0003082,DEV-CARDIO-VPN-011,1,1,1,1,1,0.4,0.0,1,1,LOW,0
CFG-0003083,DEV-ADMIN-SWI-049,0,1,1,1,1,0.0,0.0,1,0,LOW,0
CFG-0003084,DEV-CARDIO-FIR-089,0,1,1,1,1,0.0,0.0,0,0,LOW,0
CFG-0003085,DEV-CLINIC-FIR-087,0,1,1,1,1,0.0,0.0,0,0,LOW,0
CFG-0003086,DEV-EMERGENCY-COR-065,0,1,1,0,1,0.0,0.5,0,1,MEDIUM,1
CFG-0003087,DEV-PEDS-COR-019,0,1,1,1,1,0.0,0.0,0,0,LOW,0
CFG-0003088,DEV-CARDIO-COR-063,0,1,1,1,1,0.0,0.0,0,0,LOW,0
CFG-0003089,DEV-RESEARCH-SWI-079,0,1,1,1,0,0.0,0.5,0,0,LOW,0
CFG-0003090,DEV-RESEARCH-VPN-045,0,1,0,1,1,0.3,0.0,0,1,HIGH,2
CFG-0003091,DEV-RESEARCH-VPN-045,0,1,1,1,1,0.0,0.0,0,0,LOW,0
CFG-0003092,DEV-MAIN-SWI-042,0,1,1,1,1,0.0,0.0,0,0,LOW,0
CFG-0003093,DEV-MAIN-VPN-026,0,1,1,1,1,0.0,0.0,0,0,LOW,0
CFG-0003094,DEV-DIAG-WIR-084,1,1,1,1,1,0.4,0.0,1,1,LOW,0
CFG-0003095,DEV-CLINIC-ACC-027,1,1,1,1,1,0.4,0.0,0,1,HIGH,2
CFG-0003096,DEV-CLINIC-SWI-082,0,1,1,1,1,0.0,0.0,0,0,LOW,0
CFG-0003097,DEV-ONCOLOGY-IOT-070,0,1,1,1,1,0.0,0.0,0,0,LOW,0
CFG-0003098,DEV-CLINIC-EDG-048,0,1,1,0,1,0.0,0.5,0,1,MEDIUM,1
CFG-0003099,DEV-MAIN-EDG-012,0,1,1,1,1,0.0,0.0,1,0,LOW,0
CFG-0003100,DEV-EMERGENCY-SWI-066,0,1,1,1,1,0.0,0.0,0,0,LOW,0
CFG-0003101,DEV-MAIN-SWI-017,0,1,1,1,1,0.0,0.0,1,0,LOW,0
CFG-0003102,DEV-PEDS-WIR-040,0,1,1,1,1,0.0,0.0,1,0,LOW,0
CFG-0003103,DEV-RESEARCH-EDG-057,0,1,1,1,1,0.0,0.0,1,0,LOW,0
CFG-0003104,DEV-MAIN-IOT-018,0,1,1,1,1,0.0,0.0,0,0,LOW,0
CFG-0003105,DEV-PEDS-VPN-025,0,1,1,1,1,0.0,0.0,0,0,LOW,0
CFG-0003106,DEV-DIAG-SWI-032,0,1,1,1,1,0.0,0.0,0,0,LOW,0
CFG-0003107,DEV-EMERGENCY-COR-022,0,1,1,1,1,0.0,0.0,0,0,LOW,0
CFG-0003108,DEV-DIAG-COR-009,0,1,1,1,1,0.0,0.0,0,0,LOW,0
CFG-0003109,DEV-EMERGENCY-SWI-081,0,1,1,1,1,0.0,0.0,1,0,LOW,0
CFG-0003110,DEV-CLINIC-ACC-109,0,1,1,1,1,0.0,0.0,0,0,LOW,0
CFG-0003111,DEV-EMERGENCY-SWI-081,0,1,1,1,1,0.0,0.0,1,0,LOW,0
CFG-0003112,DEV-ADMIN-SWI-049,0,1,1,1,1,0.0,0.0,1,0,LOW,0
CFG-0003113,DEV-MAIN-EDG-014,0,1,1,1,1,0.0,0.0,1,0,LOW,0
CFG-0003114,DEV-PHARM-ACC-083,0,1,1,1,1,0.0,0.0,1,0,LOW,0
CFG-0003115,DEV-CLINIC-VPN-051,0,1,1,1,1,0.0,0.0,0,0,LOW,0
CFG-0003116,DEV-RESEARCH-SWI-100,0,1,1,1,1,0.0,0.0,0,0,LOW,0
CFG-0003117,DEV-ADMIN-COR-105,0,1,1,1,1,0.0,0.0,0,0,LOW,0
CFG-0003118,DEV-PHARM-COR-106,1,1,1,1,1,0.4,0.0,0,1,HIGH,2
CFG-0003119,DEV-MAIN-EDG-071,0,1,1,1,1,0.0,0.0,0,0,LOW,0
CFG-0003120,DEV-EMERGENCY-SWI-052,0,1,1,1,1,0.0,0.0,1,0,LOW,0
CFG-0003121,DEV-PEDS-IOT-035,0,1,1,1,0,0.0,0.5,1,0,LOW,0
CFG-0003122,DEV-RESEARCH-FIR-056,0,1,1,1,1,0.0,0.0,0,0,LOW,0
CFG-0003123,DEV-RESEARCH-FIR-078,0,1,1,1,1,0.0,0.0,0,0,LOW,0
CFG-0003124,DEV-CARDIO-ACC-068,0,1,1,1,1,0.0,0.0,0,0,LOW,0
CFG-0003125,DEV-PHARM-VPN-023,0,1,1,1,1,0.0,0.0,0,0,LOW,0
CFG-0003126,DEV-ADMIN-FIR-093,0,1,1,1,1,0.0,0.0,0,0,LOW,0
CFG-0003127,DEV-CARDIO-IOT-006,0,1,1,1,1,0.0,0.0,0,0,LOW,0
CFG-0003128,DEV-ADMIN-FIR-024,0,1,1,1,1,0.0,0.0,0,0,LOW,0
CFG-0003129,DEV-EMERGENCY-SWI-066,0,1,1,1,1,0.0,0.0,1,0,LOW,0
CFG-0003130,DEV-CLINIC-EDG-048,0,1,1,1,1,0.0,0.0,0,0,LOW,0
CFG-0003131,DEV-PEDS-IOT-046,0,1,1,1,1,0.0,0.0,1,0,LOW,0
CFG-0003132,DEV-EMERGENCY-FIR-030,0,1,1,1,1,0.0,0.0,0,0,LOW,0
CFG-0003133,DEV-MAIN-FIR-091,0,1,1,1,1,0.0,0.0,0,0,LOW,0
CFG-0003134,DEV-ADMIN-FIR-093,0,1,1,1,1,0.0,0.0,0,0,LOW,0
CFG-0003135,DEV-ADMIN-VPN-021,0,1,1,1,1,0.0,0.0,0,0,LOW,0
CFG-0003136,DEV-PEDS-WIR-040,0,1,1,1,1,0.0,0.0,0,0,LOW,0
CFG-0003137,DEV-EMERGENCY-SWI-099,0,1,1,1,1,0.0,0.0,0,0,LOW,0
CFG-0003138,DEV-CARDIO-FIR-089,0,1,1,1,0,0.0,0.5,0,0,LOW,0
CFG-0003139,DEV-EMERGENCY-IOT-015,1,1,1,1,1,0.4,0.0,1,1,LOW,0
CFG-0003140,DEV-DIAG-EDG-067,0,1,1,1,1,0.0,0.0,0,0,LOW,0
CFG-0003141,DEV-MAIN-EDG-014,0,1,0,1,1,0.3,0.0,1,1,LOW,0
CFG-0003142,DEV-DIAG-WIR-084,0,1,1,1,1,0.0,0.0,1,0,LOW,0
CFG-0003143,DEV-DIAG-ACC-103,0,1,1,1,0,0.0,0.5,0,0,LOW,0
CFG-0003144,DEV-ONCOLOGY-IOT-070,0,1,1,1,1,0.0,0.0,0,0,LOW,0
CFG-0003145,DEV-PEDS-WIR-040,0,1,1,1,1,0.0,0.0,0,0,LOW,0
CFG-0003146,DEV-CARDIO-ACC-008,0,1,0,1,1,0.3,0.0,0,1,HIGH,2
CFG-0003147,DEV-CLINIC-VPN-098,0,1,0,1,1,0.3,0.0,0,1,HIGH,2
CFG-0003148,DEV-EMERGENCY-FIR-058,0,1,1,1,1,0.0,0.0,0,0,LOW,0
CFG-0003149,DEV-MAIN-ACC-090,0,1,1,1,1,0.0,0.0,1,0,LOW,0
CFG-0003150,DEV-RESEARCH-FIR-086,0,1,1,1,1,0.0,0.0,0,0,LOW,0
CFG-0003151,DEV-ADMIN-FIR-024,0,1,1,1,1,0.0,0.0,0,0,LOW,0
CFG-0003152,DEV-PEDS-WIR-007,0,1,0,1,1,0.3,0.0,0,1,HIGH,2
CFG-0003153,DEV-PEDS-IOT-046,0,1,1,1,1,0.0,0.0,0,0,LOW,0
CFG-0003154,DEV-PHARM-FIR-010,0,1,1,1,1,0.0,0.0,0,0,LOW,0
CFG-0003155,DEV-RESEARCH-SWI-001,0,1,1,1,1,0.0,0.0,0,0,LOW,0
CFG-0003156,DEV-PEDS-ACC-104,0,1,1,1,1,0.0,0.0,1,0,LOW,0
CFG-0003157,DEV-MAIN-ACC-090,0,1,1,1,1,0.0,0.0,1,0,LOW,0
CFG-0003158,DEV-CARDIO-SWI-074,0,1,1,1,1,0.0,0.0,1,0,LOW,0
CFG-0003159,DEV-PHARM-FIR-101,1,1,1,1,1,0.4,0.0,0,1,HIGH,2
CFG-0003160,DEV-DIAG-ACC-103,0,1,1,1,0,0.0,0.5,1,0,LOW,0
CFG-0003161,DEV-ONCOLOGY-FIR-061,1,1,1,1,1,0.4,0.0,0,1,HIGH,2
CFG-0003162,DEV-MAIN-EDG-012,0,1,1,1,1,0.0,0.0,0,0,LOW,0
CFG-0003163,DEV-PEDS-WIR-007,0,1,1,1,1,0.0,0.0,0,0,LOW,0
CFG-0003164,DEV-EMERGENCY-IOT-015,0,1,0,1,1,0.3,0.0,1,1,LOW,0
CFG-0003165,DEV-PHARM-VPN-023,0,1,1,1,1,0.0,0.0,0,0,LOW,0
CFG-0003166,DEV-CLINIC-SWI-082,0,1,1,1,0,0.0,0.5,1,0,LOW,0
CFG-0003167,DEV-CLINIC-VPN-098,0,1,1,1,1,0.0,0.0,0,0,LOW,0
CFG-0003168,DEV-PEDS-FIR-069,0,1,1,1,1,0.0,0.0,0,0,LOW,0
CFG-0003169,DEV-RESEARCH-SWI-079,0,1,1,1,1,0.0,0.0,1,0,LOW,0
CFG-0003170,DEV-PHARM-COR-106,0,1,1,1,0,0.0,0.5,0,0,LOW,0
CFG-0003171,DEV-ONCOLOGY-SWI-039,0,1,1,1,0,0.0,0.5,0,0,LOW,0
CFG-0003172,DEV-ONCOLOGY-SWI-039,0,1,1,1,1,0.0,0.0,0,0,LOW,0
CFG-0003173,DEV-MAIN-ACC-090,0,1,1,1,1,0.0,0.0,0,0,LOW,0
CFG-0003174,DEV-PHARM-COR-106,0,1,1,1,1,0.0,0.0,0,0,LOW,0
CFG-0003175,DEV-MAIN-ACC-090,0,1,1,1,1,0.0,0.0,0,0,LOW,0
CFG-0003176,DEV-ADMIN-COR-105,0,1,1,1,1,0.0,0.0,0,0,LOW,0
CFG-0003177,DEV-PEDS-IOT-046,0,1,1,1,1,0.0,0.0,0,0,LOW,0
CFG-0003178,DEV-PEDS-COR-019,0,1,1,1,1,0.0,0.0,1,0,LOW,0
CFG-0003179,DEV-RESEARCH-VPN-045,0,1,1,0,1,0.0,0.5,0,1,MEDIUM,1
CFG-0003180,DEV-ONCOLOGY-IOT-070,0,1,1,1,1,0.0,0.0,0,0,LOW,0
CFG-0003181,DEV-RESEARCH-SWI-020,0,1,1,1,1,0.0,0.0,0,0,LOW,0
CFG-0003182,DEV-EMERGENCY-VPN-002,0,1,1,1,1,0.0,0.0,1,0,LOW,0
CFG-0003183,DEV-RESEARCH-SWI-001,0,1,1,1,1,0.0,0.0,1,0,LOW,0
CFG-0003184,DEV-CARDIO-FIR-089,0,1,0,1,1,0.3,0.0,0,1,HIGH,2
CFG-0003185,DEV-CARDIO-VPN-011,0,1,1,1,1,0.0,0.0,1,0,LOW,0
CFG-0003186,DEV-EMERGENCY-FIR-030,0,1,1,1,1,0.0,0.0,0,0,LOW,0
CFG-0003187,DEV-PEDS-FIR-069,0,1,1,1,0,0.0,0.5,0,0,LOW,0
CFG-0003188,DEV-EMERGENCY-SWI-099,0,1,1,1,1,0.0,0.0,0,0,LOW,0
CFG-0003189,DEV-EMERGENCY-IOT-073,1,1,1,1,1,0.4,0.0,1,1,LOW,0
CFG-0003190,DEV-RESEARCH-FIR-086,0,1,1,1,1,0.0,0.0,1,0,LOW,0
CFG-0003191,DEV-ONCOLOGY-IOT-059,0,1,1,1,1,0.0,0.0,1,0,LOW,0
CFG-0003192,DEV-DIAG-SWI-060,0,1,1,1,1,0.0,0.0,0,0,LOW,0
CFG-0003193,DEV-MAIN-IOT-005,0,1,1,1,1,0.0,0.0,0,0,LOW,0
CFG-0003194,DEV-ONCOLOGY-WIR-037,0,1,1,1,1,0.0,0.0,0,0,LOW,0
CFG-0003195,DEV-ADMIN-VPN-021,0,1,1,1,1,0.0,0.0,0,0,LOW,0
CFG-0003196,DEV-MAIN-SWI-044,0,1,0,1,1,0.3,0.0,0,1,HIGH,2
CFG-0003197,DEV-RESEARCH-SWI-001,0,1,1,1,1,0.0,0.0,0,0,LOW,0
CFG-0003198,DEV-ONCOLOGY-ACC-016,0,1,1,1,1,0.0,0.0,1,0,LOW,0
CFG-0003199,DEV-CARDIO-EDG-085,1,1,1,1,1,0.4,0.0,0,1,HIGH,2
CFG-0003200,DEV-EMERGENCY-VPN-002,0,1,1,1,1,0.0,0.0,1,0,LOW,0
CFG-0003201,DEV-DIAG-SWI-092,0,1,1,1,1,0.0,0.0,1,0,LOW,0
CFG-0003202,DEV-ADMIN-IOT-003,0,1,0,1,1,0.3,0.0,1,1,LOW,0
CFG-0003203,DEV-PHARM-FIR-101,0,1,1,1,1,0.0,0.0,1,0,LOW,0
CFG-0003204,DEV-PEDS-VPN-025,0,1,1,1,1,0.0,0.0,0,0,LOW,0
CFG-0003205,DEV-PHARM-VPN-023,0,1,1,1,0,0.0,0.5,0,0,LOW,0
CFG-0003206,DEV-PHARM-FIR-028,0,1,1,1,0,0.0,0.5,0,0,LOW,0
CFG-0003207,DEV-EMERGENCY-SWI-052,0,1,1,0,1,0.0,0.5,0,1,MEDIUM,1
CFG-0003208,DEV-RESEARCH-FIR-078,0,1,0,1,1,0.3,0.0,1,1,LOW,0
CFG-0003209,DEV-PEDS-ACC-104,0,1,1,1,1,0.0,0.0,0,0,LOW,0
CFG-0003210,DEV-MAIN-IOT-018,0,1,1,0,1,0.0,0.5,0,1,MEDIUM,1
CFG-0003211,DEV-MAIN-EDG-071,0,1,1,1,1,0.0,0.0,1,0,LOW,0
CFG-0003212,DEV-MAIN-EDG-014,0,1,1,1,1,0.0,0.0,1,0,LOW,0
CFG-0003213,DEV-ADMIN-FIR-093,0,1,1,1,1,0.0,0.0,0,0,LOW,0
CFG-0003214,DEV-MAIN-SWI-044,0,1,1,1,1,0.0,0.0,0,0,LOW,0
CFG-0003215,DEV-EMERGENCY-SWI-066,0,1,1,1,1,0.0,0.0,1,0,LOW,0
CFG-0003216,DEV-CLINIC-ACC-033,0,1,1,1,1,0.0,0.0,0,0,LOW,0
CFG-0003217,DEV-MAIN-SWI-044,0,1,1,1,1,0.0,0.0,1,0,LOW,0
CFG-0003218,DEV-EMERGENCY-IOT-073,0,1,1,1,1,0.0,0.0,0,0,LOW,0
CFG-0003219,DEV-CLINIC-VPN-098,0,1,1,1,1,0.0,0.0,0,0,LOW,0
CFG-0003220,DEV-DIAG-COR-009,0,1,1,1,1,0.0,0.0,1,0,LOW,0
CFG-0003221,DEV-CLINIC-FIR-087,0,1,1,1,1,0.0,0.0,0,0,LOW,0
CFG-0003222,DEV-MAIN-SWI-044,0,1,1,1,0,0.0,0.5,0,0,LOW,0
CFG-0003223,DEV-PEDS-IOT-046,0,1,1,1,1,0.0,0.0,0,0,LOW,0
CFG-0003224,DEV-RESEARCH-SWI-079,0,1,1,1,1,0.0,0.0,1,0,LOW,0
CFG-0003225,DEV-MAIN-EDG-014,0,1,1,1,0,0.0,0.5,0,0,LOW,0
CFG-0003226,DEV-PHARM-COR-106,1,1,1,1,1,0.4,0.0,0,1,HIGH,2
CFG-0003227,DEV-CLINIC-FIR-087,0,1,1,1,1,0.0,0.0,0,0,LOW,0
CFG-0003228,DEV-EMERGENCY-VPN-094,0,1,1,1,1,0.0,0.0,0,0,LOW,0
CFG-0003229,DEV-ONCOLOGY-WIR-037,0,1,1,1,1,0.0,0.0,1,0,LOW,0
CFG-0003230,DEV-RESEARCH-FIR-086,0,1,1,1,1,0.0,0.0,0,0,LOW,0
CFG-0003231,DEV-CLINIC-SWI-082,0,1,1,1,1,0.0,0.0,0,0,LOW,0
CFG-0003232,DEV-MAIN-VPN-026,0,1,1,1,1,0.0,0.0,0,0,LOW,0
CFG-0003233,DEV-PHARM-ACC-083,0,1,1,1,1,0.0,0.0,0,0,LOW,0
CFG-0003234,DEV-PHARM-VPN-004,0,1,1,1,1,0.0,0.0,0,0,LOW,0
CFG-0003235,DEV-ONCOLOGY-IOT-059,0,1,1,1,1,0.0,0.0,0,0,LOW,0
CFG-0003236,DEV-CLINIC-IOT-041,0,1,1,1,1,0.0,0.0,1,0,LOW,0
CFG-0003237,DEV-EMERGENCY-VPN-002,0,1,1,1,1,0.0,0.0,1,0,LOW,0
CFG-0003238,DEV-PHARM-VPN-102,0,1,1,1,1,0.0,0.0,1,0,LOW,0
CFG-0003239,DEV-MAIN-EDG-012,0,1,1,1,1,0.0,0.0,0,0,LOW,0
CFG-0003240,DEV-CLINIC-ACC-034,0,1,1,1,1,0.0,0.0,0,0,LOW,0
CFG-0003241,DEV-PEDS-WIR-040,0,1,1,1,1,0.0,0.0,0,0,LOW,0
CFG-0003242,DEV-CARDIO-FIR-088,1,1,1,1,1,0.4,0.0,0,1,HIGH,2
CFG-0003243,DEV-DIAG-FIR-108,0,1,1,1,1,0.0,0.0,0,0,LOW,0
CFG-0003244,DEV-CLINIC-FIR-087,0,1,1,0,1,0.0,0.5,0,1,MEDIUM,1
CFG-0003245,DEV-PHARM-FIR-101,0,1,1,1,1,0.0,0.0,0,0,LOW,0
CFG-0003246,DEV-RESEARCH-FIR-078,0,1,1,1,1,0.0,0.0,0,0,LOW,0
CFG-0003247,DEV-RESEARCH-SWI-001,0,1,1,1,1,0.0,0.0,0,0,LOW,0
CFG-0003248,DEV-CARDIO-VPN-011,0,1,1,1,1,0.0,0.0,0,0,LOW,0
CFG-0003249,DEV-DIAG-SWI-060,0,1,1,1,1,0.0,0.0,0,0,LOW,0
CFG-0003250,DEV-EMERGENCY-SWI-066,0,1,1,1,1,0.0,0.0,1,0,LOW,0
CFG-0003251,DEV-MAIN-FIR-091,0,1,1,1,1,0.0,0.0,1,0,LOW,0
CFG-0003252,DEV-ONCOLOGY-WIR-037,0,1,1,0,1,0.0,0.5,0,1,MEDIUM,1
CFG-0003253,DEV-CLINIC-WIR-097,0,1,1,0,1,0.0,0.5,0,1,MEDIUM,1
CFG-0003254,DEV-ONCOLOGY-SWI-039,0,1,1,1,1,0.0,0.0,0,0,LOW,0
CFG-0003255,DEV-RESEARCH-FIR-078,0,1,1,1,0,0.0,0.5,1,0,LOW,0
CFG-0003256,DEV-CARDIO-IOT-110,0,1,0,1,1,0.3,0.0,0,1,HIGH,2
CFG-0003257,DEV-EMERGENCY-SWI-066,0,1,1,1,1,0.0,0.0,0,0,LOW,0
CFG-0003258,DEV-PEDS-ACC-104,0,1,1,1,1,0.0,0.0,0,0,LOW,0
CFG-0003259,DEV-ONCOLOGY-ACC-053,0,1,1,1,1,0.0,0.0,0,0,LOW,0
CFG-0003260,DEV-ONCOLOGY-SWI-039,0,1,1,0,1,0.0,0.5,0,1,MEDIUM,1
CFG-0003261,DEV-ADMIN-IOT-003,0,1,1,1,0,0.0,0.5,1,0,LOW,0
CFG-0003262,DEV-RESEARCH-SWI-079,0,1,1,1,1,0.0,0.0,0,0,LOW,0
CFG-0003263,DEV-RESEARCH-FIR-086,0,1,1,1,0,0.0,0.5,0,0,LOW,0
CFG-0003264,DEV-CLINIC-ACC-027,0,1,1,1,1,0.0,0.0,0,0,LOW,0
CFG-0003265,DEV-ONCOLOGY-VPN-075,0,1,1,1,0,0.0,0.5,1,0,LOW,0
CFG-0003266,DEV-ONCOLOGY-WIR-037,0,1,1,1,1,0.0,0.0,1,0,LOW,0
CFG-0003267,DEV-DIAG-SWI-060,0,1,1,1,1,0.0,0.0,0,0,LOW,0
CFG-0003268,DEV-PHARM-COR-106,0,1,1,1,1,0.0,0.0,0,0,LOW,0
CFG-0003269,DEV-DIAG-SWI-092,0,1,1,1,1,0.0,0.0,0,0,LOW,0
CFG-0003270,DEV-DIAG-SWI-092,0,1,1,1,1,0.0,0.0,0,0,LOW,0
CFG-0003271,DEV-PHARM-ACC-083,0,1,1,1,1,0.0,0.0,1,0,LOW,0
CFG-0003272,DEV-PHARM-FIR-101,0,1,1,1,1,0.0,0.0,1,0,LOW,0
CFG-0003273,DEV-CLINIC-ACC-034,0,1,1,1,1,0.0,0.0,1,0,LOW,0
CFG-0003274,DEV-MAIN-SWI-042,1,1,1,1,1,0.4,0.0,1,1,LOW,0
CFG-0003275,DEV-DIAG-SWI-060,0,1,1,1,1,0.0,0.0,0,0,LOW,0
CFG-0003276,DEV-ADMIN-EDG-050,0,1,1,1,1,0.0,0.0,0,0,LOW,0
CFG-0003277,DEV-MAIN-SWI-017,0,1,1,1,0,0.0,0.5,1,0,LOW,0
CFG-0003278,DEV-MAIN-SWI-017,0,1,1,1,1,0.0,0.0,0,0,LOW,0
CFG-0003279,DEV-RESEARCH-EDG-057,0,1,1,1,1,0.0,0.0,1,0,LOW,0
CFG-0003281,DEV-CARDIO-ACC-008,0,1,1,1,1,0.0,0.0,1,0,LOW,0
CFG-0003282,DEV-ONCOLOGY-ACC-053,0,1,0,1,1,0.3,0.0,0,1,HIGH,2
CFG-0003283,DEV-DIAG-ACC-036,0,1,1,1,1,0.0,0.0,0,0,LOW,0
CFG-0003284,DEV-DIAG-COR-009,0,1,1,1,1,0.0,0.0,0,0,LOW,0
CFG-0003285,DEV-PHARM-COR-106,0,1,1,1,1,0.0,0.0,1,0,LOW,0
CFG-0003286,DEV-RESEARCH-EDG-057,0,1,1,1,1,0.0,0.0,1,0,LOW,0
CFG-0003287,DEV-CARDIO-FIR-089,0,1,1,1,1,0.0,0.0,0,0,LOW,0
CFG-0003288,DEV-RESEARCH-FIR-078,0,1,1,1,1,0.0,0.0,0,0,LOW,0
CFG-0003289,DEV-CARDIO-ACC-008,0,1,1,1,1,0.0,0.0,0,0,LOW,0
CFG-0003290,DEV-EMERGENCY-VPN-002,0,1,1,1,1,0.0,0.0,0,0,LOW,0
CFG-0003291,DEV-CARDIO-EDG-085,1,1,1,1,1,0.4,0.0,0,1,HIGH,2
CFG-0003292,DEV-RESEARCH-VPN-045,0,1,1,1,1,0.0,0.0,0,0,LOW,0
CFG-0003294,DEV-ADMIN-VPN-021,0,1,1,1,1,0.0,0.0,0,0,LOW,0
CFG-0003295,DEV-MAIN-EDG-071,0,1,1,1,1,0.0,0.0,0,0,LOW,0
CFG-0003296,DEV-EMERGENCY-SWI-081,0,1,0,1,1,0.3,0.0,0,1,HIGH,2
CFG-0003297,DEV-RESEARCH-FIR-056,0,1,1,1,0,0.0,0.5,1,0,LOW,0
CFG-0003298,DEV-CLINIC-ACC-027,0,1,1,0,1,0.0,0.5,0,1,MEDIUM,1
CFG-0003299,DEV-EMERGENCY-SWI-081,0,1,1,1,1,0.0,0.0,1,0,LOW,0
CFG-0003300,DEV-RESEARCH-EDG-057,0,1,1,1,1,0.0,0.0,0,0,LOW,0
CFG-0003301,DEV-MAIN-SWI-044,0,1,1,1,1,0.0,0.0,0,0,LOW,0
CFG-0003302,DEV-MAIN-FIR-064,0,1,1,1,1,0.0,0.0,0,0,LOW,0
CFG-0003303,DEV-ADMIN-COR-105,0,1,1,1,1,0.0,0.0,1,0,LOW,0
CFG-0003304,DEV-RESEARCH-SWI-100,0,1,1,1,1,0.0,0.0,0,0,LOW,0
CFG-0003305,DEV-CLINIC-ACC-034,0,1,1,0,1,0.0,0.5,1,1,LOW,0
CFG-0003306,DEV-ADMIN-IOT-003,0,1,1,1,1,0.0,0.0,1,0,LOW,0
CFG-0003307,DEV-PHARM-EDG-038,1,1,1,1,1,0.4,0.0,0,1,HIGH,2
CFG-0003308,DEV-CARDIO-ACC-068,0,1,1,1,1,0.0,0.0,1,0,LOW,0
CFG-0003309,DEV-DIAG-SWI-092,0,1,0,1,1,0.3,0.0,0,1,HIGH,2
CFG-0003310,DEV-ONCOLOGY-IOT-059,1,1,1,1,1,0.4,0.0,0,1,HIGH,2
CFG-0003311,DEV-ADMIN-FIR-093,0,1,1,1,1,0.0,0.0,0,0,LOW,0
CFG-0003312,DEV-ONCOLOGY-SWI-039,0,1,1,1,1,0.0,0.0,0,0,LOW,0
CFG-0003313,DEV-CARDIO-ACC-068,0,1,1,1,1,0.0,0.0,0,0,LOW,0
CFG-0003314,DEV-CLINIC-VPN-098,0,1,1,1,1,0.0,0.0,0,0,LOW,0
CFG-0003315,DEV-CLINIC-WIR-097,0,1,1,0,1,0.0,0.5,0,1,MEDIUM,1
CFG-0003316,DEV-ADMIN-COR-105,1,1,1,1,1,0.4,0.0,0,1,HIGH,2
CFG-0003317,DEV-ADMIN-IOT-003,0,1,1,1,1,0.0,0.0,0,0,LOW,0
CFG-0003318,DEV-PEDS-COR-019,0,1,1,1,1,0.0,0.0,0,0,LOW,0
CFG-0003319,DEV-MAIN-EDG-071,0,1,1,1,1,0.0,0.0,0,0,LOW,0
CFG-0003320,DEV-RESEARCH-EDG-055,1,1,1,1,1,0.4,0.0,1,1,LOW,0
CFG-0003321,DEV-CARDIO-FIR-089,0,1,1,1,1,0.0,0.0,1,0,LOW,0
CFG-0003322,DEV-EMERGENCY-VPN-002,0,1,1,1,1,0.0,0.0,1,0,LOW,0
CFG-0003323,DEV-RESEARCH-FIR-031,0,1,1,1,1,0.0,0.0,1,0,LOW,0
CFG-0003324,DEV-ADMIN-EDG-050,0,1,1,1,1,0.0,0.0,0,0,LOW,0
CFG-0003325,DEV-CLINIC-ACC-027,0,1,1,1,0,0.0,0.5,0,0,LOW,0
CFG-0003326,DEV-MAIN-EDG-012,0,1,1,1,1,0.0,0.0,0,0,LOW,0
CFG-0003327,DEV-CLINIC-VPN-098,0,1,1,1,1,0.0,0.0,0,0,LOW,0
CFG-0003328,DEV-EMERGENCY-VPN-002,0,1,1,1,1,0.0,0.0,1,0,LOW,0
CFG-0003329,DEV-EMERGENCY-IOT-015,0,1,1,1,1,0.0,0.0,0,0,LOW,0
CFG-0003330,DEV-DIAG-EDG-080,0,1,1,1,1,0.0,0.0,0,0,LOW,0
CFG-0003331,DEV-MAIN-SWI-044,0,1,1,1,1,0.0,0.0,1,0,LOW,0
CFG-0003332,DEV-DIAG-EDG-080,0,1,1,1,1,0.0,0.0,0,0,LOW,0
CFG-0003333,DEV-RESEARCH-SWI-001,0,1,1,1,1,0.0,0.0,1,0,LOW,0
CFG-0003334,DEV-ADMIN-VPN-021,0,1,1,1,1,0.0,0.0,0,0,LOW,0
CFG-0003335,DEV-CLINIC-ACC-109,0,1,1,1,1,0.0,0.0,1,0,LOW,0
CFG-0003336,DEV-CARDIO-ACC-068,0,1,1,1,1,0.0,0.0,0,0,LOW,0
CFG-0003337,DEV-CARDIO-FIR-089,0,1,1,1,1,0.0,0.0,0,0,LOW,0
CFG-0003338,DEV-RESEARCH-SWI-001,0,1,1,1,1,0.0,0.0,0,0,LOW,0
CFG-0003339,DEV-PEDS-IOT-035,0,1,1,0,1,0.0,0.5,0,1,MEDIUM,1
CFG-0003340,DEV-PHARM-FIR-101,0,1,1,1,1,0.0,0.0,0,0,LOW,0
CFG-0003341,DEV-MAIN-ACC-090,0,1,1,1,1,0.0,0.0,0,0,LOW,0
CFG-0003342,DEV-MAIN-FIR-064,0,1,1,1,1,0.0,0.0,0,0,LOW,0
CFG-0003343,DEV-EMERGENCY-VPN-002,1,1,1,1,1,0.4,0.0,0,1,HIGH,2
CFG-0003344,DEV-DIAG-FIR-108,0,1,1,1,1,0.0,0.0,0,0,LOW,0
CFG-0003345,DEV-CLINIC-ACC-109,0,1,1,1,1,0.0,0.0,1,0,LOW,0
CFG-0003346,DEV-RESEARCH-SWI-100,1,1,1,1,1,0.4,0.0,0,1,HIGH,2
CFG-0003347,DEV-DIAG-EDG-080,0,1,1,1,1,0.0,0.0,0,0,LOW,0
CFG-0003348,DEV-RESEARCH-FIR-056,0,1,1,1,1,0.0,0.0,0,0,LOW,0
CFG-0003349,DEV-MAIN-VPN-026,1,1,1,1,1,0.4,0.0,0,1,HIGH,2
CFG-0003350,DEV-PHARM-VPN-102,0,1,1,1,1,0.0,0.0,0,0,LOW,0
CFG-0003351,DEV-PHARM-FIR-010,0,1,1,1,1,0.0,0.0,0,0,LOW,0
CFG-0003352,DEV-PEDS-ACC-104,0,1,1,1,1,0.0,0.0,0,0,LOW,0
CFG-0003353,DEV-CLINIC-SWI-082,1,1,1,1,1,0.4,0.0,0,1,HIGH,2
CFG-0003354,DEV-PHARM-VPN-102,0,1,1,1,1,0.0,0.0,0,0,LOW,0
CFG-0003355,DEV-CARDIO-SWI-062,0,1,1,1,1,0.0,0.0,1,0,LOW,0
CFG-0003356,DEV-ADMIN-WIR-013,0,1,1,1,1,0.0,0.0,1,0,LOW,0
CFG-0003357,DEV-MAIN-VPN-026,1,1,1,1,1,0.4,0.0,1,1,LOW,0
CFG-0003358,DEV-CLINIC-FIR-087,0,1,1,1,1,0.0,0.0,0,0,LOW,0
CFG-0003359,DEV-PEDS-COR-054,0,1,1,1,1,0.0,0.0,0,0,LOW,0
CFG-0003361,DEV-RESEARCH-FIR-056,0,1,1,1,1,0.0,0.0,0,0,LOW,0
CFG-0003362,DEV-CLINIC-FIR-087,0,1,1,1,1,0.0,0.0,1,0,LOW,0
CFG-0003363,DEV-ONCOLOGY-WIR-037,0,1,1,1,1,0.0,0.0,0,0,LOW,0
CFG-0003364,DEV-ONCOLOGY-ACC-053,0,1,1,1,1,0.0,0.0,0,0,LOW,0
CFG-0003365,DEV-EMERGENCY-VPN-094,0,1,1,1,1,0.0,0.0,0,0,LOW,0
CFG-0003366,DEV-MAIN-SWI-042,0,1,1,1,1,0.0,0.0,0,0,LOW,0
CFG-0003367,DEV-ADMIN-IOT-003,0,1,1,1,1,0.0,0.0,1,0,LOW,0
CFG-0003368,DEV-CLINIC-ACC-034,0,1,1,1,1,0.0,0.0,0,0,LOW,0
CFG-0003369,DEV-DIAG-FIR-108,0,1,1,1,1,0.0,0.0,0,0,LOW,0
CFG-0003370,DEV-CARDIO-SWI-074,0,1,1,1,1,0.0,0.0,1,0,LOW,0
CFG-0003371,DEV-ADMIN-COR-105,0,1,1,1,1,0.0,0.0,0,0,LOW,0
CFG-0003372,DEV-DIAG-EDG-080,0,1,1,1,1,0.0,0.0,0,0,LOW,0
CFG-0003373,DEV-PHARM-VPN-004,0,1,1,1,1,0.0,0.0,0,0,LOW,0
CFG-0003374,DEV-PEDS-WIR-095,0,1,1,1,1,0.0,0.0,1,0,LOW,0
CFG-0003375,DEV-CLINIC-ACC-034,0,1,1,1,1,0.0,0.0,1,0,LOW,0
CFG-0003376,DEV-RESEARCH-EDG-057,0,1,1,1,1,0.0,0.0,1,0,LOW,0
CFG-0003377,DEV-RESEARCH-FIR-056,0,1,1,1,1,0.0,0.0,1,0,LOW,0
CFG-0003378,DEV-MAIN-IOT-018,0,1,1,1,1,0.0,0.0,0,0,LOW,0
CFG-0003379,DEV-PHARM-VPN-004,0,1,0,1,1,0.3,0.0,0,1,HIGH,2
CFG-0003380,DEV-CLINIC-ACC-109,0,1,1,1,1,0.0,0.0,0,0,LOW,0
CFG-0003381,DEV-PHARM-FIR-028,0,1,1,1,1,0.0,0.0,0,0,LOW,0
CFG-0003382,DEV-ADMIN-EDG-050,0,1,1,1,1,0.0,0.0,0,0,LOW,0
CFG-0003383,DEV-MAIN-FIR-091,0,1,1,1,1,0.0,0.0,0,0,LOW,0
CFG-0003384,DEV-MAIN-ACC-090,0,1,1,1,1,0.0,0.0,1,0,LOW,0
CFG-0003385,DEV-CLINIC-SWI-082,0,1,1,1,1,0.0,0.0,1,0,LOW,0
CFG-0003386,DEV-EMERGENCY-VPN-094,1,1,1,1,1,0.4,0.0,0,1,HIGH,2
CFG-0003387,DEV-MAIN-WIR-043,0,1,1,1,1,0.0,0.0,1,0,LOW,0
CFG-0003388,DEV-MAIN-WIR-043,0,1,1,1,1,0.0,0.0,1,0,LOW,0
CFG-0003389,DEV-PEDS-WIR-007,0,1,0,1,1,0.3,0.0,0,1,HIGH,2
CFG-0003390,DEV-MAIN-ACC-077,0,1,1,1,1,0.0,0.0,0,0,LOW,0
CFG-0003391,DEV-RESEARCH-FIR-056,0,1,1,1,1,0.0,0.0,1,0,LOW,0
CFG-0003392,DEV-PEDS-COR-019,0,1,1,1,1,0.0,0.0,0,0,LOW,0
CFG-0003393,DEV-PHARM-EDG-038,0,1,1,1,1,0.0,0.0,1,0,LOW,0
CFG-0003394,DEV-EMERGENCY-SWI-099,0,1,1,1,1,0.0,0.0,0,0,LOW,0
CFG-0003395,DEV-ADMIN-EDG-050,0,1,1,1,1,0.0,0.0,1,0,LOW,0
CFG-0003396,DEV-RESEARCH-EDG-055,0,1,1,1,1,0.0,0.0,0,0,LOW,0
CFG-0003397,DEV-RESEARCH-EDG-057,0,1,1,1,1,0.0,0.0,0,0,LOW,0
CFG-0003398,DEV-RESEARCH-SWI-001,0,1,1,1,1,0.0,0.0,1,0,LOW,0
CFG-0003399,DEV-PEDS-ACC-104,0,1,1,1,1,0.0,0.0,0,0,LOW,0
CFG-0003400,DEV-RESEARCH-FIR-078,0,1,0,1,1,0.3,0.0,0,1,HIGH,2
CFG-0003401,DEV-EMERGENCY-VPN-002,0,1,1,1,1,0.0,0.0,0,0,LOW,0
CFG-0003402,DEV-PHARM-VPN-004,0,1,1,1,1,0.0,0.0,0,0,LOW,0
CFG-0003404,DEV-RESEARCH-FIR-078,0,1,1,1,1,0.0,0.0,0,0,LOW,0
CFG-0003405,DEV-CARDIO-SWI-074,0,1,1,1,1,0.0,0.0,0,0,LOW,0
CFG-0003406,DEV-ONCOLOGY-ACC-053,0,1,1,1,1,0.0,0.0,0,0,LOW,0
CFG-0003407,DEV-PEDS-WIR-095,0,1,1,1,1,0.0,0.0,1,0,LOW,0
CFG-0003408,DEV-PHARM-FIR-010,0,1,1,1,0,0.0,0.5,0,0,LOW,0
CFG-0003409,DEV-MAIN-SWI-044,0,1,1,1,1,0.0,0.0,0,0,LOW,0
CFG-0003410,DEV-DIAG-FIR-108,0,1,1,1,1,0.0,0.0,1,0,LOW,0
CFG-0003411,DEV-CLINIC-SWI-082,0,1,1,1,1,0.0,0.0,1,0,LOW,0
CFG-0003412,DEV-RESEARCH-SWI-020,0,1,1,1,1,0.0,0.0,1,0,LOW,0
CFG-0003413,DEV-CLINIC-VPN-051,0,1,1,1,1,0.0,0.0,1,0,LOW,0
CFG-0003414,DEV-CLINIC-ACC-109,0,1,1,1,1,0.0,0.0,0,0,LOW,0
CFG-0003415,DEV-CLINIC-ACC-034,0,1,1,1,1,0.0,0.0,0,0,LOW,0
CFG-0003416,DEV-ONCOLOGY-WIR-037,0,1,1,1,1,0.0,0.0,0,0,LOW,0
CFG-0003417,DEV-EMERGENCY-COR-065,0,1,1,1,1,0.0,0.0,1,0,LOW,0
CFG-0003418,DEV-CLINIC-IOT-041,0,1,1,1,1,0.0,0.0,0,0,LOW,0
CFG-0003419,DEV-CLINIC-EDG-048,0,1,0,1,1,0.3,0.0,1,1,LOW,0
CFG-0003420,DEV-PHARM-COR-106,0,1,1,1,1,0.0,0.0,0,0,LOW,0
CFG-0003421,DEV-CLINIC-FIR-087,0,1,1,1,1,0.0,0.0,0,0,LOW,0
CFG-0003422,DEV-CARDIO-ACC-068,0,1,1,1,1,0.0,0.0,0,0,LOW,0
CFG-0003423,DEV-MAIN-VPN-026,1,1,1,1,1,0.4,0.0,1,1,LOW,0
CFG-0003424,DEV-RESEARCH-FIR-031,0,1,1,1,1,0.0,0.0,0,0,LOW,0
CFG-0003425,DEV-PHARM-FIR-101,0,1,1,1,1,0.0,0.0,0,0,LOW,0
CFG-0003426,DEV-ADMIN-COR-105,0,1,1,1,1,0.0,0.0,1,0,LOW,0
CFG-0003427,DEV-CARDIO-VPN-011,0,1,1,1,1,0.0,0.0,0,0,LOW,0
CFG-0003428,DEV-RESEARCH-FIR-031,0,1,0,1,1,0.3,0.0,1,1,LOW,0
CFG-0003429,DEV-RESEARCH-EDG-055,0,1,1,1,1,0.0,0.0,0,0,LOW,0
CFG-0003430,DEV-CARDIO-FIR-089,0,1,1,1,1,0.0,0.0,1,0,LOW,0
CFG-0003431,DEV-CLINIC-ACC-109,0,1,1,1,1,0.0,0.0,0,0,LOW,0
CFG-0003432,DEV-EMERGENCY-FIR-058,0,1,1,1,1,0.0,0.0,1,0,LOW,0
CFG-0003433,DEV-EMERGENCY-VPN-002,0,1,0,1,1,0.3,0.0,1,1,LOW,0
CFG-0003435,DEV-PEDS-ACC-104,1,1,1,1,1,0.4,0.0,0,1,HIGH,2
CFG-0003436,DEV-MAIN-FIR-064,0,1,1,1,1,0.0,0.0,0,0,LOW,0
CFG-0003437,DEV-DIAG-COR-009,0,1,1,0,1,0.0,0.5,1,1,LOW,0
CFG-0003438,DEV-EMERGENCY-SWI-099,0,1,1,1,1,0.0,0.0,0,0,LOW,0
CFG-0003439,DEV-CARDIO-ACC-008,0,1,1,1,1,0.0,0.0,1,0,LOW,0
CFG-0003440,DEV-DIAG-WIR-084,0,1,1,1,1,0.0,0.0,0,0,LOW,0
CFG-0003441,DEV-CLINIC-VPN-029,1,1,1,1,0,0.4,0.5,0,1,HIGH,2
CFG-0003442,DEV-EMERGENCY-COR-065,0,1,1,1,1,0.0,0.0,0,0,LOW,0
CFG-0003443,DEV-PEDS-WIR-095,0,1,1,1,1,0.0,0.0,1,0,LOW,0
CFG-0003444,DEV-PHARM-FIR-101,0,1,1,1,1,0.0,0.0,0,0,LOW,0
CFG-0003445,DEV-EMERGENCY-FIR-058,0,1,1,1,1,0.0,0.0,1,0,LOW,0
CFG-0003446,DEV-MAIN-FIR-091,0,1,1,1,1,0.0,0.0,0,0,LOW,0
CFG-0003447,DEV-CARDIO-EDG-085,0,1,1,1,1,0.0,0.0,0,0,LOW,0
CFG-0003448,DEV-EMERGENCY-SWI-096,0,1,0,1,1,0.3,0.0,1,1,LOW,0
CFG-0003449,DEV-EMERGENCY-VPN-002,1,1,1,1,1,0.4,0.0,1,1,LOW,0
CFG-0003450,DEV-EMERGENCY-IOT-073,0,1,1,1,1,0.0,0.0,1,0,LOW,0
CFG-0003451,DEV-ADMIN-IOT-003,0,1,1,1,1,0.0,0.0,1,0,LOW,0
CFG-0003453,DEV-EMERGENCY-SWI-081,1,1,1,1,1,0.4,0.0,0,1,HIGH,2
CFG-0003454,DEV-MAIN-ACC-090,0,1,1,1,1,0.0,0.0,0,0,LOW,0
CFG-0003455,DEV-PEDS-VPN-025,1,1,1,1,1,0.4,0.0,1,1,LOW,0
CFG-0003456,DEV-EMERGENCY-SWI-052,0,1,1,1,1,0.0,0.0,0,0,LOW,0
CFG-0003457,DEV-DIAG-SWI-032,1,1,1,1,1,0.4,0.0,0,1,HIGH,2
CFG-0003458,DEV-DIAG-SWI-092,0,1,1,1,1,0.0,0.0,0,0,LOW,0
CFG-0003459,DEV-EMERGENCY-FIR-058,0,1,1,1,1,0.0,0.0,0,0,LOW,0
CFG-0003460,DEV-CARDIO-ACC-068,0,1,1,0,1,0.0,0.5,1,1,LOW,0
CFG-0003461,DEV-DIAG-SWI-092,0,1,1,1,1,0.0,0.0,1,0,LOW,0
CFG-0003462,DEV-PHARM-FIR-010,0,1,0,1,1,0.3,0.0,0,1,HIGH,2
CFG-0003463,DEV-CLINIC-VPN-051,0,1,1,1,1,0.0,0.0,0,0,LOW,0
CFG-0003464,DEV-EMERGENCY-SWI-081,0,1,1,1,1,0.0,0.0,0,0,LOW,0
CFG-0003465,DEV-DIAG-EDG-080,0,1,1,1,1,0.0,0.0,0,0,LOW,0
CFG-0003466,DEV-CLINIC-ACC-027,0,1,1,1,1,0.0,0.0,0,0,LOW,0
CFG-0003467,DEV-ADMIN-VPN-021,0,1,1,1,1,0.0,0.0,0,0,LOW,0
CFG-0003468,DEV-EMERGENCY-COR-065,1,1,1,1,1,0.4,0.0,0,1,HIGH,2
CFG-0003469,DEV-RESEARCH-FIR-056,0,1,1,1,1,0.0,0.0,0,0,LOW,0
CFG-0003470,DEV-CLINIC-WIR-097,0,1,1,1,0,0.0,0.5,0,0,LOW,0
CFG-0003471,DEV-RESEARCH-SWI-020,0,1,1,1,1,0.0,0.0,1,0,LOW,0
CFG-0003472,DEV-CLINIC-WIR-097,0,1,1,1,1,0.0,0.0,1,0,LOW,0
CFG-0003473,DEV-PEDS-ACC-104,0,1,1,1,1,0.0,0.0,0,0,LOW,0
CFG-0003475,DEV-PEDS-COR-054,0,1,1,1,1,0.0,0.0,0,0,LOW,0
CFG-0003476,DEV-DIAG-WIR-084,0,1,1,1,1,0.0,0.0,0,0,LOW,0
CFG-0003477,DEV-CLINIC-VPN-029,0,1,1,1,1,0.0,0.0,0,0,LOW,0
CFG-0003478,DEV-ADMIN-IOT-003,0,1,1,1,1,0.0,0.0,1,0,LOW,0
CFG-0003479,DEV-PEDS-WIR-040,0,1,1,1,1,0.0,0.0,0,0,LOW,0
CFG-0003480,DEV-MAIN-EDG-012,0,1,1,1,1,0.0,0.0,0,0,LOW,0
CFG-0003481,DEV-DIAG-SWI-060,1,1,1,1,1,0.4,0.0,0,1,HIGH,2
CFG-0003482,DEV-PHARM-COR-106,0,1,1,1,1,0.0,0.0,0,0,LOW,0
CFG-0003483,DEV-MAIN-SWI-017,0,1,1,1,1,0.0,0.0,0,0,LOW,0
CFG-0003484,DEV-EMERGENCY-VPN-094,0,1,1,1,1,0.0,0.0,1,0,LOW,0
CFG-0003485,DEV-EMERGENCY-SWI-081,1,1,1,1,1,0.4,0.0,1,1,LOW,0
CFG-0003486,DEV-CLINIC-EDG-048,0,1,1,1,1,0.0,0.0,0,0,LOW,0
CFG-0003487,DEV-PHARM-ACC-083,0,1,1,1,1,0.0,0.0,0,0,LOW,0
CFG-0003488,DEV-CLINIC-WIR-097,0,1,1,1,0,0.0,0.5,0,0,LOW,0
CFG-0003489,DEV-PEDS-WIR-007,0,1,1,1,1,0.0,0.0,0,0,LOW,0
CFG-0003490,DEV-CLINIC-ACC-033,0,1,1,1,1,0.0,0.0,0,0,LOW,0
CFG-0003491,DEV-DIAG-COR-009,0,1,1,1,1,0.0,0.0,1,0,LOW,0
CFG-0003492,DEV-CARDIO-ACC-008,0,1,1,1,1,0.0,0.0,0,0,LOW,0
CFG-0003493,DEV-EMERGENCY-FIR-058,0,1,1,1,1,0.0,0.0,0,0,LOW,0
CFG-0003494,DEV-DIAG-WIR-084,0,1,0,1,1,0.3,0.0,0,1,HIGH,2
CFG-0003495,DEV-DIAG-WIR-084,0,1,1,1,1,0.0,0.0,0,0,LOW,0
CFG-0003496,DEV-ADMIN-IOT-003,0,1,1,1,1,0.0,0.0,0,0,LOW,0
CFG-0003497,DEV-RESEARCH-SWI-001,0,1,1,1,1,0.0,0.0,0,0,LOW,0
CFG-0003498,DEV-ADMIN-EDG-050,0,1,1,1,1,0.0,0.0,0,0,LOW,0
CFG-0003499,DEV-DIAG-ACC-036,0,1,1,1,0,0.0,0.5,0,0,LOW,0
CFG-0003500,DEV-PHARM-ACC-083,0,1,1,1,1,0.0,0.0,0,0,LOW,0
CFG-0003501,DEV-CLINIC-ACC-109,0,1,1,1,1,0.0,0.0,0,0,LOW,0
CFG-0003502,DEV-PEDS-IOT-035,0,1,1,1,0,0.0,0.5,0,0,LOW,0
CFG-0003503,DEV-RESEARCH-FIR-056,0,1,1,1,1,0.0,0.0,1,0,LOW,0
CFG-0003504,DEV-ADMIN-EDG-050,0,1,1,1,1,0.0,0.0,1,0,LOW,0
CFG-0003505,DEV-ONCOLOGY-ACC-053,0,1,1,1,1,0.0,0.0,0,0,LOW,0
CFG-0003506,DEV-MAIN-EDG-014,0,1,1,0,1,0.0,0.5,1,1,LOW,0
CFG-0003507,DEV-MAIN-ACC-090,0,1,1,1,1,0.0,0.0,1,0,LOW,0
CFG-0003508,DEV-PHARM-FIR-010,0,1,1,1,1,0.0,0.0,1,0,LOW,0
CFG-0003509,DEV-ONCOLOGY-FIR-061,0,1,1,1,1,0.0,0.0,0,0,LOW,0
CFG-0003510,DEV-MAIN-SWI-017,1,1,1,1,1,0.4,0.0,1,1,LOW,0
CFG-0003511,DEV-CARDIO-ACC-008,0,1,1,1,1,0.0,0.0,0,0,LOW,0
CFG-0003512,DEV-CLINIC-IOT-041,0,1,1,0,1,0.0,0.5,0,1,MEDIUM,1
CFG-0003513,DEV-ADMIN-VPN-021,0,1,0,1,1,0.3,0.0,0,1,HIGH,2
CFG-0003514,DEV-CLINIC-ACC-034,1,1,1,1,1,0.4,0.0,0,1,HIGH,2
CFG-0003515,DEV-CLINIC-SWI-082,0,1,1,1,1,0.0,0.0,0,0,LOW,0
CFG-0003516,DEV-PHARM-VPN-004,0,1,1,1,1,0.0,0.0,0,0,LOW,0
CFG-0003517,DEV-DIAG-ACC-036,0,1,1,0,1,0.0,0.5,0,1,MEDIUM,1
CFG-0003518,DEV-DIAG-ACC-103,0,1,1,1,1,0.0,0.0,0,0,LOW,0
CFG-0003519,DEV-ADMIN-FIR-093,0,1,1,1,1,0.0,0.0,0,0,LOW,0
CFG-0003520,DEV-PEDS-WIR-007,0,1,1,1,1,0.0,0.0,0,0,LOW,0
CFG-0003521,DEV-ONCOLOGY-WIR-037,0,1,0,1,1,0.3,0.0,0,1,HIGH,2
CFG-0003522,DEV-CLINIC-ACC-034,0,1,1,1,1,0.0,0.0,0,0,LOW,0
CFG-0003523,DEV-EMERGENCY-FIR-058,0,1,1,1,0,0.0,0.5,1,0,LOW,0
CFG-0003524,DEV-MAIN-ACC-077,0,1,1,1,0,0.0,0.5,0,0,LOW,0
CFG-0003525,DEV-RESEARCH-FIR-078,0,1,1,1,1,0.0,0.0,1,0,LOW,0
CFG-0003526,DEV-MAIN-FIR-064,0,1,1,1,1,0.0,0.0,1,0,LOW,0
CFG-0003527,DEV-EMERGENCY-SWI-099,0,1,1,1,1,0.0,0.0,0,0,LOW,0
CFG-0003528,DEV-DIAG-SWI-060,0,1,0,1,1,0.3,0.0,0,1,HIGH,2
CFG-0003529,DEV-DIAG-SWI-092,1,1,1,1,1,0.4,0.0,0,1,HIGH,2
CFG-0003530,DEV-PHARM-ACC-083,0,1,1,1,0,0.0,0.5,0,0,LOW,0
CFG-0003531,DEV-ADMIN-SWI-049,0,1,1,1,1,0.0,0.0,0,0,LOW,0
CFG-0003532,DEV-ONCOLOGY-SWI-039,0,1,1,1,1,0.0,0.0,0,0,LOW,0
CFG-0003533,DEV-ONCOLOGY-VPN-075,0,1,1,1,1,0.0,0.0,1,0,LOW,0
CFG-0003534,DEV-ADMIN-IOT-003,0,1,1,1,1,0.0,0.0,1,0,LOW,0
CFG-0003535,DEV-ADMIN-FIR-093,0,1,1,1,1,0.0,0.0,0,0,LOW,0
CFG-0003536,DEV-MAIN-FIR-091,0,1,1,1,1,0.0,0.0,1,0,LOW,0
CFG-0003537,DEV-CLINIC-ACC-027,0,1,1,1,1,0.0,0.0,0,0,LOW,0
CFG-0003538,DEV-PEDS-IOT-046,0,1,1,1,1,0.0,0.0,0,0,LOW,0
CFG-0003539,DEV-EMERGENCY-COR-065,0,1,1,1,1,0.0,0.0,1,0,LOW,0
CFG-0003540,DEV-RESEARCH-FIR-056,0,1,1,1,1,0.0,0.0,0,0,LOW,0
CFG-0003541,DEV-PHARM-VPN-102,0,1,1,1,1,0.0,0.0,0,0,LOW,0
CFG-0003542,DEV-CARDIO-FIR-089,0,1,1,1,1,0.0,0.0,0,0,LOW,0
CFG-0003543,DEV-EMERGENCY-IOT-073,0,1,1,1,1,0.0,0.0,0,0,LOW,0
CFG-0003544,DEV-CARDIO-ACC-008,0,1,1,1,1,0.0,0.0,0,0,LOW,0
CFG-0003545,DEV-RESEARCH-SWI-001,0,1,1,1,1,0.0,0.0,0,0,LOW,0
CFG-0003546,DEV-EMERGENCY-SWI-066,0,1,1,1,1,0.0,0.0,1,0,LOW,0
CFG-0003547,DEV-PHARM-ACC-083,0,1,1,1,1,0.0,0.0,0,0,LOW,0
CFG-0003548,DEV-RESEARCH-FIR-086,0,1,1,0,1,0.0,0.5,0,1,MEDIUM,1
CFG-0003549,DEV-EMERGENCY-VPN-094,1,1,1,1,1,0.4,0.0,1,1,LOW,0
CFG-0003550,DEV-PEDS-VPN-025,0,1,1,1,1,0.0,0.0,0,0,LOW,0
CFG-0003551,DEV-PEDS-WIR-007,0,1,1,1,1,0.0,0.0,0,0,LOW,0
CFG-0003552,DEV-CLINIC-ACC-034,0,1,1,1,1,0.0,0.0,1,0,LOW,0
CFG-0003553,DEV-RESEARCH-FIR-031,0,1,1,1,1,0.0,0.0,0,0,LOW,0
CFG-0003554,DEV-DIAG-EDG-067,0,1,1,1,1,0.0,0.0,1,0,LOW,0
CFG-0003555,DEV-DIAG-FIR-108,1,1,1,1,1,0.4,0.0,0,1,HIGH,2
CFG-0003556,DEV-RESEARCH-SWI-100,0,1,1,1,1,0.0,0.0,0,0,LOW,0
CFG-0003557,DEV-ADMIN-FIR-093,0,1,1,1,1,0.0,0.0,0,0,LOW,0
CFG-0003558,DEV-PHARM-FIR-028,0,1,0,1,1,0.3,0.0,0,1,HIGH,2
CFG-0003559,DEV-MAIN-WIR-043,0,1,0,1,1,0.3,0.0,0,1,HIGH,2
CFG-0003560,DEV-CLINIC-ACC-109,0,1,1,1,1,0.0,0.0,0,0,LOW,0
CFG-0003561,DEV-RESEARCH-SWI-079,0,1,1,1,1,0.0,0.0,0,0,LOW,0
CFG-0003562,DEV-PHARM-ACC-083,0,1,1,1,0,0.0,0.5,0,0,LOW,0
CFG-0003563,DEV-ONCOLOGY-IOT-059,0,1,1,1,1,0.0,0.0,0,0,LOW,0
CFG-0003564,DEV-MAIN-EDG-014,0,1,1,1,0,0.0,0.5,0,0,LOW,0
CFG-0003565,DEV-EMERGENCY-VPN-002,0,1,0,1,1,0.3,0.0,0,1,HIGH,2
CFG-0003566,DEV-PEDS-WIR-007,0,1,1,1,1,0.0,0.0,0,0,LOW,0
CFG-0003567,DEV-DIAG-ACC-036,0,1,1,1,1,0.0,0.0,1,0,LOW,0
CFG-0003568,DEV-EMERGENCY-IOT-073,0,1,1,1,0,0.0,0.5,0,0,LOW,0
CFG-0003569,DEV-RESEARCH-IOT-072,0,1,1,1,1,0.0,0.0,0,0,LOW,0
CFG-0003570,DEV-PEDS-COR-019,0,1,1,1,1,0.0,0.0,0,0,LOW,0
CFG-0003571,DEV-RESEARCH-FIR-031,0,1,1,1,1,0.0,0.0,0,0,LOW,0
CFG-0003572,DEV-PHARM-COR-106,0,1,1,1,1,0.0,0.0,0,0,LOW,0
CFG-0003573,DEV-ONCOLOGY-SWI-039,0,1,1,1,1,0.0,0.0,0,0,LOW,0
CFG-0003574,DEV-DIAG-ACC-036,0,1,1,1,1,0.0,0.0,0,0,LOW,0
CFG-0003575,DEV-RESEARCH-EDG-055,0,1,1,1,1,0.0,0.0,0,0,LOW,0
CFG-0003576,DEV-CLINIC-EDG-048,1,1,1,1,1,0.4,0.0,0,1,HIGH,2
CFG-0003577,DEV-EMERGENCY-SWI-066,1,1,1,1,1,0.4,0.0,1,1,LOW,0
CFG-0003578,DEV-MAIN-SWI-044,0,1,1,1,1,0.0,0.0,0,0,LOW,0
CFG-0003579,DEV-RESEARCH-EDG-057,1,1,0,1,1,0.7,0.0,0,2,CRITICAL,3
CFG-0003580,DEV-RESEARCH-FIR-056,0,1,1,1,1,0.0,0.0,1,0,LOW,0
CFG-0003581,DEV-CLINIC-SWI-082,0,1,1,1,1,0.0,0.0,0,0,LOW,0
CFG-0003582,DEV-DIAG-SWI-092,0,1,1,1,1,0.0,0.0,1,0,LOW,0
CFG-0003583,DEV-RESEARCH-FIR-078,0,1,0,1,1,0.3,0.0,1,1,LOW,0
CFG-0003584,DEV-PHARM-VPN-102,0,1,1,1,1,0.0,0.0,1,0,LOW,0
CFG-0003585,DEV-CLINIC-VPN-029,0,1,1,1,1,0.0,0.0,0,0,LOW,0
CFG-0003586,DEV-RESEARCH-SWI-001,0,1,1,1,1,0.0,0.0,1,0,LOW,0
CFG-0003587,DEV-PHARM-FIR-010,0,1,1,1,1,0.0,0.0,0,0,LOW,0
CFG-0003588,DEV-RESEARCH-SWI-001,0,1,1,1,0,0.0,0.5,1,0,LOW,0
CFG-0003589,DEV-ADMIN-WIR-013,0,1,1,1,1,0.0,0.0,0,0,LOW,0
CFG-0003590,DEV-DIAG-EDG-067,0,1,1,1,1,0.0,0.0,0,0,LOW,0
CFG-0003591,DEV-RESEARCH-FIR-078,0,1,1,1,1,0.0,0.0,0,0,LOW,0
CFG-0003592,DEV-DIAG-EDG-080,0,1,1,1,0,0.0,0.5,0,0,LOW,0
CFG-0003593,DEV-MAIN-FIR-091,0,1,0,1,1,0.3,0.0,0,1,HIGH,2
CFG-0003594,DEV-CARDIO-FIR-089,0,1,1,1,1,0.0,0.0,1,0,LOW,0
CFG-0003595,DEV-CARDIO-FIR-088,0,1,1,1,0,0.0,0.5,0,0,LOW,0
CFG-0003596,DEV-DIAG-WIR-084,0,1,1,1,1,0.0,0.0,0,0,LOW,0
CFG-0003597,DEV-CARDIO-SWI-062,0,1,1,1,1,0.0,0.0,1,0,LOW,0
CFG-0003598,DEV-CLINIC-EDG-048,0,1,1,1,1,0.0,0.0,1,0,LOW,0
CFG-0003599,DEV-MAIN-FIR-091,0,1,1,1,1,0.0,0.0,0,0,LOW,0
CFG-0003600,DEV-MAIN-ACC-077,1,1,1,1,1,0.4,0.0,0,1,HIGH,2
CFG-0003601,DEV-PHARM-EDG-038,1,1,1,1,1,0.4,0.0,1,1,LOW,0
CFG-0003602,DEV-EMERGENCY-FIR-030,0,1,1,1,1,0.0,0.0,0,0,LOW,0
CFG-0003603,DEV-RESEARCH-FIR-031,0,1,1,1,1,0.0,0.0,0,0,LOW,0
CFG-0003604,DEV-PEDS-COR-019,0,1,1,1,1,0.0,0.0,0,0,LOW,0
CFG-0003605,DEV-PHARM-IOT-107,1,1,0,1,1,0.7,0.0,1,2,LOW,0
CFG-0003606,DEV-DIAG-COR-009,0,1,1,1,1,0.0,0.0,1,0,LOW,0
CFG-0003607,DEV-PHARM-VPN-102,0,1,1,1,1,0.0,0.0,0,0,LOW,0
CFG-0003608,DEV-CLINIC-ACC-027,0,1,0,1,1,0.3,0.0,0,1,HIGH,2
CFG-0003609,DEV-PHARM-VPN-102,0,1,1,1,1,0.0,0.0,0,0,LOW,0
CFG-0003610,DEV-PEDS-IOT-035,0,1,1,1,1,0.0,0.0,0,0,LOW,0
CFG-0003611,DEV-EMERGENCY-VPN-094,0,1,1,1,1,0.0,0.0,0,0,LOW,0
CFG-0003612,DEV-MAIN-ACC-090,0,1,1,0,1,0.0,0.5,0,1,MEDIUM,1
CFG-0003613,DEV-PEDS-WIR-040,0,1,1,1,1,0.0,0.0,0,0,LOW,0
CFG-0003614,DEV-DIAG-SWI-032,0,1,1,1,1,0.0,0.0,0,0,LOW,0
CFG-0003615,DEV-CARDIO-VPN-011,0,1,1,1,1,0.0,0.0,0,0,LOW,0
CFG-0003616,DEV-EMERGENCY-COR-065,0,1,1,1,1,0.0,0.0,1,0,LOW,0
CFG-0003617,DEV-PHARM-EDG-038,0,1,1,1,1,0.0,0.0,0,0,LOW,0
CFG-0003618,DEV-PEDS-FIR-069,0,1,1,1,1,0.0,0.0,0,0,LOW,0
CFG-0003619,DEV-RESEARCH-FIR-078,0,1,1,1,1,0.0,0.0,1,0,LOW,0
CFG-0003620,DEV-DIAG-EDG-067,0,1,1,1,1,0.0,0.0,0,0,LOW,0
CFG-0003621,DEV-PHARM-COR-106,0,1,1,1,1,0.0,0.0,0,0,LOW,0
CFG-0003622,DEV-RESEARCH-SWI-020,0,1,1,1,1,0.0,0.0,0,0,LOW,0
CFG-0003623,DEV-DIAG-ACC-036,0,1,1,1,1,0.0,0.0,0,0,LOW,0
CFG-0003624,DEV-CARDIO-EDG-085,0,1,1,1,1,0.0,0.0,0,0,LOW,0
CFG-0003625,DEV-PEDS-ACC-104,0,1,1,1,1,0.0,0.0,0,0,LOW,0
CFG-0003626,DEV-PEDS-WIR-095,0,1,1,1,1,0.0,0.0,0,0,LOW,0
CFG-0003627,DEV-CLINIC-VPN-029,0,1,0,1,1,0.3,0.0,0,1,HIGH,2
CFG-0003628,DEV-MAIN-SWI-042,0,1,1,0,1,0.0,0.5,0,1,MEDIUM,1
CFG-0003629,DEV-ONCOLOGY-ACC-016,0,1,1,1,1,0.0,0.0,0,0,LOW,0
CFG-0003630,DEV-DIAG-ACC-103,0,1,1,1,1,0.0,0.0,0,0,LOW,0
CFG-0003631,DEV-DIAG-SWI-092,0,1,1,1,1,0.0,0.0,0,0,LOW,0
CFG-0003632,DEV-ONCOLOGY-ACC-053,1,1,1,1,1,0.4,0.0,0,1,HIGH,2
CFG-0003633,DEV-DIAG-COR-009,0,1,1,1,1,0.0,0.0,0,0,LOW,0
CFG-0003634,DEV-CLINIC-VPN-029,1,1,1,1,1,0.4,0.0,0,1,HIGH,2
CFG-0003635,DEV-EMERGENCY-FIR-030,0,1,1,1,1,0.0,0.0,0,0,LOW,0
CFG-0003636,DEV-MAIN-SWI-044,0,1,1,1,0,0.0,0.5,0,0,LOW,0
CFG-0003637,DEV-RESEARCH-FIR-031,0,1,1,1,1,0.0,0.0,0,0,LOW,0
CFG-0003638,DEV-CARDIO-COR-063,0,1,1,1,1,0.0,0.0,0,0,LOW,0
CFG-0003639,DEV-MAIN-SWI-017,0,1,1,1,1,0.0,0.0,1,0,LOW,0
CFG-0003640,DEV-DIAG-SWI-092,0,1,1,1,1,0.0,0.0,0,0,LOW,0
CFG-0003641,DEV-RESEARCH-SWI-001,0,1,1,1,1,0.0,0.0,1,0,LOW,0
CFG-0003642,DEV-EMERGENCY-VPN-002,0,1,1,1,1,0.0,0.0,1,0,LOW,0
CFG-0003643,DEV-MAIN-SWI-042,0,1,1,0,1,0.0,0.5,0,1,MEDIUM,1
CFG-0003644,DEV-DIAG-SWI-032,0,1,1,0,1,0.0,0.5,0,1,MEDIUM,1
CFG-0003645,DEV-PHARM-VPN-047,0,1,1,1,1,0.0,0.0,1,0,LOW,0
CFG-0003646,DEV-CLINIC-VPN-051,0,1,1,1,1,0.0,0.0,0,0,LOW,0
CFG-0003647,DEV-DIAG-SWI-092,0,1,1,1,1,0.0,0.0,0,0,LOW,0
CFG-0003648,DEV-RESEARCH-IOT-072,0,1,1,1,1,0.0,0.0,0,0,LOW,0
CFG-0003649,DEV-CARDIO-IOT-006,0,1,1,1,1,0.0,0.0,0,0,LOW,0
CFG-0003650,DEV-CARDIO-ACC-068,0,1,1,1,1,0.0,0.0,0,0,LOW,0
CFG-0003651,DEV-EMERGENCY-SWI-066,0,1,1,1,1,0.0,0.0,0,0,LOW,0
CFG-0003652,DEV-MAIN-SWI-017,0,1,1,1,1,0.0,0.0,1,0,LOW,0
CFG-0003653,DEV-ONCOLOGY-SWI-039,0,1,1,1,1,0.0,0.0,1,0,LOW,0
CFG-0003654,DEV-PEDS-WIR-007,0,1,1,1,1,0.0,0.0,0,0,LOW,0
CFG-0003655,DEV-RESEARCH-IOT-072,0,1,1,1,1,0.0,0.0,0,0,LOW,0
CFG-0003656,DEV-PHARM-ACC-083,0,1,1,1,1,0.0,0.0,0,0,LOW,0
CFG-0003657,DEV-ADMIN-IOT-003,0,1,1,1,1,0.0,0.0,1,0,LOW,0
CFG-0003658,DEV-ONCOLOGY-IOT-059,0,1,1,1,1,0.0,0.0,1,0,LOW,0
CFG-0003659,DEV-PEDS-WIR-040,1,1,1,1,1,0.4,0.0,0,1,HIGH,2
CFG-0003660,DEV-MAIN-ACC-077,0,1,1,1,1,0.0,0.0,0,0,LOW,0
CFG-0003661,DEV-RESEARCH-FIR-056,1,1,1,1,1,0.4,0.0,0,1,HIGH,2
CFG-0003662,DEV-DIAG-COR-009,0,1,1,1,1,0.0,0.0,0,0,LOW,0
CFG-0003663,DEV-PHARM-EDG-038,0,1,1,1,0,0.0,0.5,0,0,LOW,0
CFG-0003664,DEV-PHARM-VPN-102,0,1,1,1,1,0.0,0.0,1,0,LOW,0
CFG-0003665,DEV-DIAG-COR-009,0,1,1,1,1,0.0,0.0,0,0,LOW,0
CFG-0003666,DEV-CLINIC-SWI-082,0,1,1,1,1,0.0,0.0,0,0,LOW,0
CFG-0003667,DEV-EMERGENCY-SWI-052,0,1,1,1,1,0.0,0.0,1,0,LOW,0
CFG-0003668,DEV-CARDIO-COR-063,0,1,1,1,1,0.0,0.0,0,0,LOW,0
CFG-0003670,DEV-EMERGENCY-IOT-073,0,1,1,1,1,0.0,0.0,0,0,LOW,0
CFG-0003671,DEV-EMERGENCY-VPN-002,0,1,1,1,1,0.0,0.0,0,0,LOW,0
CFG-0003672,DEV-EMERGENCY-SWI-066,0,1,1,1,1,0.0,0.0,0,0,LOW,0
CFG-0003673,DEV-RESEARCH-SWI-020,0,1,1,1,1,0.0,0.0,1,0,LOW,0
CFG-0003674,DEV-PEDS-COR-054,0,1,1,1,1,0.0,0.0,0,0,LOW,0
CFG-0003675,DEV-EMERGENCY-VPN-002,0,1,1,1,1,0.0,0.0,1,0,LOW,0
CFG-0003676,DEV-DIAG-FIR-108,0,1,1,1,1,0.0,0.0,1,0,LOW,0
CFG-0003677,DEV-CARDIO-ACC-068,0,1,1,1,1,0.0,0.0,0,0,LOW,0
CFG-0003678,DEV-MAIN-IOT-018,1,1,1,1,1,0.4,0.0,0,1,HIGH,2
CFG-0003679,DEV-DIAG-WIR-084,0,1,1,1,1,0.0,0.0,0,0,LOW,0
CFG-0003680,DEV-CARDIO-COR-063,1,1,1,1,1,0.4,0.0,0,1,HIGH,2
CFG-0003681,DEV-PHARM-FIR-101,0,1,1,1,1,0.0,0.0,0,0,LOW,0
CFG-0003682,DEV-DIAG-SWI-092,0,1,1,1,1,0.0,0.0,0,0,LOW,0
CFG-0003683,DEV-ONCOLOGY-IOT-070,0,1,1,1,0,0.0,0.5,0,0,LOW,0
CFG-0003684,DEV-PEDS-WIR-040,0,1,1,1,1,0.0,0.0,0,0,LOW,0
CFG-0003685,DEV-EMERGENCY-VPN-094,0,1,1,1,1,0.0,0.0,0,0,LOW,0
CFG-0003686,DEV-PHARM-VPN-004,0,1,1,1,1,0.0,0.0,0,0,LOW,0
CFG-0003687,DEV-RESEARCH-SWI-020,0,1,1,1,1,0.0,0.0,0,0,LOW,0
CFG-0003688,DEV-CLINIC-VPN-051,0,1,1,1,1,0.0,0.0,0,0,LOW,0
CFG-0003689,DEV-MAIN-SWI-042,0,1,1,1,1,0.0,0.0,0,0,LOW,0
CFG-0003690,DEV-PHARM-VPN-047,0,1,1,1,1,0.0,0.0,0,0,LOW,0
CFG-0003691,DEV-CARDIO-IOT-110,0,1,1,1,1,0.0,0.0,0,0,LOW,0
CFG-0003692,DEV-RESEARCH-IOT-072,0,1,1,1,1,0.0,0.0,0,0,LOW,0
CFG-0003693,DEV-CLINIC-ACC-033,0,1,1,1,1,0.0,0.0,0,0,LOW,0
CFG-0003694,DEV-EMERGENCY-VPN-002,0,1,1,1,1,0.0,0.0,0,0,LOW,0
CFG-0003695,DEV-PEDS-WIR-040,0,1,1,1,1,0.0,0.0,0,0,LOW,0
CFG-0003696,DEV-PEDS-WIR-095,0,1,1,0,1,0.0,0.5,1,1,LOW,0
CFG-0003697,DEV-RESEARCH-EDG-055,1,1,1,1,1,0.4,0.0,0,1,HIGH,2
CFG-0003698,DEV-EMERGENCY-VPN-094,0,1,1,1,1,0.0,0.0,0,0,LOW,0
CFG-0003699,DEV-PHARM-ACC-083,0,1,1,1,1,0.0,0.0,0,0,LOW,0
CFG-0003700,DEV-CARDIO-VPN-011,0,1,1,1,1,0.0,0.0,0,0,LOW,0
CFG-0003701,DEV-MAIN-IOT-005,0,1,1,1,0,0.0,0.5,0,0,LOW,0
CFG-0003702,DEV-CARDIO-ACC-008,0,1,1,1,1,0.0,0.0,0,0,LOW,0
CFG-0003703,DEV-MAIN-EDG-012,0,1,1,1,1,0.0,0.0,0,0,LOW,0
CFG-0003704,DEV-RESEARCH-SWI-001,0,1,0,1,1,0.3,0.0,0,1,HIGH,2
CFG-0003705,DEV-EMERGENCY-IOT-073,0,1,0,1,1,0.3,0.0,1,1,LOW,0
CFG-0003706,DEV-PHARM-ACC-083,1,1,1,1,1,0.4,0.0,0,1,HIGH,2
CFG-0003707,DEV-PEDS-COR-054,0,1,0,1,1,0.3,0.0,0,1,HIGH,2
CFG-0003708,DEV-CLINIC-IOT-041,0,1,1,1,0,0.0,0.5,0,0,LOW,0
CFG-0003710,DEV-MAIN-FIR-091,0,1,1,1,1,0.0,0.0,0,0,LOW,0
CFG-0003711,DEV-DIAG-SWI-032,0,1,1,1,1,0.0,0.0,0,0,LOW,0
CFG-0003712,DEV-PHARM-IOT-107,0,1,1,1,1,0.0,0.0,1,0,LOW,0
CFG-0003713,DEV-PHARM-FIR-028,0,1,1,1,1,0.0,0.0,0,0,LOW,0
CFG-0003714,DEV-CARDIO-SWI-062,1,1,1,1,1,0.4,0.0,1,1,LOW,0
CFG-0003715,DEV-MAIN-ACC-090,0,1,1,1,0,0.0,0.5,0,0,LOW,0
CFG-0003716,DEV-DIAG-ACC-036,1,1,1,1,1,0.4,0.0,0,1,HIGH,2
CFG-0003717,DEV-PHARM-IOT-107,0,1,1,1,0,0.0,0.5,0,0,LOW,0
CFG-0003718,DEV-MAIN-SWI-044,0,1,1,1,1,0.0,0.0,0,0,LOW,0
CFG-0003719,DEV-MAIN-EDG-012,0,1,1,1,1,0.0,0.0,0,0,LOW,0
CFG-0003720,DEV-MAIN-FIR-091,0,1,1,1,1,0.0,0.0,0,0,LOW,0
CFG-0003721,DEV-ONCOLOGY-ACC-016,0,1,1,1,0,0.0,0.5,0,0,LOW,0
CFG-0003722,DEV-PEDS-WIR-095,0,1,0,1,1,0.3,0.0,1,1,LOW,0
CFG-0003723,DEV-PEDS-IOT-035,0,1,1,1,1,0.0,0.0,0,0,LOW,0
CFG-0003724,DEV-DIAG-EDG-080,0,1,1,1,1,0.0,0.0,1,0,LOW,0
CFG-0003725,DEV-CLINIC-ACC-034,0,1,1,1,0,0.0,0.5,0,0,LOW,0
CFG-0003726,DEV-RESEARCH-FIR-086,0,1,1,1,1,0.0,0.0,0,0,LOW,0
CFG-0003727,DEV-PEDS-IOT-035,0,1,1,1,1,0.0,0.0,1,0,LOW,0
CFG-0003728,DEV-ONCOLOGY-SWI-039,0,1,1,1,1,0.0,0.0,0,0,LOW,0
CFG-0003729,DEV-CLINIC-ACC-033,0,1,1,1,1,0.0,0.0,0,0,LOW,0
CFG-0003730,DEV-MAIN-WIR-043,0,1,1,1,1,0.0,0.0,0,0,LOW,0
CFG-0003731,DEV-CLINIC-IOT-041,0,1,0,1,1,0.3,0.0,0,1,HIGH,2
CFG-0003732,DEV-PHARM-VPN-047,0,1,1,1,1,0.0,0.0,0,0,LOW,0
CFG-0003733,DEV-MAIN-WIR-043,0,1,1,1,1,0.0,0.0,1,0,LOW,0
CFG-0003734,DEV-DIAG-COR-009,0,1,1,1,1,0.0,0.0,0,0,LOW,0
CFG-0003735,DEV-CARDIO-IOT-110,0,1,1,1,1,0.0,0.0,0,0,LOW,0
CFG-0003736,DEV-PHARM-IOT-107,0,1,1,1,1,0.0,0.0,0,0,LOW,0
CFG-0003737,DEV-ADMIN-WIR-013,0,1,1,0,1,0.0,0.5,0,1,MEDIUM,1
CFG-0003738,DEV-DIAG-EDG-080,0,1,1,1,1,0.0,0.0,0,0,LOW,0
CFG-0003739,DEV-PEDS-ACC-104,0,1,0,1,1,0.3,0.0,1,1,LOW,0
CFG-0003740,DEV-CARDIO-ACC-068,0,1,1,1,1,0.0,0.0,0,0,LOW,0
CFG-0003741,DEV-CARDIO-FIR-088,0,1,1,1,1,0.0,0.0,0,0,LOW,0
CFG-0003742,DEV-PHARM-VPN-047,0,1,1,1,1,0.0,0.0,1,0,LOW,0
CFG-0003743,DEV-MAIN-ACC-077,0,1,0,1,1,0.3,0.0,0,1,HIGH,2
CFG-0003744,DEV-RESEARCH-FIR-086,0,1,1,1,1,0.0,0.0,0,0,LOW,0
CFG-0003745,DEV-EMERGENCY-SWI-096,0,1,1,1,1,0.0,0.0,0,0,LOW,0
CFG-0003746,DEV-PEDS-ACC-104,0,1,1,1,1,0.0,0.0,0,0,LOW,0
CFG-0003747,DEV-RESEARCH-FIR-078,0,1,1,1,1,0.0,0.0,0,0,LOW,0
CFG-0003748,DEV-CARDIO-SWI-062,0,1,1,1,1,0.0,0.0,1,0,LOW,0
CFG-0003749,DEV-RESEARCH-SWI-001,1,1,1,1,1,0.4,0.0,1,1,LOW,0
CFG-0003750,DEV-EMERGENCY-SWI-052,0,1,1,1,1,0.0,0.0,0,0,LOW,0
CFG-0003751,DEV-EMERGENCY-FIR-058,0,1,1,1,1,0.0,0.0,0,0,LOW,0
CFG-0003752,DEV-RESEARCH-SWI-020,0,1,0,1,1,0.3,0.0,0,1,HIGH,2
CFG-0003753,DEV-PEDS-WIR-095,0,1,1,1,1,0.0,0.0,0,0,LOW,0
CFG-0003754,DEV-RESEARCH-FIR-078,0,1,1,1,1,0.0,0.0,1,0,LOW,0
CFG-0003755,DEV-CARDIO-VPN-011,0,1,1,0,1,0.0,0.5,0,1,MEDIUM,1
CFG-0003756,DEV-EMERGENCY-VPN-002,0,1,1,1,1,0.0,0.0,1,0,LOW,0
CFG-0003757,DEV-ONCOLOGY-WIR-037,0,1,1,1,0,0.0,0.5,0,0,LOW,0
CFG-0003758,DEV-ONCOLOGY-ACC-053,0,1,1,1,1,0.0,0.0,0,0,LOW,0
CFG-0003759,DEV-ADMIN-IOT-003,0,1,1,1,1,0.0,0.0,1,0,LOW,0
CFG-0003760,DEV-MAIN-FIR-091,0,1,1,1,1,0.0,0.0,0,0,LOW,0
CFG-0003761,DEV-CLINIC-ACC-109,0,1,1,1,1,0.0,0.0,0,0,LOW,0
CFG-0003762,DEV-PHARM-VPN-047,0,1,1,1,1,0.0,0.0,1,0,LOW,0
CFG-0003763,DEV-PEDS-COR-054,0,1,0,1,1,0.3,0.0,0,1,HIGH,2
CFG-0003764,DEV-ADMIN-FIR-093,0,1,0,1,1,0.3,0.0,0,1,HIGH,2
CFG-0003765,DEV-RESEARCH-SWI-001,0,1,1,1,1,0.0,0.0,0,0,LOW,0
CFG-0003766,DEV-DIAG-ACC-103,0,1,1,1,1,0.0,0.0,1,0,LOW,0
CFG-0003767,DEV-ONCOLOGY-IOT-059,1,1,1,1,1,0.4,0.0,0,1,HIGH,2
CFG-0003768,DEV-PHARM-VPN-023,0,1,1,1,1,0.0,0.0,1,0,LOW,0
CFG-0003769,DEV-PEDS-ACC-104,0,1,1,1,1,0.0,0.0,0,0,LOW,0
CFG-0003770,DEV-EMERGENCY-COR-022,0,1,1,1,1,0.0,0.0,1,0,LOW,0
CFG-0003771,DEV-DIAG-ACC-103,0,1,1,1,1,0.0,0.0,0,0,LOW,0
CFG-0003772,DEV-MAIN-EDG-071,0,1,1,1,1,0.0,0.0,0,0,LOW,0
CFG-0003773,DEV-CARDIO-FIR-089,0,1,1,1,1,0.0,0.0,0,0,LOW,0
CFG-0003774,DEV-EMERGENCY-IOT-073,0,1,1,1,1,0.0,0.0,0,0,LOW,0
CFG-0003775,DEV-PHARM-COR-106,0,1,1,1,1,0.0,0.0,0,0,LOW,0
CFG-0003776,DEV-DIAG-ACC-036,0,1,1,1,1,0.0,0.0,1,0,LOW,0
CFG-0003777,DEV-CLINIC-WIR-097,0,1,1,1,1,0.0,0.0,0,0,LOW,0
CFG-0003778,DEV-PHARM-ACC-083,0,1,1,1,1,0.0,0.0,0,0,LOW,0
CFG-0003779,DEV-MAIN-WIR-043,0,1,1,1,1,0.0,0.0,1,0,LOW,0
CFG-0003780,DEV-CARDIO-SWI-062,0,1,1,1,1,0.0,0.0,0,0,LOW,0
CFG-0003781,DEV-PEDS-VPN-025,0,1,1,1,1,0.0,0.0,0,0,LOW,0
CFG-0003782,DEV-ADMIN-SWI-049,1,1,1,1,1,0.4,0.0,1,1,LOW,0
CFG-0003783,DEV-PHARM-VPN-047,0,1,1,0,1,0.0,0.5,0,1,MEDIUM,1
CFG-0003784,DEV-CLINIC-ACC-027,0,1,1,0,1,0.0,0.5,0,1,MEDIUM,1
CFG-0003785,DEV-EMERGENCY-FIR-058,1,1,1,1,1,0.4,0.0,0,1,HIGH,2
CFG-0003786,DEV-EMERGENCY-IOT-015,0,1,1,1,1,0.0,0.0,0,0,LOW,0
CFG-0003787,DEV-CLINIC-FIR-087,0,1,1,0,1,0.0,0.5,0,1,MEDIUM,1
CFG-0003788,DEV-RESEARCH-SWI-100,0,1,1,1,1,0.0,0.0,0,0,LOW,0
CFG-0003789,DEV-DIAG-SWI-092,0,1,1,1,1,0.0,0.0,0,0,LOW,0
CFG-0003790,DEV-ONCOLOGY-IOT-059,1,1,1,1,1,0.4,0.0,0,1,HIGH,2
CFG-0003791,DEV-CLINIC-ACC-033,0,1,0,1,1,0.3,0.0,0,1,HIGH,2
CFG-0003792,DEV-EMERGENCY-COR-022,0,1,1,1,1,0.0,0.0,0,0,LOW,0
CFG-0003793,DEV-ADMIN-VPN-021,0,1,1,1,1,0.0,0.0,0,0,LOW,0
CFG-0003794,DEV-PHARM-VPN-102,0,1,1,1,1,0.0,0.0,0,0,LOW,0
CFG-0003795,DEV-CLINIC-FIR-087,0,1,1,1,1,0.0,0.0,0,0,LOW,0
CFG-0003796,DEV-DIAG-SWI-092,0,1,1,1,1,0.0,0.0,1,0,LOW,0
CFG-0003797,DEV-CARDIO-EDG-085,0,1,1,1,1,0.0,0.0,0,0,LOW,0
CFG-0003798,DEV-EMERGENCY-SWI-081,0,1,1,1,0,0.0,0.5,0,0,LOW,0
CFG-0003799,DEV-EMERGENCY-IOT-015,0,1,1,0,1,0.0,0.5,0,1,MEDIUM,1
CFG-0003800,DEV-ADMIN-SWI-049,1,1,1,1,1,0.4,0.0,0,1,HIGH,2
CFG-0003801,DEV-CLINIC-FIR-087,0,1,1,1,1,0.0,0.0,1,0,LOW,0
CFG-0003802,DEV-RESEARCH-SWI-079,0,1,1,1,1,0.0,0.0,0,0,LOW,0
CFG-0003803,DEV-CARDIO-SWI-074,0,1,1,1,1,0.0,0.0,1,0,LOW,0
CFG-0003804,DEV-RESEARCH-SWI-020,0,1,1,1,1,0.0,0.0,0,0,LOW,0
CFG-0003805,DEV-ONCOLOGY-IOT-070,1,1,1,1,1,0.4,0.0,1,1,LOW,0
CFG-0003806,DEV-MAIN-WIR-043,0,1,1,1,1,0.0,0.0,0,0,LOW,0
CFG-0003807,DEV-MAIN-FIR-091,0,1,1,1,1,0.0,0.0,0,0,LOW,0
CFG-0003808,DEV-PEDS-WIR-007,0,1,1,1,1,0.0,0.0,0,0,LOW,0
CFG-0003809,DEV-PEDS-WIR-040,0,1,1,1,0,0.0,0.5,0,0,LOW,0
CFG-0003810,DEV-MAIN-FIR-091,0,1,1,1,0,0.0,0.5,0,0,LOW,0
CFG-0003811,DEV-EMERGENCY-FIR-058,0,1,1,1,1,0.0,0.0,0,0,LOW,0
CFG-0003812,DEV-PHARM-ACC-083,0,1,1,1,1,0.0,0.0,0,0,LOW,0
CFG-0003813,DEV-MAIN-VPN-026,0,1,0,1,1,0.3,0.0,0,1,HIGH,2
CFG-0003814,DEV-RESEARCH-FIR-031,0,1,1,1,1,0.0,0.0,0,0,LOW,0
CFG-0003815,DEV-MAIN-SWI-044,0,1,1,1,0,0.0,0.5,0,0,LOW,0
CFG-0003816,DEV-DIAG-SWI-060,0,1,1,1,1,0.0,0.0,0,0,LOW,0
CFG-0003817,DEV-EMERGENCY-VPN-002,0,1,1,1,1,0.0,0.0,1,0,LOW,0
CFG-0003818,DEV-ADMIN-IOT-003,0,1,1,1,1,0.0,0.0,1,0,LOW,0
CFG-0003819,DEV-PHARM-FIR-010,0,1,1,1,1,0.0,0.0,0,0,LOW,0
CFG-0003820,DEV-DIAG-FIR-108,0,1,1,1,1,0.0,0.0,0,0,LOW,0
CFG-0003821,DEV-DIAG-COR-009,0,1,1,1,1,0.0,0.0,1,0,LOW,0
CFG-0003822,DEV-RESEARCH-FIR-078,0,1,1,1,1,0.0,0.0,0,0,LOW,0
CFG-0003823,DEV-ADMIN-FIR-024,0,1,1,1,1,0.0,0.0,1,0,LOW,0
CFG-0003824,DEV-RESEARCH-SWI-100,0,1,1,1,1,0.0,0.0,0,0,LOW,0
CFG-0003825,DEV-EMERGENCY-IOT-015,0,1,1,1,1,0.0,0.0,0,0,LOW,0
CFG-0003826,DEV-EMERGENCY-VPN-094,0,1,1,1,1,0.0,0.0,0,0,LOW,0
CFG-0003827,DEV-MAIN-EDG-014,0,1,1,1,1,0.0,0.0,0,0,LOW,0
CFG-0003828,DEV-EMERGENCY-FIR-030,0,1,0,1,1,0.3,0.0,1,1,LOW,0
CFG-0003829,DEV-PHARM-ACC-083,0,1,1,1,1,0.0,0.0,1,0,LOW,0
CFG-0003830,DEV-EMERGENCY-SWI-066,0,1,0,1,1,0.3,0.0,0,1,HIGH,2
CFG-0003831,DEV-PHARM-FIR-010,0,1,1,1,1,0.0,0.0,0,0,LOW,0
CFG-0003832,DEV-RESEARCH-FIR-031,0,1,1,1,1,0.0,0.0,0,0,LOW,0
CFG-0003833,DEV-RESEARCH-EDG-055,0,1,1,1,1,0.0,0.0,0,0,LOW,0
CFG-0003834,DEV-MAIN-WIR-043,0,1,1,1,1,0.0,0.0,0,0,LOW,0
CFG-0003835,DEV-ADMIN-IOT-003,0,1,1,1,1,0.0,0.0,1,0,LOW,0
CFG-0003836,DEV-PEDS-WIR-007,0,1,1,1,1,0.0,0.0,1,0,LOW,0
CFG-0003837,DEV-MAIN-SWI-042,0,1,1,1,1,0.0,0.0,0,0,LOW,0
CFG-0003838,DEV-EMERGENCY-COR-022,0,1,1,1,1,0.0,0.0,0,0,LOW,0
CFG-0003839,DEV-RESEARCH-SWI-100,0,1,1,1,1,0.0,0.0,0,0,LOW,0
CFG-0003840,DEV-PEDS-VPN-025,0,1,1,1,1,0.0,0.0,1,0,LOW,0
CFG-0003841,DEV-CLINIC-ACC-109,0,1,1,0,1,0.0,0.5,0,1,MEDIUM,1
CFG-0003842,DEV-CARDIO-EDG-085,0,1,1,1,1,0.0,0.0,1,0,LOW,0
CFG-0003843,DEV-ONCOLOGY-IOT-059,0,1,1,1,1,0.0,0.0,0,0,LOW,0
CFG-0003844,DEV-EMERGENCY-COR-022,0,1,1,1,0,0.0,0.5,1,0,LOW,0
CFG-0003845,DEV-CARDIO-EDG-085,0,1,1,1,0,0.0,0.5,1,0,LOW,0
CFG-0003846,DEV-CLINIC-IOT-041,0,1,1,1,1,0.0,0.0,1,0,LOW,0
CFG-0003847,DEV-DIAG-SWI-060,0,1,1,1,1,0.0,0.0,0,0,LOW,0
CFG-0003848,DEV-ADMIN-COR-105,0,1,0,1,1,0.3,0.0,0,1,HIGH,2
CFG-0003849,DEV-CARDIO-SWI-062,0,1,1,0,1,0.0,0.5,0,1,MEDIUM,1
CFG-0003850,DEV-PHARM-VPN-023,0,1,1,1,1,0.0,0.0,0,0,LOW,0
CFG-0003851,DEV-ONCOLOGY-ACC-016,0,1,1,1,1,0.0,0.0,0,0,LOW,0
CFG-0003852,DEV-CLINIC-ACC-109,1,1,0,1,1,0.7,0.0,0,2,CRITICAL,3
CFG-0003853,DEV-ONCOLOGY-ACC-016,0,1,1,1,0,0.0,0.5,0,0,LOW,0
CFG-0003854,DEV-PEDS-WIR-095,0,1,1,1,1,0.0,0.0,1,0,LOW,0
CFG-0003855,DEV-EMERGENCY-COR-065,0,1,1,1,1,0.0,0.0,0,0,LOW,0
CFG-0003856,DEV-EMERGENCY-FIR-058,0,1,1,1,1,0.0,0.0,0,0,LOW,0
CFG-0003857,DEV-ONCOLOGY-ACC-053,0,1,0,1,1,0.3,0.0,0,1,HIGH,2
CFG-0003858,DEV-EMERGENCY-VPN-002,0,1,0,1,1,0.3,0.0,1,1,LOW,0
CFG-0003859,DEV-CARDIO-ACC-068,0,1,1,1,0,0.0,0.5,1,0,LOW,0
CFG-0003860,DEV-ONCOLOGY-SWI-039,0,1,1,1,1,0.0,0.0,0,0,LOW,0
CFG-0003861,DEV-CLINIC-SWI-082,0,1,1,1,1,0.0,0.0,1,0,LOW,0
CFG-0003862,DEV-RESEARCH-SWI-020,1,1,1,1,1,0.4,0.0,1,1,LOW,0
CFG-0003863,DEV-EMERGENCY-IOT-015,0,1,1,1,1,0.0,0.0,0,0,LOW,0
CFG-0003864,DEV-PEDS-IOT-046,1,1,1,1,1,0.4,0.0,1,1,LOW,0
CFG-0003865,DEV-RESEARCH-EDG-057,0,1,1,0,1,0.0,0.5,0,1,MEDIUM,1
CFG-0003866,DEV-ADMIN-WIR-013,0,1,1,1,1,0.0,0.0,0,0,LOW,0
CFG-0003867,DEV-ONCOLOGY-FIR-061,0,1,0,1,1,0.3,0.0,0,1,HIGH,2
CFG-0003868,DEV-CLINIC-IOT-041,0,1,1,1,1,0.0,0.0,0,0,LOW,0
CFG-0003869,DEV-MAIN-VPN-026,0,1,1,1,1,0.0,0.0,0,0,LOW,0
CFG-0003870,DEV-RESEARCH-FIR-031,1,1,1,1,1,0.4,0.0,1,1,LOW,0
CFG-0003871,DEV-PEDS-WIR-007,1,1,0,1,1,0.7,0.0,0,2,CRITICAL,3
CFG-0003872,DEV-PHARM-VPN-004,0,1,1,1,1,0.0,0.0,0,0,LOW,0
CFG-0003873,DEV-CARDIO-ACC-068,0,1,1,1,1,0.0,0.0,0,0,LOW,0
CFG-0003874,DEV-ADMIN-WIR-013,0,1,1,1,1,0.0,0.0,1,0,LOW,0
CFG-0003875,DEV-ADMIN-FIR-093,0,1,1,1,1,0.0,0.0,0,0,LOW,0
CFG-0003876,DEV-CLINIC-ACC-033,0,1,1,1,0,0.0,0.5,0,0,LOW,0
CFG-0003877,DEV-PEDS-IOT-035,0,1,1,1,1,0.0,0.0,0,0,LOW,0
CFG-0003878,DEV-EMERGENCY-SWI-052,0,1,1,1,1,0.0,0.0,0,0,LOW,0
CFG-0003879,DEV-PEDS-IOT-035,1,1,1,1,1,0.4,0.0,1,1,LOW,0
CFG-0003880,DEV-CLINIC-FIR-087,0,1,1,1,1,0.0,0.0,0,0,LOW,0
CFG-0003882,DEV-PEDS-WIR-040,0,1,1,1,1,0.0,0.0,1,0,LOW,0
CFG-0003883,DEV-EMERGENCY-SWI-099,0,1,1,0,1,0.0,0.5,0,1,MEDIUM,1
CFG-0003884,DEV-ONCOLOGY-IOT-059,0,1,1,1,1,0.0,0.0,0,0,LOW,0
CFG-0003885,DEV-RESEARCH-IOT-072,0,1,0,1,1,0.3,0.0,0,1,HIGH,2
CFG-0003886,DEV-EMERGENCY-FIR-058,0,1,1,1,1,0.0,0.0,1,0,LOW,0
CFG-0003887,DEV-EMERGENCY-SWI-052,0,1,1,1,1,0.0,0.0,0,0,LOW,0
CFG-0003888,DEV-EMERGENCY-SWI-052,0,1,0,1,1,0.3,0.0,1,1,LOW,0
CFG-0003889,DEV-ONCOLOGY-VPN-075,1,1,1,1,1,0.4,0.0,1,1,LOW,0
CFG-0003890,DEV-DIAG-ACC-103,0,1,0,1,1,0.3,0.0,0,1,HIGH,2
CFG-0003891,DEV-MAIN-ACC-077,0,1,1,1,1,0.0,0.0,1,0,LOW,0
CFG-0003892,DEV-ADMIN-IOT-003,0,1,1,1,1,0.0,0.0,0,0,LOW,0
CFG-0003893,DEV-ADMIN-WIR-013,0,1,1,1,1,0.0,0.0,0,0,LOW,0
CFG-0003894,DEV-PEDS-ACC-104,0,1,1,1,1,0.0,0.0,0,0,LOW,0
CFG-0003895,DEV-DIAG-EDG-067,0,1,1,1,1,0.0,0.0,1,0,LOW,0
CFG-0003896,DEV-RESEARCH-IOT-072,0,1,1,1,1,0.0,0.0,0,0,LOW,0
CFG-0003897,DEV-RESEARCH-EDG-057,0,1,0,1,1,0.3,0.0,0,1,HIGH,2
CFG-0003898,DEV-DIAG-ACC-103,0,1,1,1,1,0.0,0.0,1,0,LOW,0
CFG-0003899,DEV-PHARM-EDG-038,1,1,1,1,1,0.4,0.0,0,1,HIGH,2
CFG-0003900,DEV-MAIN-IOT-005,0,1,1,1,1,0.0,0.0,1,0,LOW,0
CFG-0003901,DEV-RESEARCH-EDG-057,0,1,1,1,1,0.0,0.0,1,0,LOW,0
CFG-0003902,DEV-EMERGENCY-SWI-099,0,1,1,1,1,0.0,0.0,0,0,LOW,0
CFG-0003903,DEV-ADMIN-FIR-024,0,1,1,1,1,0.0,0.0,0,0,LOW,0
CFG-0003904,DEV-RESEARCH-EDG-057,0,1,1,1,1,0.0,0.0,0,0,LOW,0
CFG-0003905,DEV-CLINIC-FIR-087,0,1,1,1,1,0.0,0.0,1,0,LOW,0
CFG-0003906,DEV-EMERGENCY-VPN-002,0,1,1,1,1,0.0,0.0,0,0,LOW,0
CFG-0003907,DEV-ADMIN-FIR-093,0,1,1,1,1,0.0,0.0,0,0,LOW,0
CFG-0003908,DEV-DIAG-ACC-036,0,1,1,1,1,0.0,0.0,1,0,LOW,0
CFG-0003909,DEV-PEDS-COR-054,0,1,1,1,1,0.0,0.0,0,0,LOW,0
CFG-0003910,DEV-RESEARCH-VPN-045,0,1,1,1,1,0.0,0.0,1,0,LOW,0
CFG-0003911,DEV-ADMIN-WIR-013,0,1,1,1,1,0.0,0.0,0,0,LOW,0
CFG-0003912,DEV-DIAG-WIR-084,0,1,1,1,1,0.0,0.0,0,0,LOW,0
CFG-0003913,DEV-ADMIN-WIR-013,1,1,1,1,1,0.4,0.0,0,1,HIGH,2
CFG-0003914,DEV-PHARM-FIR-028,0,1,1,1,1,0.0,0.0,0,0,LOW,0
CFG-0003915,DEV-PHARM-FIR-028,0,1,1,1,1,0.0,0.0,0,0,LOW,0
CFG-0003916,DEV-DIAG-ACC-103,0,1,1,1,1,0.0,0.0,1,0,LOW,0
CFG-0003917,DEV-PHARM-FIR-010,0,1,1,1,1,0.0,0.0,0,0,LOW,0
CFG-0003918,DEV-MAIN-IOT-018,0,1,1,1,1,0.0,0.0,0,0,LOW,0
CFG-0003919,DEV-PHARM-ACC-083,0,1,1,1,1,0.0,0.0,0,0,LOW,0
CFG-0003920,DEV-RESEARCH-SWI-001,0,1,1,1,1,0.0,0.0,1,0,LOW,0
CFG-0003921,DEV-PHARM-VPN-023,0,1,1,1,1,0.0,0.0,1,0,LOW,0
CFG-0003922,DEV-EMERGENCY-IOT-073,0,1,1,1,1,0.0,0.0,0,0,LOW,0
CFG-0003923,DEV-ONCOLOGY-FIR-061,0,1,1,1,1,0.0,0.0,1,0,LOW,0
CFG-0003924,DEV-ONCOLOGY-WIR-037,0,1,1,1,1,0.0,0.0,1,0,LOW,0
CFG-0003925,DEV-MAIN-EDG-014,0,1,1,1,1,0.0,0.0,0,0,LOW,0
CFG-0003926,DEV-DIAG-ACC-036,0,1,1,1,1,0.0,0.0,0,0,LOW,0
CFG-0003927,DEV-RESEARCH-EDG-055,0,1,1,1,1,0.0,0.0,1,0,LOW,0
CFG-0003928,DEV-CARDIO-COR-063,0,1,1,1,1,0.0,0.0,1,0,LOW,0
CFG-0003929,DEV-PHARM-VPN-102,0,1,1,0,1,0.0,0.5,0,1,MEDIUM,1
CFG-0003930,DEV-CARDIO-IOT-110,0,1,1,0,1,0.0,0.5,0,1,MEDIUM,1
CFG-0003931,DEV-CARDIO-IOT-110,0,1,1,1,1,0.0,0.0,1,0,LOW,0
CFG-0003932,DEV-PEDS-ACC-104,1,1,1,1,1,0.4,0.0,1,1,LOW,0
CFG-0003933,DEV-PHARM-EDG-038,0,1,1,1,1,0.0,0.0,0,0,LOW,0
CFG-0003934,DEV-ONCOLOGY-ACC-053,0,1,1,1,0,0.0,0.5,0,0,LOW,0
CFG-0003935,DEV-CARDIO-IOT-006,1,1,1,1,1,0.4,0.0,0,1,HIGH,2
CFG-0003936,DEV-EMERGENCY-IOT-073,0,1,1,1,1,0.0,0.0,0,0,LOW,0
CFG-0003937,DEV-CARDIO-COR-063,0,1,1,1,1,0.0,0.0,0,0,LOW,0
CFG-0003938,DEV-CLINIC-SWI-082,0,1,1,1,1,0.0,0.0,0,0,LOW,0
CFG-0003939,DEV-CLINIC-FIR-087,1,1,1,1,1,0.4,0.0,0,1,HIGH,2
CFG-0003940,DEV-EMERGENCY-SWI-066,0,1,1,1,1,0.0,0.0,0,0,LOW,0
CFG-0003941,DEV-RESEARCH-VPN-045,0,1,1,1,1,0.0,0.0,0,0,LOW,0
CFG-0003942,DEV-CARDIO-FIR-089,0,1,1,1,1,0.0,0.0,0,0,LOW,0
CFG-0003943,DEV-PHARM-IOT-107,1,1,1,1,1,0.4,0.0,0,1,HIGH,2
CFG-0003944,DEV-ONCOLOGY-ACC-053,0,1,1,1,1,0.0,0.0,0,0,LOW,0
CFG-0003945,DEV-PEDS-IOT-035,0,1,1,1,1,0.0,0.0,0,0,LOW,0
CFG-0003946,DEV-RESEARCH-EDG-057,0,1,1,1,1,0.0,0.0,0,0,LOW,0
CFG-0003947,DEV-CLINIC-IOT-041,1,1,1,1,1,0.4,0.0,1,1,LOW,0
CFG-0003948,DEV-EMERGENCY-FIR-058,0,1,1,1,1,0.0,0.0,1,0,LOW,0
CFG-0003949,DEV-MAIN-SWI-044,0,1,1,1,1,0.0,0.0,1,0,LOW,0
CFG-0003950,DEV-CARDIO-SWI-062,0,1,1,1,1,0.0,0.0,0,0,LOW,0
CFG-0003951,DEV-ONCOLOGY-ACC-053,0,1,1,1,1,0.0,0.0,1,0,LOW,0
CFG-0003952,DEV-PHARM-ACC-083,0,1,1,0,1,0.0,0.5,0,1,MEDIUM,1
CFG-0003953,DEV-PEDS-ACC-104,0,1,1,1,0,0.0,0.5,1,0,LOW,0
CFG-0003954,DEV-PHARM-IOT-107,0,1,1,1,1,0.0,0.0,0,0,LOW,0
CFG-0003955,DEV-MAIN-SWI-017,0,1,1,1,1,0.0,0.0,0,0,LOW,0
CFG-0003956,DEV-ONCOLOGY-FIR-061,1,1,1,1,1,0.4,0.0,1,1,LOW,0
CFG-0003957,DEV-EMERGENCY-VPN-002,0,1,1,1,1,0.0,0.0,0,0,LOW,0
CFG-0003958,DEV-DIAG-COR-009,0,1,1,0,1,0.0,0.5,0,1,MEDIUM,1
CFG-0003959,DEV-CLINIC-ACC-109,0,1,0,1,1,0.3,0.0,0,1,HIGH,2
CFG-0003960,DEV-CLINIC-ACC-034,0,1,0,1,1,0.3,0.0,1,1,LOW,0
CFG-0003961,DEV-MAIN-IOT-005,0,1,1,1,1,0.0,0.0,0,0,LOW,0
CFG-0003962,DEV-RESEARCH-FIR-078,0,1,0,1,1,0.3,0.0,0,1,HIGH,2
CFG-0003963,DEV-CLINIC-FIR-087,0,1,0,1,1,0.3,0.0,0,1,HIGH,2
CFG-0003964,DEV-PEDS-FIR-069,0,1,1,1,1,0.0,0.0,0,0,LOW,0
CFG-0003965,DEV-PHARM-ACC-083,0,1,1,0,1,0.0,0.5,1,1,LOW,0
CFG-0003966,DEV-PEDS-WIR-095,0,1,1,1,1,0.0,0.0,0,0,LOW,0
CFG-0003967,DEV-PEDS-COR-019,0,1,1,1,1,0.0,0.0,0,0,LOW,0
CFG-0003968,DEV-RESEARCH-SWI-079,0,1,1,0,1,0.0,0.5,0,1,MEDIUM,1
CFG-0003969,DEV-EMERGENCY-FIR-030,0,1,1,1,1,0.0,0.0,1,0,LOW,0
CFG-0003970,DEV-PHARM-EDG-038,0,1,0,1,1,0.3,0.0,1,1,LOW,0
CFG-0003971,DEV-MAIN-EDG-012,0,1,1,1,1,0.0,0.0,1,0,LOW,0
CFG-0003972,DEV-MAIN-SWI-017,0,1,1,1,1,0.0,0.0,0,0,LOW,0
CFG-0003973,DEV-PEDS-COR-054,0,1,1,1,1,0.0,0.0,1,0,LOW,0
CFG-0003974,DEV-RESEARCH-SWI-001,0,1,1,1,1,0.0,0.0,0,0,LOW,0
CFG-0003975,DEV-ADMIN-COR-105,0,1,1,1,1,0.0,0.0,0,0,LOW,0
CFG-0003976,DEV-MAIN-SWI-017,0,1,1,1,1,0.0,0.0,0,0,LOW,0
CFG-0003977,DEV-MAIN-ACC-077,0,1,0,1,1,0.3,0.0,0,1,HIGH,2
CFG-0003978,DEV-MAIN-FIR-064,0,1,1,1,1,0.0,0.0,0,0,LOW,0
CFG-0003979,DEV-PHARM-VPN-047,0,1,1,1,1,0.0,0.0,0,0,LOW,0
CFG-0003980,DEV-ONCOLOGY-WIR-037,0,1,1,1,1,0.0,0.0,1,0,LOW,0
CFG-0003981,DEV-PEDS-COR-019,0,1,1,0,1,0.0,0.5,0,1,MEDIUM,1
CFG-0003982,DEV-PHARM-FIR-010,0,1,0,1,1,0.3,0.0,0,1,HIGH,2
CFG-0003983,DEV-CLINIC-ACC-109,0,1,1,1,1,0.0,0.0,0,0,LOW,0
CFG-0003984,DEV-DIAG-WIR-084,0,1,1,1,0,0.0,0.5,0,0,LOW,0
CFG-0003985,DEV-EMERGENCY-VPN-002,0,1,1,1,1,0.0,0.0,0,0,LOW,0
CFG-0003986,DEV-RESEARCH-VPN-045,0,1,1,1,0,0.0,0.5,1,0,LOW,0
CFG-0003987,DEV-PHARM-IOT-107,0,1,1,0,1,0.0,0.5,0,1,MEDIUM,1
CFG-0003988,DEV-CLINIC-ACC-033,0,1,1,1,0,0.0,0.5,0,0,LOW,0
CFG-0003989,DEV-DIAG-SWI-060,0,1,1,1,0,0.0,0.5,0,0,LOW,0
CFG-0003990,DEV-CLINIC-ACC-027,0,1,1,0,1,0.0,0.5,1,1,LOW,0
CFG-0003991,DEV-DIAG-FIR-108,0,1,1,1,0,0.0,0.5,1,0,LOW,0
CFG-0003992,DEV-CLINIC-ACC-033,0,1,1,1,1,0.0,0.0,0,0,LOW,0
CFG-0003993,DEV-EMERGENCY-IOT-015,0,1,1,1,1,0.0,0.0,0,0,LOW,0
CFG-0003994,DEV-PHARM-VPN-047,0,1,1,1,1,0.0,0.0,0,0,LOW,0
CFG-0003995,DEV-MAIN-IOT-018,0,1,1,0,1,0.0,0.5,0,1,MEDIUM,1
CFG-0003996,DEV-CARDIO-SWI-074,0,1,1,1,1,0.0,0.0,1,0,LOW,0
CFG-0003997,DEV-ONCOLOGY-ACC-016,0,1,0,1,1,0.3,0.0,0,1,HIGH,2
CFG-0003998,DEV-PHARM-COR-106,0,1,1,1,1,0.0,0.0,1,0,LOW,0
CFG-0003999,DEV-PEDS-IOT-046,0,1,1,1,1,0.0,0.0,0,0,LOW,0
CFG-0004000,DEV-ADMIN-FIR-093,0,1,1,1,0,0.0,0.5,0,0,LOW,0
CFG-0004001,DEV-ADMIN-IOT-003,0,1,1,1,1,0.0,0.0,0,0,LOW,0
CFG-0004002,DEV-MAIN-EDG-014,0,1,1,1,1,0.0,0.0,1,0,LOW,0
CFG-0004003,DEV-PHARM-VPN-023,0,1,1,1,1,0.0,0.0,0,0,LOW,0
CFG-0004004,DEV-DIAG-COR-009,0,1,1,1,1,0.0,0.0,0,0,LOW,0
CFG-0004005,DEV-PHARM-EDG-038,0,1,1,1,1,0.0,0.0,0,0,LOW,0
CFG-0004006,DEV-CARDIO-VPN-011,0,1,1,1,1,0.0,0.0,0,0,LOW,0
CFG-0004007,DEV-DIAG-WIR-084,0,1,1,0,1,0.0,0.5,0,1,MEDIUM,1
CFG-0004008,DEV-PHARM-FIR-101,0,1,1,1,1,0.0,0.0,0,0,LOW,0
CFG-0004009,DEV-ONCOLOGY-SWI-039,0,1,1,1,1,0.0,0.0,0,0,LOW,0
CFG-0004010,DEV-PEDS-COR-019,1,1,1,1,1,0.4,0.0,0,1,HIGH,2
CFG-0004011,DEV-EMERGENCY-SWI-096,1,1,1,0,1,0.4,0.5,0,2,HIGH,2
CFG-0004012,DEV-PHARM-VPN-047,0,1,1,1,1,0.0,0.0,1,0,LOW,0
CFG-0004013,DEV-ADMIN-FIR-024,0,1,1,1,1,0.0,0.0,0,0,LOW,0
CFG-0004014,DEV-EMERGENCY-SWI-099,0,1,1,1,1,0.0,0.0,1,0,LOW,0
CFG-0004015,DEV-CLINIC-ACC-034,0,1,1,1,1,0.0,0.0,1,0,LOW,0
CFG-0004016,DEV-EMERGENCY-VPN-094,0,1,1,1,1,0.0,0.0,1,0,LOW,0
CFG-0004017,DEV-DIAG-COR-009,0,1,1,1,1,0.0,0.0,0,0,LOW,0
CFG-0004018,DEV-ONCOLOGY-IOT-059,0,1,1,1,0,0.0,0.5,0,0,LOW,0
CFG-0004019,DEV-EMERGENCY-SWI-081,0,1,1,1,1,0.0,0.0,0,0,LOW,0
CFG-0004020,DEV-PHARM-EDG-038,0,1,1,1,1,0.0,0.0,0,0,LOW,0
CFG-0004021,DEV-ADMIN-COR-105,0,1,1,1,1,0.0,0.0,0,0,LOW,0
CFG-0004022,DEV-ONCOLOGY-IOT-059,0,1,1,1,1,0.0,0.0,0,0,LOW,0
CFG-0004023,DEV-MAIN-FIR-091,0,1,1,1,1,0.0,0.0,0,0,LOW,0
CFG-0004024,DEV-CARDIO-ACC-008,0,1,1,1,1,0.0,0.0,0,0,LOW,0
CFG-0004025,DEV-PHARM-FIR-101,0,1,1,1,1,0.0,0.0,0,0,LOW,0
CFG-0004026,DEV-PEDS-COR-054,0,1,1,1,1,0.0,0.0,0,0,LOW,0
CFG-0004028,DEV-PEDS-IOT-046,1,1,1,1,1,0.4,0.0,1,1,LOW,0
CFG-0004029,DEV-EMERGENCY-SWI-052,0,1,1,1,1,0.0,0.0,0,0,LOW,0
CFG-0004030,DEV-CARDIO-SWI-074,0,1,1,1,1,0.0,0.0,0,0,LOW,0
CFG-0004031,DEV-MAIN-EDG-014,0,1,1,1,1,0.0,0.0,1,0,LOW,0
CFG-0004032,DEV-CLINIC-ACC-034,0,1,1,1,1,0.0,0.0,0,0,LOW,0
CFG-0004033,DEV-RESEARCH-FIR-078,0,1,0,1,1,0.3,0.0,0,1,HIGH,2
CFG-0004034,DEV-PEDS-VPN-025,0,1,1,1,1,0.0,0.0,0,0,LOW,0
CFG-0004035,DEV-PEDS-WIR-007,0,1,1,1,1,0.0,0.0,1,0,LOW,0
CFG-0004036,DEV-ADMIN-VPN-021,0,1,1,1,1,0.0,0.0,1,0,LOW,0
CFG-0004037,DEV-RESEARCH-SWI-020,0,1,1,1,1,0.0,0.0,0,0,LOW,0
CFG-0004038,DEV-MAIN-IOT-005,0,1,1,1,1,0.0,0.0,1,0,LOW,0
CFG-0004039,DEV-CLINIC-ACC-109,0,1,1,1,1,0.0,0.0,0,0,LOW,0
CFG-0004040,DEV-ADMIN-FIR-093,0,1,0,1,1,0.3,0.0,1,1,LOW,0
CFG-0004041,DEV-PHARM-VPN-102,0,1,1,1,1,0.0,0.0,0,0,LOW,0
CFG-0004042,DEV-PEDS-WIR-040,0,1,1,1,1,0.0,0.0,1,0,LOW,0
CFG-0004043,DEV-PHARM-EDG-038,1,1,1,1,1,0.4,0.0,1,1,LOW,0
CFG-0004044,DEV-CARDIO-FIR-088,0,1,1,1,1,0.0,0.0,0,0,LOW,0
CFG-0004045,DEV-DIAG-WIR-084,0,1,1,1,1,0.0,0.0,1,0,LOW,0
CFG-0004046,DEV-EMERGENCY-COR-022,0,1,1,1,1,0.0,0.0,0,0,LOW,0
CFG-0004047,DEV-ADMIN-FIR-024,0,1,1,1,1,0.0,0.0,0,0,LOW,0
CFG-0004048,DEV-CLINIC-ACC-109,0,1,1,1,1,0.0,0.0,0,0,LOW,0
CFG-0004049,DEV-CARDIO-SWI-062,0,1,1,1,1,0.0,0.0,1,0,LOW,0
CFG-0004050,DEV-CARDIO-ACC-008,0,1,1,1,1,0.0,0.0,0,0,LOW,0
CFG-0004051,DEV-DIAG-FIR-108,0,1,1,1,1,0.0,0.0,1,0,LOW,0
CFG-0004052,DEV-DIAG-EDG-067,0,1,1,1,1,0.0,0.0,0,0,LOW,0
CFG-0004053,DEV-CARDIO-IOT-006,0,1,1,0,1,0.0,0.5,0,1,MEDIUM,1
CFG-0004054,DEV-ONCOLOGY-ACC-053,0,1,1,1,0,0.0,0.5,1,0,LOW,0
CFG-0004055,DEV-RESEARCH-EDG-057,0,1,1,1,1,0.0,0.0,0,0,LOW,0
CFG-0004056,DEV-ONCOLOGY-SWI-039,0,1,1,1,1,0.0,0.0,1,0,LOW,0
CFG-0004057,DEV-RESEARCH-EDG-055,0,1,1,1,1,0.0,0.0,0,0,LOW,0
CFG-0004058,DEV-PHARM-COR-106,0,1,1,1,1,0.0,0.0,0,0,LOW,0
CFG-0004059,DEV-ADMIN-SWI-049,0,1,1,1,1,0.0,0.0,1,0,LOW,0
CFG-0004060,DEV-PEDS-ACC-104,0,1,1,1,1,0.0,0.0,0,0,LOW,0
CFG-0004061,DEV-EMERGENCY-SWI-096,0,1,1,1,0,0.0,0.5,1,0,LOW,0
CFG-0004062,DEV-RESEARCH-SWI-001,0,1,1,1,1,0.0,0.0,0,0,LOW,0
CFG-0004063,DEV-CLINIC-IOT-041,0,1,1,1,1,0.0,0.0,0,0,LOW,0
CFG-0004064,DEV-PEDS-FIR-069,0,1,0,1,1,0.3,0.0,0,1,HIGH,2
CFG-0004065,DEV-DIAG-SWI-032,0,1,1,1,1,0.0,0.0,0,0,LOW,0
CFG-0004066,DEV-DIAG-WIR-084,0,1,1,1,1,0.0,0.0,0,0,LOW,0
CFG-0004067,DEV-EMERGENCY-COR-065,1,1,1,1,1,0.4,0.0,0,1,HIGH,2
CFG-0004068,DEV-EMERGENCY-VPN-002,0,1,0,1,1,0.3,0.0,1,1,LOW,0
CFG-0004069,DEV-MAIN-EDG-012,0,1,0,1,1,0.3,0.0,1,1,LOW,0
CFG-0004070,DEV-ONCOLOGY-IOT-070,0,1,1,1,1,0.0,0.0,0,0,LOW,0
CFG-0004071,DEV-CARDIO-ACC-068,0,1,1,1,1,0.0,0.0,0,0,LOW,0
CFG-0004072,DEV-PHARM-EDG-038,0,1,1,1,1,0.0,0.0,0,0,LOW,0
CFG-0004073,DEV-RESEARCH-SWI-001,0,1,1,1,0,0.0,0.5,0,0,LOW,0
CFG-0004074,DEV-MAIN-IOT-005,0,1,1,1,1,0.0,0.0,0,0,LOW,0
CFG-0004076,DEV-EMERGENCY-COR-065,0,1,0,1,1,0.3,0.0,1,1,LOW,0
CFG-0004077,DEV-EMERGENCY-VPN-094,0,1,1,1,1,0.0,0.0,0,0,LOW,0
CFG-0004078,DEV-EMERGENCY-COR-022,0,1,1,1,1,0.0,0.0,1,0,LOW,0
CFG-0004079,DEV-ADMIN-SWI-049,0,1,1,1,1,0.0,0.0,0,0,LOW,0
CFG-0004080,DEV-CLINIC-ACC-034,1,1,1,1,1,0.4,0.0,1,1,LOW,0
CFG-0004081,DEV-CLINIC-EDG-048,0,1,1,1,1,0.0,0.0,1,0,LOW,0
CFG-0004082,DEV-RESEARCH-FIR-056,0,1,1,1,1,0.0,0.0,0,0,LOW,0
CFG-0004083,DEV-DIAG-FIR-108,0,1,1,0,1,0.0,0.5,1,1,LOW,0
CFG-0004084,DEV-CLINIC-ACC-033,0,1,1,1,1,0.0,0.0,0,0,LOW,0
CFG-0004085,DEV-RESEARCH-IOT-072,0,1,0,1,1,0.3,0.0,1,1,LOW,0
CFG-0004086,DEV-CLINIC-VPN-029,0,1,1,1,1,0.0,0.0,1,0,LOW,0
CFG-0004087,DEV-CARDIO-ACC-068,0,1,1,1,1,0.0,0.0,0,0,LOW,0
CFG-0004088,DEV-EMERGENCY-COR-065,0,1,1,1,1,0.0,0.0,0,0,LOW,0
CFG-0004089,DEV-RESEARCH-FIR-056,0,1,1,1,0,0.0,0.5,0,0,LOW,0
CFG-0004090,DEV-EMERGENCY-SWI-052,0,1,1,1,1,0.0,0.0,0,0,LOW,0
CFG-0004091,DEV-CARDIO-VPN-011,0,1,0,1,1,0.3,0.0,0,1,HIGH,2
CFG-0004092,DEV-CLINIC-ACC-109,0,1,1,1,1,0.0,0.0,0,0,LOW,0
CFG-0004093,DEV-RESEARCH-SWI-020,0,1,1,1,1,0.0,0.0,0,0,LOW,0
CFG-0004094,DEV-ADMIN-IOT-003,0,1,1,1,1,0.0,0.0,1,0,LOW,0
CFG-0004095,DEV-RESEARCH-VPN-045,0,1,1,1,1,0.0,0.0,0,0,LOW,0
CFG-0004096,DEV-RESEARCH-FIR-078,0,1,1,1,0,0.0,0.5,0,0,LOW,0
CFG-0004097,DEV-DIAG-COR-009,0,1,1,1,1,0.0,0.0,1,0,LOW,0
CFG-0004098,DEV-DIAG-EDG-080,0,1,1,0,1,0.0,0.5,1,1,LOW,0
CFG-0004099,DEV-RESEARCH-EDG-055,0,1,1,1,1,0.0,0.0,1,0,LOW,0
CFG-0004100,DEV-RESEARCH-SWI-001,0,1,1,1,1,0.0,0.0,0,0,LOW,0
CFG-0004101,DEV-CLINIC-ACC-034,0,1,1,1,1,0.0,0.0,0,0,LOW,0
CFG-0004102,DEV-EMERGENCY-VPN-094,0,1,1,1,1,0.0,0.0,1,0,LOW,0
CFG-0004103,DEV-ONCOLOGY-ACC-016,0,1,1,1,1,0.0,0.0,0,0,LOW,0
CFG-0004104,DEV-CLINIC-IOT-041,0,1,1,1,1,0.0,0.0,0,0,LOW,0
CFG-0004105,DEV-PEDS-COR-019,0,1,1,1,1,0.0,0.0,0,0,LOW,0
CFG-0004106,DEV-RESEARCH-EDG-055,0,1,1,1,1,0.0,0.0,0,0,LOW,0
CFG-0004107,DEV-CLINIC-ACC-027,0,1,1,1,1,0.0,0.0,0,0,LOW,0
CFG-0004108,DEV-EMERGENCY-VPN-094,0,1,1,1,1,0.0,0.0,1,0,LOW,0
CFG-0004109,DEV-PEDS-WIR-095,0,1,1,1,1,0.0,0.0,0,0,LOW,0
CFG-0004110,DEV-CARDIO-COR-063,0,1,1,1,1,0.0,0.0,0,0,LOW,0
CFG-0004111,DEV-ADMIN-IOT-003,0,1,1,0,1,0.0,0.5,1,1,LOW,0
CFG-0004112,DEV-RESEARCH-FIR-031,0,1,1,1,1,0.0,0.0,0,0,LOW,0
CFG-0004113,DEV-PEDS-VPN-025,0,1,1,1,1,0.0,0.0,0,0,LOW,0
CFG-0004114,DEV-RESEARCH-FIR-056,0,1,1,1,1,0.0,0.0,0,0,LOW,0
CFG-0004115,DEV-MAIN-SWI-042,0,1,1,1,1,0.0,0.0,1,0,LOW,0
CFG-0004116,DEV-DIAG-SWI-060,0,1,1,1,1,0.0,0.0,0,0,LOW,0
CFG-0004117,DEV-CARDIO-IOT-006,0,1,1,1,1,0.0,0.0,0,0,LOW,0
CFG-0004118,DEV-DIAG-WIR-084,0,1,1,1,1,0.0,0.0,0,0,LOW,0
CFG-0004119,DEV-ADMIN-IOT-003,0,1,1,0,1,0.0,0.5,1,1,LOW,0
CFG-0004120,DEV-DIAG-SWI-060,0,1,0,1,1,0.3,0.0,0,1,HIGH,2
CFG-0004121,DEV-MAIN-ACC-090,0,1,1,1,1,0.0,0.0,0,0,LOW,0
CFG-0004122,DEV-CLINIC-WIR-097,1,1,1,1,1,0.4,0.0,0,1,HIGH,2
CFG-0004123,DEV-RESEARCH-SWI-001,0,1,1,1,1,0.0,0.0,1,0,LOW,0
CFG-0004124,DEV-ADMIN-EDG-050,0,1,1,1,1,0.0,0.0,1,0,LOW,0
CFG-0004125,DEV-DIAG-ACC-103,0,1,1,1,1,0.0,0.0,1,0,LOW,0
CFG-0004126,DEV-CLINIC-ACC-109,0,1,1,1,1,0.0,0.0,0,0,LOW,0
CFG-0004127,DEV-CARDIO-COR-063,0,1,1,1,1,0.0,0.0,1,0,LOW,0
CFG-0004128,DEV-PEDS-ACC-104,0,1,1,1,1,0.0,0.0,0,0,LOW,0
CFG-0004129,DEV-CARDIO-VPN-011,1,1,1,1,1,0.4,0.0,0,1,HIGH,2
CFG-0004130,DEV-ADMIN-WIR-013,1,1,1,1,1,0.4,0.0,0,1,HIGH,2
CFG-0004131,DEV-PEDS-WIR-007,1,1,1,1,1,0.4,0.0,0,1,HIGH,2
CFG-0004132,DEV-DIAG-EDG-067,0,1,0,1,1,0.3,0.0,1,1,LOW,0
CFG-0004133,DEV-PHARM-VPN-047,0,1,1,1,1,0.0,0.0,0,0,LOW,0
CFG-0004134,DEV-PEDS-COR-054,0,1,1,1,1,0.0,0.0,0,0,LOW,0
CFG-0004135,DEV-CLINIC-VPN-029,0,1,1,1,1,0.0,0.0,0,0,LOW,0
CFG-0004136,DEV-ADMIN-VPN-021,0,1,1,1,1,0.0,0.0,0,0,LOW,0
CFG-0004137,DEV-DIAG-ACC-103,1,1,1,1,1,0.4,0.0,1,1,LOW,0
CFG-0004138,DEV-MAIN-IOT-018,0,1,1,1,1,0.0,0.0,0,0,LOW,0
CFG-0004139,DEV-MAIN-EDG-014,0,1,1,1,0,0.0,0.5,0,0,LOW,0
CFG-0004140,DEV-CLINIC-WIR-097,0,1,1,1,1,0.0,0.0,0,0,LOW,0
CFG-0004141,DEV-PHARM-FIR-101,0,1,1,1,1,0.0,0.0,0,0,LOW,0
CFG-0004142,DEV-PEDS-WIR-007,0,1,1,1,1,0.0,0.0,0,0,LOW,0
CFG-0004143,DEV-ADMIN-FIR-024,0,1,1,1,1,0.0,0.0,0,0,LOW,0
CFG-0004144,DEV-ONCOLOGY-SWI-039,0,1,1,0,1,0.0,0.5,0,1,MEDIUM,1
CFG-0004145,DEV-PHARM-IOT-107,0,1,1,1,1,0.0,0.0,1,0,LOW,0
CFG-0004146,DEV-PHARM-FIR-028,1,1,1,1,1,0.4,0.0,1,1,LOW,0
CFG-0004147,DEV-ONCOLOGY-VPN-075,0,1,1,1,1,0.0,0.0,1,0,LOW,0
CFG-0004148,DEV-EMERGENCY-SWI-081,0,1,1,1,1,0.0,0.0,0,0,LOW,0
CFG-0004149,DEV-CARDIO-FIR-088,0,1,1,1,1,0.0,0.0,0,0,LOW,0
CFG-0004150,DEV-ADMIN-EDG-050,0,1,0,1,1,0.3,0.0,0,1,HIGH,2
CFG-0004151,DEV-ADMIN-IOT-003,0,1,1,1,1,0.0,0.0,0,0,LOW,0
CFG-0004152,DEV-ADMIN-FIR-024,0,1,1,1,1,0.0,0.0,0,0,LOW,0
CFG-0004153,DEV-CARDIO-ACC-008,0,1,1,1,1,0.0,0.0,0,0,LOW,0
CFG-0004154,DEV-PHARM-VPN-004,0,1,1,1,1,0.0,0.0,1,0,LOW,0
CFG-0004155,DEV-MAIN-ACC-090,0,1,1,1,1,0.0,0.0,1,0,LOW,0
CFG-0004156,DEV-MAIN-EDG-014,0,1,1,1,1,0.0,0.0,1,0,LOW,0
CFG-0004157,DEV-ADMIN-SWI-049,0,1,1,0,1,0.0,0.5,0,1,MEDIUM,1
CFG-0004158,DEV-PHARM-COR-106,0,1,1,1,1,0.0,0.0,0,0,LOW,0
CFG-0004159,DEV-CARDIO-FIR-088,0,1,1,1,1,0.0,0.0,0,0,LOW,0
CFG-0004160,DEV-CARDIO-SWI-074,0,1,1,1,1,0.0,0.0,1,0,LOW,0
CFG-0004161,DEV-RESEARCH-SWI-100,0,1,1,1,1,0.0,0.0,1,0,LOW,0
CFG-0004162,DEV-PEDS-ACC-104,0,1,1,1,1,0.0,0.0,0,0,LOW,0
CFG-0004163,DEV-CLINIC-VPN-098,0,1,1,1,1,0.0,0.0,0,0,LOW,0
CFG-0004164,DEV-RESEARCH-FIR-078,0,1,1,1,0,0.0,0.5,0,0,LOW,0
CFG-0004165,DEV-PEDS-VPN-025,0,1,1,1,1,0.0,0.0,1,0,LOW,0
CFG-0004166,DEV-CARDIO-COR-063,0,1,1,1,1,0.0,0.0,1,0,LOW,0
CFG-0004167,DEV-RESEARCH-IOT-072,0,1,1,1,1,0.0,0.0,1,0,LOW,0
CFG-0004168,DEV-RESEARCH-SWI-079,0,1,1,1,1,0.0,0.0,1,0,LOW,0
CFG-0004169,DEV-PHARM-VPN-047,0,1,1,1,1,0.0,0.0,0,0,LOW,0
CFG-0004170,DEV-EMERGENCY-COR-022,0,1,0,1,1,0.3,0.0,0,1,HIGH,2
CFG-0004171,DEV-CARDIO-IOT-110,0,1,0,1,1,0.3,0.0,0,1,HIGH,2
CFG-0004172,DEV-EMERGENCY-SWI-099,0,1,1,1,0,0.0,0.5,0,0,LOW,0
CFG-0004173,DEV-MAIN-EDG-014,0,1,1,1,1,0.0,0.0,1,0,LOW,0
CFG-0004174,DEV-MAIN-VPN-026,0,1,1,1,1,0.0,0.0,0,0,LOW,0
CFG-0004175,DEV-CLINIC-WIR-097,0,1,1,1,1,0.0,0.0,0,0,LOW,0
CFG-0004176,DEV-ONCOLOGY-ACC-053,0,1,1,1,1,0.0,0.0,0,0,LOW,0
CFG-0004177,DEV-EMERGENCY-VPN-094,0,1,1,1,1,0.0,0.0,1,0,LOW,0
CFG-0004178,DEV-DIAG-EDG-067,0,1,1,1,1,0.0,0.0,0,0,LOW,0
CFG-0004179,DEV-PEDS-WIR-007,0,1,1,1,1,0.0,0.0,0,0,LOW,0
CFG-0004180,DEV-CLINIC-SWI-082,0,1,1,1,1,0.0,0.0,1,0,LOW,0
CFG-0004181,DEV-CLINIC-VPN-029,0,1,1,1,1,0.0,0.0,0,0,LOW,0
CFG-0004182,DEV-MAIN-FIR-091,0,1,1,1,1,0.0,0.0,0,0,LOW,0
CFG-0004183,DEV-MAIN-SWI-017,0,1,1,1,1,0.0,0.0,0,0,LOW,0
CFG-0004184,DEV-ADMIN-FIR-024,0,1,1,1,1,0.0,0.0,0,0,LOW,0
CFG-0004185,DEV-CARDIO-ACC-068,0,1,1,1,1,0.0,0.0,0,0,LOW,0
CFG-0004186,DEV-EMERGENCY-COR-065,0,1,0,1,1,0.3,0.0,1,1,LOW,0
CFG-0004187,DEV-EMERGENCY-SWI-099,0,1,1,1,1,0.0,0.0,0,0,LOW,0
CFG-0004188,DEV-PHARM-FIR-028,0,1,1,1,1,0.0,0.0,0,0,LOW,0
CFG-0004189,DEV-EMERGENCY-COR-065,0,1,1,1,1,0.0,0.0,1,0,LOW,0
CFG-0004190,DEV-ADMIN-EDG-050,0,1,1,1,1,0.0,0.0,0,0,LOW,0
CFG-0004191,DEV-CARDIO-COR-063,1,1,1,1,1,0.4,0.0,0,1,HIGH,2
CFG-0004192,DEV-ADMIN-IOT-003,0,1,1,1,1,0.0,0.0,0,0,LOW,0
CFG-0004193,DEV-CARDIO-COR-063,1,1,1,1,1,0.4,0.0,0,1,HIGH,2
CFG-0004194,DEV-CLINIC-ACC-027,0,1,1,1,1,0.0,0.0,0,0,LOW,0
CFG-0004195,DEV-ONCOLOGY-IOT-070,1,1,1,1,1,0.4,0.0,1,1,LOW,0
CFG-0004196,DEV-ADMIN-COR-105,0,1,1,1,1,0.0,0.0,1,0,LOW,0
CFG-0004197,DEV-CLINIC-ACC-109,0,1,1,1,1,0.0,0.0,0,0,LOW,0
CFG-0004198,DEV-CARDIO-COR-063,0,1,1,1,1,0.0,0.0,1,0,LOW,0
CFG-0004199,DEV-CARDIO-VPN-011,0,1,1,1,1,0.0,0.0,0,0,LOW,0
CFG-0004200,DEV-ADMIN-WIR-013,0,1,1,0,1,0.0,0.5,0,1,MEDIUM,1
CFG-0004201,DEV-PHARM-VPN-004,0,1,1,0,1,0.0,0.5,0,1,MEDIUM,1
CFG-0004202,DEV-PHARM-IOT-107,0,1,1,1,1,0.0,0.0,0,0,LOW,0
CFG-0004203,DEV-DIAG-SWI-060,0,1,1,1,1,0.0,0.0,0,0,LOW,0
CFG-0004204,DEV-DIAG-ACC-036,0,1,1,1,1,0.0,0.0,0,0,LOW,0
CFG-0004205,DEV-EMERGENCY-VPN-002,0,1,1,1,1,0.0,0.0,1,0,LOW,0
CFG-0004206,DEV-ONCOLOGY-ACC-053,0,1,1,1,1,0.0,0.0,1,0,LOW,0
CFG-0004207,DEV-ONCOLOGY-VPN-075,0,1,1,1,1,0.0,0.0,0,0,LOW,0
CFG-0004208,DEV-CARDIO-SWI-074,0,1,1,1,1,0.0,0.0,1,0,LOW,0
CFG-0004209,DEV-PHARM-FIR-010,0,1,1,1,1,0.0,0.0,0,0,LOW,0
CFG-0004210,DEV-PHARM-FIR-101,0,1,1,0,1,0.0,0.5,0,1,MEDIUM,1
CFG-0004211,DEV-ONCOLOGY-WIR-037,0,1,1,1,1,0.0,0.0,0,0,LOW,0
CFG-0004212,DEV-ONCOLOGY-SWI-039,0,1,1,1,1,0.0,0.0,1,0,LOW,0
CFG-0004213,DEV-CARDIO-IOT-110,0,1,1,1,1,0.0,0.0,1,0,LOW,0
CFG-0004214,DEV-PHARM-EDG-038,0,1,1,1,1,0.0,0.0,0,0,LOW,0
CFG-0004215,DEV-EMERGENCY-IOT-073,0,1,1,1,1,0.0,0.0,0,0,LOW,0
CFG-0004216,DEV-EMERGENCY-SWI-096,0,1,1,1,1,0.0,0.0,1,0,LOW,0
CFG-0004217,DEV-CARDIO-EDG-085,0,1,1,1,1,0.0,0.0,0,0,LOW,0
CFG-0004218,DEV-CLINIC-ACC-034,0,1,1,1,1,0.0,0.0,1,0,LOW,0
CFG-0004219,DEV-EMERGENCY-COR-065,0,1,0,1,1,0.3,0.0,0,1,HIGH,2
CFG-0004220,DEV-DIAG-EDG-067,0,1,1,1,1,0.0,0.0,1,0,LOW,0
CFG-0004221,DEV-PHARM-VPN-023,0,1,1,1,1,0.0,0.0,0,0,LOW,0
CFG-0004222,DEV-MAIN-ACC-090,0,1,1,1,1,0.0,0.0,0,0,LOW,0
CFG-0004223,DEV-DIAG-SWI-060,0,1,1,0,1,0.0,0.5,0,1,MEDIUM,1
CFG-0004224,DEV-MAIN-FIR-064,0,1,0,1,1,0.3,0.0,0,1,HIGH,2
CFG-0004225,DEV-DIAG-ACC-036,0,1,1,1,0,0.0,0.5,1,0,LOW,0
CFG-0004226,DEV-CLINIC-EDG-048,0,1,1,1,1,0.0,0.0,0,0,LOW,0
CFG-0004227,DEV-RESEARCH-SWI-001,0,1,0,1,1,0.3,0.0,0,1,HIGH,2
CFG-0004228,DEV-CARDIO-ACC-068,0,1,1,1,1,0.0,0.0,0,0,LOW,0
CFG-0004229,DEV-MAIN-ACC-090,0,1,1,1,1,0.0,0.0,0,0,LOW,0
CFG-0004230,DEV-EMERGENCY-SWI-066,0,1,1,1,1,0.0,0.0,1,0,LOW,0
CFG-0004231,DEV-MAIN-FIR-091,0,1,1,1,1,0.0,0.0,1,0,LOW,0
CFG-0004232,DEV-PHARM-FIR-028,0,1,1,1,1,0.0,0.0,0,0,LOW,0
CFG-0004233,DEV-CLINIC-ACC-027,0,1,1,1,1,0.0,0.0,1,0,LOW,0
CFG-0004234,DEV-EMERGENCY-VPN-094,0,1,1,1,1,0.0,0.0,0,0,LOW,0
CFG-0004235,DEV-ADMIN-SWI-049,0,1,1,0,1,0.0,0.5,0,1,MEDIUM,1
CFG-0004236,DEV-EMERGENCY-VPN-002,0,1,1,1,1,0.0,0.0,0,0,LOW,0
CFG-0004237,DEV-MAIN-EDG-014,0,1,1,1,1,0.0,0.0,0,0,LOW,0
CFG-0004238,DEV-DIAG-SWI-032,1,1,1,1,1,0.4,0.0,0,1,HIGH,2
CFG-0004239,DEV-DIAG-EDG-080,0,1,1,1,1,0.0,0.0,0,0,LOW,0
CFG-0004240,DEV-ADMIN-FIR-024,0,1,1,1,1,0.0,0.0,1,0,LOW,0
CFG-0004241,DEV-CARDIO-SWI-062,0,1,0,1,1,0.3,0.0,0,1,HIGH,2
CFG-0004242,DEV-CLINIC-SWI-082,1,1,1,1,1,0.4,0.0,0,1,HIGH,2
CFG-0004243,DEV-CARDIO-SWI-062,0,1,1,1,1,0.0,0.0,1,0,LOW,0
CFG-0004244,DEV-PEDS-IOT-046,0,1,1,1,1,0.0,0.0,1,0,LOW,0
CFG-0004245,DEV-MAIN-EDG-071,0,1,1,1,1,0.0,0.0,0,0,LOW,0
CFG-0004246,DEV-PEDS-COR-054,0,1,1,0,1,0.0,0.5,1,1,LOW,0
CFG-0004247,DEV-ADMIN-IOT-003,0,1,1,1,1,0.0,0.0,1,0,LOW,0
CFG-0004248,DEV-MAIN-EDG-014,0,1,1,1,1,0.0,0.0,0,0,LOW,0
CFG-0004249,DEV-EMERGENCY-COR-022,0,1,1,1,1,0.0,0.0,0,0,LOW,0
CFG-0004250,DEV-ADMIN-WIR-013,0,1,1,1,1,0.0,0.0,0,0,LOW,0
CFG-0004251,DEV-ADMIN-IOT-003,1,1,1,1,1,0.4,0.0,0,1,HIGH,2
CFG-0004252,DEV-MAIN-IOT-018,0,1,1,1,1,0.0,0.0,0,0,LOW,0
CFG-0004253,DEV-ONCOLOGY-IOT-070,0,1,1,1,1,0.0,0.0,0,0,LOW,0
CFG-0004254,DEV-ADMIN-COR-105,0,1,1,1,1,0.0,0.0,0,0,LOW,0
CFG-0004255,DEV-PHARM-IOT-107,0,1,1,1,1,0.0,0.0,1,0,LOW,0
CFG-0004256,DEV-CLINIC-SWI-082,0,1,1,1,1,0.0,0.0,0,0,LOW,0
CFG-0004257,DEV-MAIN-WIR-043,0,1,1,1,1,0.0,0.0,0,0,LOW,0
CFG-0004258,DEV-PEDS-WIR-007,0,1,1,1,1,0.0,0.0,1,0,LOW,0
CFG-0004259,DEV-ADMIN-VPN-021,0,1,1,1,1,0.0,0.0,1,0,LOW,0
CFG-0004260,DEV-MAIN-SWI-042,0,1,0,1,1,0.3,0.0,0,1,HIGH,2
CFG-0004261,DEV-EMERGENCY-IOT-015,0,1,0,1,1,0.3,0.0,0,1,HIGH,2
CFG-0004262,DEV-PEDS-WIR-095,0,1,1,1,1,0.0,0.0,0,0,LOW,0
CFG-0004263,DEV-ADMIN-FIR-024,0,1,1,1,1,0.0,0.0,0,0,LOW,0
CFG-0004264,DEV-ADMIN-SWI-049,0,1,1,1,1,0.0,0.0,1,0,LOW,0
CFG-0004265,DEV-DIAG-EDG-080,0,1,1,0,1,0.0,0.5,0,1,MEDIUM,1
CFG-0004266,DEV-ADMIN-IOT-003,0,1,1,1,1,0.0,0.0,0,0,LOW,0
CFG-0004267,DEV-RESEARCH-SWI-020,0,1,1,1,1,0.0,0.0,0,0,LOW,0
CFG-0004268,DEV-ADMIN-FIR-024,0,1,1,1,1,0.0,0.0,1,0,LOW,0
CFG-0004269,DEV-RESEARCH-FIR-078,0,1,0,1,1,0.3,0.0,0,1,HIGH,2
CFG-0004270,DEV-MAIN-SWI-017,0,1,1,1,1,0.0,0.0,1,0,LOW,0
CFG-0004271,DEV-PHARM-VPN-023,0,1,1,1,1,0.0,0.0,0,0,LOW,0
CFG-0004272,DEV-PEDS-COR-054,0,1,1,1,1,0.0,0.0,0,0,LOW,0
CFG-0004273,DEV-PEDS-WIR-007,1,1,1,1,1,0.4,0.0,0,1,HIGH,2
CFG-0004274,DEV-CARDIO-SWI-062,0,1,1,1,1,0.0,0.0,0,0,LOW,0
CFG-0004275,DEV-MAIN-SWI-044,0,1,1,1,1,0.0,0.0,0,0,LOW,0
CFG-0004276,DEV-MAIN-IOT-018,0,1,1,1,1,0.0,0.0,0,0,LOW,0
CFG-0004277,DEV-EMERGENCY-FIR-030,0,1,1,1,1,0.0,0.0,0,0,LOW,0
CFG-0004278,DEV-DIAG-COR-009,0,1,1,1,1,0.0,0.0,0,0,LOW,0
CFG-0004279,DEV-PHARM-VPN-102,1,1,1,1,1,0.4,0.0,0,1,HIGH,2
CFG-0004280,DEV-CARDIO-ACC-008,0,1,1,1,1,0.0,0.0,1,0,LOW,0
CFG-0004281,DEV-CLINIC-IOT-041,0,1,1,1,1,0.0,0.0,0,0,LOW,0
CFG-0004282,DEV-EMERGENCY-FIR-030,0,1,1,1,1,0.0,0.0,0,0,LOW,0
CFG-0004283,DEV-PHARM-FIR-028,0,1,0,1,1,0.3,0.0,0,1,HIGH,2
CFG-0004284,DEV-MAIN-IOT-005,0,1,1,1,0,0.0,0.5,0,0,LOW,0
CFG-0004285,DEV-MAIN-ACC-090,0,1,1,1,0,0.0,0.5,0,0,LOW,0
CFG-0004286,DEV-CLINIC-WIR-097,0,1,0,1,1,0.3,0.0,0,1,HIGH,2
CFG-0004287,DEV-CARDIO-ACC-008,0,1,1,1,1,0.0,0.0,0,0,LOW,0
CFG-0004288,DEV-ONCOLOGY-ACC-016,1,1,1,1,1,0.4,0.0,0,1,HIGH,2
CFG-0004289,DEV-CARDIO-VPN-011,0,1,1,1,0,0.0,0.5,0,0,LOW,0
CFG-0004290,DEV-CARDIO-ACC-008,0,1,1,1,1,0.0,0.0,0,0,LOW,0
CFG-0004291,DEV-PHARM-VPN-004,1,1,1,1,1,0.4,0.0,0,1,HIGH,2
CFG-0004292,DEV-CARDIO-COR-063,0,1,1,1,1,0.0,0.0,1,0,LOW,0
CFG-0004293,DEV-EMERGENCY-VPN-094,1,1,1,1,1,0.4,0.0,1,1,LOW,0
CFG-0004294,DEV-CLINIC-VPN-029,0,1,1,0,1,0.0,0.5,1,1,LOW,0
CFG-0004295,DEV-EMERGENCY-VPN-002,0,1,1,1,1,0.0,0.0,1,0,LOW,0
CFG-0004296,DEV-CLINIC-VPN-098,0,1,1,1,1,0.0,0.0,0,0,LOW,0
CFG-0004297,DEV-CARDIO-ACC-008,0,1,1,1,1,0.0,0.0,1,0,LOW,0
CFG-0004298,DEV-MAIN-VPN-026,0,1,0,1,1,0.3,0.0,0,1,HIGH,2
CFG-0004299,DEV-MAIN-SWI-044,0,1,1,1,1,0.0,0.0,0,0,LOW,0
CFG-0004300,DEV-ONCOLOGY-VPN-075,0,1,1,1,1,0.0,0.0,0,0,LOW,0
CFG-0004301,DEV-RESEARCH-FIR-056,0,1,1,1,1,0.0,0.0,0,0,LOW,0
CFG-0004302,DEV-PEDS-VPN-025,0,1,1,1,1,0.0,0.0,1,0,LOW,0
CFG-0004303,DEV-RESEARCH-FIR-056,0,1,1,1,1,0.0,0.0,0,0,LOW,0
CFG-0004304,DEV-ONCOLOGY-SWI-039,0,1,1,0,1,0.0,0.5,0,1,MEDIUM,1
CFG-0004305,DEV-CARDIO-VPN-011,0,1,1,1,1,0.0,0.0,0,0,LOW,0
CFG-0004306,DEV-ADMIN-IOT-003,0,1,1,1,1,0.0,0.0,0,0,LOW,0
CFG-0004307,DEV-CARDIO-FIR-089,0,1,1,1,1,0.0,0.0,0,0,LOW,0
CFG-0004308,DEV-ONCOLOGY-IOT-070,0,1,1,1,1,0.0,0.0,0,0,LOW,0
CFG-0004309,DEV-PHARM-VPN-004,1,1,1,1,1,0.4,0.0,0,1,HIGH,2
CFG-0004310,DEV-ONCOLOGY-WIR-037,0,1,1,1,1,0.0,0.0,0,0,LOW,0
CFG-0004311,DEV-PEDS-IOT-046,0,1,1,1,1,0.0,0.0,0,0,LOW,0
CFG-0004312,DEV-DIAG-WIR-084,0,1,1,1,1,0.0,0.0,1,0,LOW,0
CFG-0004313,DEV-CLINIC-VPN-051,0,1,1,1,1,0.0,0.0,0,0,LOW,0
CFG-0004314,DEV-CARDIO-FIR-088,0,1,1,1,1,0.0,0.0,0,0,LOW,0
CFG-0004315,DEV-MAIN-IOT-018,0,1,1,1,1,0.0,0.0,1,0,LOW,0
CFG-0004316,DEV-PHARM-VPN-004,0,1,1,1,1,0.0,0.0,0,0,LOW,0
CFG-0004317,DEV-PHARM-VPN-047,0,1,1,1,1,0.0,0.0,0,0,LOW,0
CFG-0004318,DEV-CARDIO-SWI-074,0,1,1,1,1,0.0,0.0,1,0,LOW,0
CFG-0004319,DEV-ONCOLOGY-IOT-070,1,1,1,1,1,0.4,0.0,1,1,LOW,0
CFG-0004320,DEV-DIAG-WIR-084,0,1,1,1,1,0.0,0.0,0,0,LOW,0
CFG-0004321,DEV-RESEARCH-EDG-055,0,1,1,1,1,0.0,0.0,0,0,LOW,0
CFG-0004322,DEV-EMERGENCY-SWI-052,1,1,1,1,1,0.4,0.0,0,1,HIGH,2
CFG-0004323,DEV-CLINIC-ACC-027,0,1,1,1,1,0.0,0.0,1,0,LOW,0
CFG-0004324,DEV-ADMIN-FIR-024,0,1,1,1,1,0.0,0.0,1,0,LOW,0
CFG-0004325,DEV-CLINIC-EDG-048,0,1,1,0,1,0.0,0.5,0,1,MEDIUM,1
CFG-0004326,DEV-EMERGENCY-SWI-066,0,1,1,1,1,0.0,0.0,1,0,LOW,0
CFG-0004327,DEV-ONCOLOGY-FIR-061,0,1,1,1,1,0.0,0.0,0,0,LOW,0
CFG-0004328,DEV-PHARM-COR-106,0,1,1,1,1,0.0,0.0,0,0,LOW,0
CFG-0004329,DEV-RESEARCH-SWI-001,0,1,1,1,1,0.0,0.0,0,0,LOW,0
CFG-0004330,DEV-CARDIO-FIR-089,0,1,1,1,1,0.0,0.0,0,0,LOW,0
CFG-0004331,DEV-PHARM-COR-106,0,1,1,1,1,0.0,0.0,0,0,LOW,0
CFG-0004332,DEV-CARDIO-FIR-088,0,1,1,1,1,0.0,0.0,0,0,LOW,0
CFG-0004333,DEV-CLINIC-ACC-033,0,1,1,1,1,0.0,0.0,0,0,LOW,0
CFG-0004334,DEV-PEDS-VPN-025,0,1,1,1,1,0.0,0.0,0,0,LOW,0
CFG-0004335,DEV-ONCOLOGY-SWI-039,0,1,1,1,1,0.0,0.0,1,0,LOW,0
CFG-0004336,DEV-RESEARCH-SWI-001,0,1,1,1,1,0.0,0.0,1,0,LOW,0
CFG-0004337,DEV-PEDS-WIR-007,0,1,1,1,1,0.0,0.0,0,0,LOW,0
CFG-0004338,DEV-PEDS-COR-019,0,1,1,1,1,0.0,0.0,0,0,LOW,0
CFG-0004339,DEV-PEDS-ACC-104,0,1,1,1,1,0.0,0.0,0,0,LOW,0
CFG-0004340,DEV-PHARM-FIR-028,0,1,1,1,1,0.0,0.0,0,0,LOW,0
CFG-0004341,DEV-MAIN-FIR-064,0,1,1,1,1,0.0,0.0,1,0,LOW,0
CFG-0004342,DEV-ADMIN-WIR-013,0,1,1,1,1,0.0,0.0,1,0,LOW,0
CFG-0004343,DEV-MAIN-FIR-091,0,1,1,1,1,0.0,0.0,1,0,LOW,0
CFG-0004344,DEV-EMERGENCY-VPN-094,1,1,1,1,1,0.4,0.0,0,1,HIGH,2
CFG-0004345,DEV-RESEARCH-EDG-057,0,1,1,1,1,0.0,0.0,1,0,LOW,0
CFG-0004346,DEV-CARDIO-ACC-008,1,1,1,1,1,0.4,0.0,1,1,LOW,0
CFG-0004347,DEV-MAIN-SWI-042,0,1,1,1,1,0.0,0.0,0,0,LOW,0
CFG-0004348,DEV-CLINIC-EDG-048,0,1,1,1,1,0.0,0.0,0,0,LOW,0
CFG-0004349,DEV-DIAG-ACC-036,0,1,1,1,1,0.0,0.0,1,0,LOW,0
CFG-0004350,DEV-RESEARCH-EDG-055,0,1,1,1,1,0.0,0.0,0,0,LOW,0
CFG-0004351,DEV-CARDIO-FIR-088,0,1,1,1,1,0.0,0.0,1,0,LOW,0
CFG-0004352,DEV-MAIN-EDG-014,0,1,1,1,1,0.0,0.0,0,0,LOW,0
CFG-0004353,DEV-PHARM-FIR-028,0,1,1,1,1,0.0,0.0,0,0,LOW,0
CFG-0004354,DEV-RESEARCH-FIR-078,0,1,1,1,1,0.0,0.0,0,0,LOW,0
CFG-0004355,DEV-PHARM-COR-106,0,1,1,1,1,0.0,0.0,0,0,LOW,0
CFG-0004356,DEV-ADMIN-EDG-050,0,1,1,1,1,0.0,0.0,0,0,LOW,0
CFG-0004357,DEV-RESEARCH-FIR-086,0,1,0,1,1,0.3,0.0,1,1,LOW,0
CFG-0004358,DEV-PEDS-VPN-025,0,1,1,1,1,0.0,0.0,1,0,LOW,0
CFG-0004359,DEV-MAIN-IOT-005,0,1,1,1,1,0.0,0.0,0,0,LOW,0
CFG-0004360,DEV-ADMIN-WIR-013,1,1,1,1,1,0.4,0.0,0,1,HIGH,2
CFG-0004361,DEV-CLINIC-FIR-087,0,1,1,0,1,0.0,0.5,0,1,MEDIUM,1
CFG-0004362,DEV-PHARM-VPN-023,0,1,1,1,1,0.0,0.0,1,0,LOW,0
CFG-0004363,DEV-CLINIC-VPN-098,0,1,0,1,1,0.3,0.0,1,1,LOW,0
CFG-0004364,DEV-RESEARCH-FIR-031,0,1,1,0,1,0.0,0.5,0,1,MEDIUM,1
CFG-0004365,DEV-CLINIC-VPN-051,0,1,1,1,1,0.0,0.0,0,0,LOW,0
CFG-0004366,DEV-ONCOLOGY-SWI-039,0,1,1,0,1,0.0,0.5,1,1,LOW,0
CFG-0004367,DEV-CLINIC-ACC-033,0,1,1,1,1,0.0,0.0,1,0,LOW,0
CFG-0004368,DEV-DIAG-ACC-036,0,1,1,0,1,0.0,0.5,0,1,MEDIUM,1
CFG-0004369,DEV-MAIN-ACC-090,0,1,1,1,1,0.0,0.0,1,0,LOW,0
CFG-0004370,DEV-MAIN-ACC-077,0,1,1,1,1,0.0,0.0,0,0,LOW,0
CFG-0004371,DEV-PHARM-FIR-010,0,1,1,1,0,0.0,0.5,1,0,LOW,0
CFG-0004372,DEV-PEDS-WIR-095,0,1,1,1,1,0.0,0.0,0,0,LOW,0
CFG-0004373,DEV-CLINIC-ACC-027,0,1,1,1,1,0.0,0.0,0,0,LOW,0
CFG-0004374,DEV-ONCOLOGY-IOT-059,0,1,1,1,1,0.0,0.0,1,0,LOW,0
CFG-0004375,DEV-ADMIN-IOT-003,0,1,1,1,1,0.0,0.0,0,0,LOW,0
CFG-0004376,DEV-DIAG-EDG-067,0,1,1,1,1,0.0,0.0,0,0,LOW,0
CFG-0004377,DEV-DIAG-ACC-036,0,1,1,1,1,0.0,0.0,0,0,LOW,0
CFG-0004378,DEV-CLINIC-IOT-041,0,1,0,1,1,0.3,0.0,0,1,HIGH,2
CFG-0004379,DEV-RESEARCH-FIR-078,0,1,1,1,1,0.0,0.0,1,0,LOW,0
CFG-0004380,DEV-CARDIO-FIR-088,0,1,1,1,1,0.0,0.0,1,0,LOW,0
CFG-0004381,DEV-MAIN-WIR-043,1,1,1,1,1,0.4,0.0,0,1,HIGH,2
CFG-0004382,DEV-ONCOLOGY-VPN-075,1,1,1,1,1,0.4,0.0,0,1,HIGH,2
CFG-0004383,DEV-DIAG-COR-009,1,1,0,1,1,0.7,0.0,1,2,LOW,0
CFG-0004384,DEV-PHARM-ACC-083,0,1,1,1,1,0.0,0.0,1,0,LOW,0
CFG-0004385,DEV-CLINIC-ACC-027,0,1,1,0,1,0.0,0.5,1,1,LOW,0
CFG-0004386,DEV-ONCOLOGY-VPN-075,0,1,1,1,1,0.0,0.0,1,0,LOW,0
CFG-0004387,DEV-RESEARCH-FIR-078,0,1,1,1,1,0.0,0.0,0,0,LOW,0
CFG-0004388,DEV-DIAG-COR-009,0,1,1,1,1,0.0,0.0,0,0,LOW,0
CFG-0004389,DEV-RESEARCH-VPN-045,0,1,1,1,1,0.0,0.0,1,0,LOW,0
CFG-0004390,DEV-CLINIC-IOT-041,0,1,1,1,0,0.0,0.5,0,0,LOW,0
CFG-0004391,DEV-CLINIC-ACC-033,0,1,1,0,1,0.0,0.5,0,1,MEDIUM,1
CFG-0004392,DEV-MAIN-IOT-018,0,1,1,1,1,0.0,0.0,0,0,LOW,0
CFG-0004393,DEV-PHARM-FIR-010,0,1,1,1,1,0.0,0.0,0,0,LOW,0
CFG-0004394,DEV-ONCOLOGY-VPN-075,1,1,1,1,1,0.4,0.0,1,1,LOW,0
CFG-0004395,DEV-MAIN-SWI-044,0,1,1,1,1,0.0,0.0,1,0,LOW,0
CFG-0004396,DEV-PHARM-VPN-004,0,1,1,1,1,0.0,0.0,0,0,LOW,0
CFG-0004397,DEV-CARDIO-FIR-088,1,1,1,1,1,0.4,0.0,0,1,HIGH,2
CFG-0004398,DEV-CARDIO-ACC-068,0,1,1,1,1,0.0,0.0,1,0,LOW,0
CFG-0004399,DEV-DIAG-SWI-060,0,1,1,1,1,0.0,0.0,0,0,LOW,0
CFG-0004400,DEV-PEDS-COR-019,0,1,1,1,1,0.0,0.0,1,0,LOW,0
CFG-0004401,DEV-CLINIC-SWI-082,0,1,1,1,1,0.0,0.0,0,0,LOW,0
CFG-0004402,DEV-DIAG-EDG-067,0,1,1,1,1,0.0,0.0,1,0,LOW,0
CFG-0004403,DEV-PHARM-EDG-038,0,1,1,1,1,0.0,0.0,0,0,LOW,0
CFG-0004404,DEV-DIAG-WIR-084,0,1,1,1,1,0.0,0.0,1,0,LOW,0
CFG-0004405,DEV-EMERGENCY-SWI-066,0,1,1,1,1,0.0,0.0,0,0,LOW,0
CFG-0004406,DEV-ONCOLOGY-FIR-061,0,1,1,1,1,0.0,0.0,1,0,LOW,0
CFG-0004407,DEV-PHARM-FIR-010,0,1,1,1,1,0.0,0.0,0,0,LOW,0
CFG-0004408,DEV-EMERGENCY-IOT-015,0,1,1,1,1,0.0,0.0,0,0,LOW,0
CFG-0004409,DEV-RESEARCH-EDG-057,1,1,1,1,1,0.4,0.0,1,1,LOW,0
CFG-0004410,DEV-RESEARCH-VPN-045,0,1,1,0,1,0.0,0.5,1,1,LOW,0
CFG-0004411,DEV-CLINIC-VPN-051,0,1,1,1,1,0.0,0.0,0,0,LOW,0
CFG-0004412,DEV-DIAG-ACC-103,1,1,1,1,0,0.4,0.5,0,1,HIGH,2
CFG-0004413,DEV-CARDIO-FIR-089,0,1,1,1,1,0.0,0.0,1,0,LOW,0
CFG-0004414,DEV-PHARM-ACC-083,0,1,0,1,1,0.3,0.0,0,1,HIGH,2
CFG-0004415,DEV-RESEARCH-SWI-001,0,1,1,1,1,0.0,0.0,0,0,LOW,0
CFG-0004416,DEV-MAIN-FIR-064,0,1,1,1,1,0.0,0.0,0,0,LOW,0
CFG-0004417,DEV-DIAG-EDG-067,0,1,1,1,1,0.0,0.0,0,0,LOW,0
CFG-0004418,DEV-DIAG-SWI-032,0,1,1,1,1,0.0,0.0,0,0,LOW,0
CFG-0004419,DEV-EMERGENCY-VPN-094,0,1,1,1,0,0.0,0.5,1,0,LOW,0
CFG-0004420,DEV-EMERGENCY-VPN-094,0,1,1,1,1,0.0,0.0,0,0,LOW,0
CFG-0004421,DEV-MAIN-FIR-091,0,1,1,1,1,0.0,0.0,1,0,LOW,0
CFG-0004422,DEV-CARDIO-ACC-068,0,1,1,1,1,0.0,0.0,0,0,LOW,0
CFG-0004423,DEV-RESEARCH-SWI-079,0,1,1,1,1,0.0,0.0,0,0,LOW,0
CFG-0004424,DEV-PEDS-WIR-040,0,1,1,1,1,0.0,0.0,1,0,LOW,0
CFG-0004425,DEV-DIAG-EDG-067,0,1,1,1,1,0.0,0.0,1,0,LOW,0
CFG-0004426,DEV-PEDS-FIR-069,0,1,1,1,1,0.0,0.0,0,0,LOW,0
CFG-0004427,DEV-RESEARCH-FIR-056,0,1,1,1,1,0.0,0.0,1,0,LOW,0
CFG-0004428,DEV-EMERGENCY-IOT-015,0,1,1,1,0,0.0,0.5,0,0,LOW,0
CFG-0004429,DEV-MAIN-EDG-012,0,1,1,1,1,0.0,0.0,0,0,LOW,0
CFG-0004430,DEV-MAIN-SWI-017,1,1,1,1,1,0.4,0.0,0,1,HIGH,2
CFG-0004431,DEV-PEDS-VPN-025,0,1,1,1,1,0.0,0.0,0,0,LOW,0
CFG-0004432,DEV-ADMIN-IOT-003,0,1,1,1,1,0.0,0.0,1,0,LOW,0
CFG-0004433,DEV-PEDS-FIR-069,0,1,1,1,1,0.0,0.0,1,0,LOW,0
CFG-0004434,DEV-EMERGENCY-SWI-096,0,1,1,1,1,0.0,0.0,0,0,LOW,0
CFG-0004435,DEV-RESEARCH-EDG-057,0,1,1,1,0,0.0,0.5,0,0,LOW,0
CFG-0004436,DEV-ONCOLOGY-IOT-059,0,1,1,1,1,0.0,0.0,0,0,LOW,0
CFG-0004437,DEV-CARDIO-FIR-089,0,1,1,1,1,0.0,0.0,0,0,LOW,0
CFG-0004438,DEV-RESEARCH-IOT-072,0,1,1,1,1,0.0,0.0,0,0,LOW,0
CFG-0004439,DEV-EMERGENCY-IOT-015,0,1,1,0,1,0.0,0.5,0,1,MEDIUM,1
CFG-0004440,DEV-CLINIC-EDG-048,0,1,1,1,1,0.0,0.0,0,0,LOW,0
CFG-0004441,DEV-RESEARCH-SWI-001,0,1,1,1,1,0.0,0.0,0,0,LOW,0
CFG-0004442,DEV-PEDS-FIR-069,0,1,1,0,1,0.0,0.5,1,1,LOW,0
CFG-0004443,DEV-CARDIO-IOT-006,0,1,1,0,1,0.0,0.5,0,1,MEDIUM,1
CFG-0004444,DEV-CARDIO-FIR-089,0,1,1,1,1,0.0,0.0,0,0,LOW,0
CFG-0004445,DEV-EMERGENCY-VPN-002,0,1,1,1,1,0.0,0.0,0,0,LOW,0
CFG-0004446,DEV-EMERGENCY-COR-065,0,1,0,1,1,0.3,0.0,1,1,LOW,0
CFG-0004447,DEV-ONCOLOGY-SWI-039,1,1,1,1,1,0.4,0.0,0,1,HIGH,2
CFG-0004448,DEV-DIAG-ACC-036,0,1,0,1,1,0.3,0.0,0,1,HIGH,2
CFG-0004449,DEV-PHARM-FIR-028,0,1,1,0,1,0.0,0.5,0,1,MEDIUM,1
CFG-0004450,DEV-ADMIN-SWI-049,1,1,1,1,1,0.4,0.0,1,1,LOW,0
CFG-0004451,DEV-RESEARCH-VPN-045,0,1,1,1,1,0.0,0.0,1,0,LOW,0
CFG-0004452,DEV-PEDS-VPN-025,0,1,1,1,1,0.0,0.0,1,0,LOW,0
CFG-0004453,DEV-CARDIO-ACC-008,0,1,1,1,1,0.0,0.0,0,0,LOW,0
CFG-0004454,DEV-ONCOLOGY-ACC-016,0,1,1,1,1,0.0,0.0,0,0,LOW,0
CFG-0004455,DEV-CLINIC-ACC-027,0,1,1,1,1,0.0,0.0,0,0,LOW,0
CFG-0004456,DEV-CARDIO-FIR-088,0,1,1,1,1,0.0,0.0,0,0,LOW,0
CFG-0004457,DEV-RESEARCH-EDG-057,0,1,1,1,1,0.0,0.0,0,0,LOW,0
CFG-0004458,DEV-CARDIO-SWI-074,0,1,1,1,1,0.0,0.0,0,0,LOW,0
CFG-0004459,DEV-PHARM-ACC-083,0,1,1,1,1,0.0,0.0,0,0,LOW,0
CFG-0004460,DEV-CLINIC-VPN-029,0,1,1,0,1,0.0,0.5,0,1,MEDIUM,1
CFG-0004461,DEV-CLINIC-ACC-027,0,1,1,1,0,0.0,0.5,0,0,LOW,0
CFG-0004462,DEV-MAIN-ACC-090,0,1,0,1,1,0.3,0.0,0,1,HIGH,2
CFG-0004463,DEV-DIAG-SWI-092,0,1,1,1,1,0.0,0.0,1,0,LOW,0
CFG-0004464,DEV-ADMIN-FIR-093,0,1,1,1,1,0.0,0.0,1,0,LOW,0
CFG-0004465,DEV-RESEARCH-IOT-072,0,1,1,1,1,0.0,0.0,1,0,LOW,0
CFG-0004466,DEV-EMERGENCY-SWI-096,0,1,1,1,1,0.0,0.0,0,0,LOW,0
CFG-0004467,DEV-MAIN-VPN-026,0,1,1,1,1,0.0,0.0,1,0,LOW,0
CFG-0004468,DEV-EMERGENCY-IOT-073,0,1,1,1,1,0.0,0.0,0,0,LOW,0
CFG-0004469,DEV-ONCOLOGY-WIR-037,0,1,1,1,1,0.0,0.0,0,0,LOW,0
CFG-0004470,DEV-RESEARCH-SWI-001,0,1,1,1,1,0.0,0.0,1,0,LOW,0
CFG-0004471,DEV-RESEARCH-SWI-100,0,1,1,1,1,0.0,0.0,0,0,LOW,0
CFG-0004472,DEV-RESEARCH-IOT-072,0,1,1,1,1,0.0,0.0,0,0,LOW,0
CFG-0004473,DEV-EMERGENCY-SWI-052,0,1,1,1,1,0.0,0.0,1,0,LOW,0
CFG-0004474,DEV-ONCOLOGY-IOT-059,0,1,1,1,1,0.0,0.0,0,0,LOW,0
CFG-0004475,DEV-PEDS-FIR-069,0,1,1,1,1,0.0,0.0,0,0,LOW,0
CFG-0004476,DEV-CLINIC-EDG-048,0,1,1,1,1,0.0,0.0,1,0,LOW,0
CFG-0004477,DEV-CLINIC-EDG-048,0,1,1,1,1,0.0,0.0,1,0,LOW,0
CFG-0004478,DEV-DIAG-COR-009,0,1,1,1,1,0.0,0.0,0,0,LOW,0
CFG-0004479,DEV-CARDIO-IOT-110,0,1,1,1,1,0.0,0.0,1,0,LOW,0
CFG-0004480,DEV-MAIN-ACC-077,1,1,1,1,1,0.4,0.0,0,1,HIGH,2
CFG-0004481,DEV-PEDS-WIR-040,0,1,1,1,1,0.0,0.0,1,0,LOW,0
CFG-0004483,DEV-EMERGENCY-SWI-096,0,1,0,1,1,0.3,0.0,0,1,HIGH,2
CFG-0004484,DEV-CARDIO-EDG-085,0,1,1,1,1,0.0,0.0,0,0,LOW,0
CFG-0004485,DEV-RESEARCH-FIR-078,0,1,0,1,1,0.3,0.0,1,1,LOW,0
CFG-0004486,DEV-ADMIN-FIR-093,0,1,1,1,1,0.0,0.0,0,0,LOW,0
CFG-0004487,DEV-ADMIN-VPN-021,1,1,1,1,1,0.4,0.0,0,1,HIGH,2
CFG-0004488,DEV-MAIN-EDG-012,0,1,1,1,1,0.0,0.0,0,0,LOW,0
CFG-0004489,DEV-EMERGENCY-SWI-096,0,1,1,1,1,0.0,0.0,0,0,LOW,0
CFG-0004490,DEV-DIAG-FIR-108,0,1,1,1,1,0.0,0.0,0,0,LOW,0
CFG-0004491,DEV-CLINIC-VPN-051,0,1,1,1,1,0.0,0.0,0,0,LOW,0
CFG-0004492,DEV-CARDIO-FIR-088,1,1,1,1,1,0.4,0.0,0,1,HIGH,2
CFG-0004493,DEV-CARDIO-SWI-062,0,1,1,1,1,0.0,0.0,0,0,LOW,0
CFG-0004494,DEV-CLINIC-WIR-097,0,1,1,1,1,0.0,0.0,0,0,LOW,0
CFG-0004495,DEV-DIAG-ACC-036,0,1,1,1,1,0.0,0.0,0,0,LOW,0
CFG-0004496,DEV-CLINIC-ACC-027,0,1,1,1,1,0.0,0.0,0,0,LOW,0
CFG-0004497,DEV-CARDIO-SWI-062,0,1,1,1,1,0.0,0.0,0,0,LOW,0
CFG-0004498,DEV-CLINIC-ACC-033,0,1,1,1,0,0.0,0.5,1,0,LOW,0
CFG-0004499,DEV-CARDIO-VPN-011,0,1,1,1,1,0.0,0.0,0,0,LOW,0
CFG-0004500,DEV-RESEARCH-VPN-045,0,1,1,1,1,0.0,0.0,0,0,LOW,0
CFG-0004501,DEV-DIAG-SWI-060,0,1,1,1,1,0.0,0.0,1,0,LOW,0
CFG-0004502,DEV-CARDIO-COR-063,0,1,1,1,0,0.0,0.5,1,0,LOW,0
CFG-0004503,DEV-DIAG-SWI-032,0,1,1,1,1,0.0,0.0,0,0,LOW,0
CFG-0004504,DEV-MAIN-ACC-090,0,1,1,1,1,0.0,0.0,1,0,LOW,0
CFG-0004505,DEV-ONCOLOGY-WIR-037,1,1,0,1,1,0.7,0.0,0,2,CRITICAL,3
CFG-0004506,DEV-PEDS-WIR-095,0,1,1,1,1,0.0,0.0,1,0,LOW,0
CFG-0004507,DEV-CLINIC-FIR-087,1,1,1,1,1,0.4,0.0,0,1,HIGH,2
CFG-0004508,DEV-ONCOLOGY-WIR-037,0,1,1,0,1,0.0,0.5,0,1,MEDIUM,1
CFG-0004509,DEV-PEDS-FIR-069,0,1,0,1,1,0.3,0.0,0,1,HIGH,2
CFG-0004510,DEV-CLINIC-FIR-087,0,1,1,1,1,0.0,0.0,1,0,LOW,0
CFG-0004511,DEV-CARDIO-COR-063,0,1,1,1,1,0.0,0.0,0,0,LOW,0
CFG-0004512,DEV-RESEARCH-SWI-079,0,1,1,1,1,0.0,0.0,0,0,LOW,0
CFG-0004513,DEV-EMERGENCY-SWI-099,0,1,1,1,1,0.0,0.0,0,0,LOW,0
CFG-0004514,DEV-ONCOLOGY-ACC-053,0,1,1,1,1,0.0,0.0,0,0,LOW,0
CFG-0004515,DEV-CARDIO-SWI-062,1,1,1,1,1,0.4,0.0,0,1,HIGH,2
CFG-0004516,DEV-MAIN-WIR-043,0,1,1,1,1,0.0,0.0,0,0,LOW,0
CFG-0004517,DEV-PHARM-FIR-028,0,1,1,1,1,0.0,0.0,0,0,LOW,0
CFG-0004518,DEV-CLINIC-ACC-027,0,1,1,1,1,0.0,0.0,0,0,LOW,0
CFG-0004519,DEV-MAIN-EDG-014,0,1,1,0,1,0.0,0.5,0,1,MEDIUM,1
CFG-0004520,DEV-ADMIN-EDG-050,0,1,1,0,1,0.0,0.5,0,1,MEDIUM,1
CFG-0004521,DEV-RESEARCH-FIR-078,0,1,1,1,1,0.0,0.0,0,0,LOW,0
CFG-0004522,DEV-CARDIO-IOT-006,0,1,1,1,1,0.0,0.0,1,0,LOW,0
CFG-0004523,DEV-DIAG-WIR-084,0,1,1,1,1,0.0,0.0,0,0,LOW,0
CFG-0004524,DEV-PHARM-IOT-107,0,1,1,0,1,0.0,0.5,0,1,MEDIUM,1
CFG-0004525,DEV-CLINIC-ACC-034,0,1,1,1,1,0.0,0.0,0,0,LOW,0
CFG-0004526,DEV-DIAG-COR-009,0,1,1,0,1,0.0,0.5,0,1,MEDIUM,1
CFG-0004527,DEV-DIAG-ACC-036,0,1,1,1,1,0.0,0.0,0,0,LOW,0
CFG-0004528,DEV-EMERGENCY-SWI-052,0,1,1,1,1,0.0,0.0,0,0,LOW,0
CFG-0004529,DEV-MAIN-SWI-017,0,1,1,1,1,0.0,0.0,0,0,LOW,0
CFG-0004530,DEV-RESEARCH-FIR-086,0,1,1,1,1,0.0,0.0,0,0,LOW,0
CFG-0004531,DEV-DIAG-WIR-084,0,1,1,1,1,0.0,0.0,0,0,LOW,0
CFG-0004532,DEV-CARDIO-ACC-068,0,1,1,1,1,0.0,0.0,0,0,LOW,0
CFG-0004533,DEV-MAIN-WIR-043,0,1,1,1,1,0.0,0.0,0,0,LOW,0
CFG-0004534,DEV-RESEARCH-FIR-078,0,1,1,1,1,0.0,0.0,0,0,LOW,0
CFG-0004535,DEV-EMERGENCY-FIR-030,0,1,1,1,1,0.0,0.0,0,0,LOW,0
CFG-0004536,DEV-ONCOLOGY-VPN-075,0,1,1,1,1,0.0,0.0,0,0,LOW,0
CFG-0004537,DEV-ADMIN-IOT-003,0,1,1,1,1,0.0,0.0,0,0,LOW,0
CFG-0004538,DEV-CARDIO-FIR-089,0,1,1,1,1,0.0,0.0,0,0,LOW,0
CFG-0004539,DEV-RESEARCH-FIR-086,0,1,1,1,1,0.0,0.0,0,0,LOW,0
CFG-0004540,DEV-CLINIC-ACC-109,0,1,1,1,1,0.0,0.0,0,0,LOW,0
CFG-0004541,DEV-EMERGENCY-FIR-030,0,1,1,1,1,0.0,0.0,1,0,LOW,0
CFG-0004542,DEV-ONCOLOGY-FIR-061,0,1,1,1,1,0.0,0.0,1,0,LOW,0
CFG-0004543,DEV-DIAG-COR-009,0,1,1,1,1,0.0,0.0,0,0,LOW,0
CFG-0004544,DEV-ONCOLOGY-FIR-061,0,1,1,1,1,0.0,0.0,0,0,LOW,0
CFG-0004546,DEV-PEDS-IOT-035,0,1,1,1,1,0.0,0.0,0,0,LOW,0
CFG-0004547,DEV-MAIN-FIR-091,0,1,1,1,1,0.0,0.0,0,0,LOW,0
CFG-0004548,DEV-EMERGENCY-FIR-058,0,1,1,1,1,0.0,0.0,0,0,LOW,0
CFG-0004549,DEV-DIAG-EDG-067,0,1,1,1,1,0.0,0.0,0,0,LOW,0
CFG-0004550,DEV-ONCOLOGY-ACC-053,0,1,1,1,1,0.0,0.0,0,0,LOW,0
CFG-0004551,DEV-ONCOLOGY-IOT-070,0,1,1,1,1,0.0,0.0,0,0,LOW,0
CFG-0004552,DEV-DIAG-EDG-067,0,1,1,1,1,0.0,0.0,1,0,LOW,0
CFG-0004553,DEV-CLINIC-ACC-033,0,1,1,1,1,0.0,0.0,0,0,LOW,0
CFG-0004554,DEV-EMERGENCY-COR-022,0,1,1,1,1,0.0,0.0,0,0,LOW,0
CFG-0004555,DEV-PHARM-COR-106,0,1,1,1,1,0.0,0.0,0,0,LOW,0
CFG-0004556,DEV-PHARM-FIR-028,0,1,1,1,1,0.0,0.0,0,0,LOW,0
CFG-0004557,DEV-PHARM-FIR-101,0,1,1,1,1,0.0,0.0,0,0,LOW,0
CFG-0004558,DEV-MAIN-FIR-091,1,1,1,1,1,0.4,0.0,0,1,HIGH,2
CFG-0004559,DEV-EMERGENCY-IOT-073,0,1,1,0,1,0.0,0.5,0,1,MEDIUM,1
CFG-0004560,DEV-MAIN-EDG-012,0,1,1,1,1,0.0,0.0,0,0,LOW,0
CFG-0004561,DEV-RESEARCH-VPN-045,0,1,1,1,1,0.0,0.0,0,0,LOW,0
CFG-0004562,DEV-CLINIC-FIR-087,0,1,1,1,1,0.0,0.0,0,0,LOW,0
CFG-0004563,DEV-PEDS-VPN-025,1,1,1,1,1,0.4,0.0,1,1,LOW,0
CFG-0004564,DEV-ADMIN-EDG-050,0,1,1,1,1,0.0,0.0,0,0,LOW,0
CFG-0004565,DEV-RESEARCH-FIR-056,0,1,1,1,1,0.0,0.0,0,0,LOW,0
CFG-0004566,DEV-MAIN-FIR-064,0,1,1,1,1,0.0,0.0,1,0,LOW,0
CFG-0004567,DEV-EMERGENCY-FIR-058,0,1,1,1,1,0.0,0.0,0,0,LOW,0
CFG-0004568,DEV-MAIN-SWI-017,0,1,1,1,1,0.0,0.0,1,0,LOW,0
CFG-0004569,DEV-RESEARCH-IOT-072,0,1,1,1,0,0.0,0.5,0,0,LOW,0
CFG-0004570,DEV-RESEARCH-FIR-056,0,1,1,1,1,0.0,0.0,0,0,LOW,0
CFG-0004571,DEV-RESEARCH-FIR-078,0,1,1,1,1,0.0,0.0,0,0,LOW,0
CFG-0004572,DEV-DIAG-EDG-080,0,1,1,1,1,0.0,0.0,0,0,LOW,0
CFG-0004573,DEV-CLINIC-ACC-034,0,1,0,1,1,0.3,0.0,1,1,LOW,0
CFG-0004574,DEV-ADMIN-SWI-049,0,1,1,1,1,0.0,0.0,0,0,LOW,0
CFG-0004575,DEV-CLINIC-IOT-041,0,1,1,1,1,0.0,0.0,0,0,LOW,0
CFG-0004576,DEV-RESEARCH-EDG-057,0,1,1,1,1,0.0,0.0,1,0,LOW,0
CFG-0004577,DEV-ADMIN-VPN-021,0,1,1,0,1,0.0,0.5,0,1,MEDIUM,1
CFG-0004578,DEV-EMERGENCY-FIR-058,0,1,0,1,1,0.3,0.0,0,1,HIGH,2
CFG-0004579,DEV-ONCOLOGY-FIR-061,0,1,1,0,1,0.0,0.5,1,1,LOW,0
CFG-0004580,DEV-CLINIC-WIR-097,1,1,1,1,1,0.4,0.0,0,1,HIGH,2
CFG-0004581,DEV-EMERGENCY-IOT-015,0,1,1,1,1,0.0,0.0,0,0,LOW,0
CFG-0004582,DEV-CLINIC-ACC-034,0,1,1,1,1,0.0,0.0,1,0,LOW,0
CFG-0004583,DEV-CARDIO-FIR-088,0,1,1,1,1,0.0,0.0,0,0,LOW,0
CFG-0004584,DEV-DIAG-SWI-092,0,1,1,1,1,0.0,0.0,0,0,LOW,0
CFG-0004585,DEV-MAIN-IOT-005,0,1,1,0,1,0.0,0.5,0,1,MEDIUM,1
CFG-0004586,DEV-EMERGENCY-COR-065,0,1,1,1,1,0.0,0.0,0,0,LOW,0
CFG-0004587,DEV-CARDIO-ACC-008,0,1,1,1,1,0.0,0.0,1,0,LOW,0
CFG-0004588,DEV-CARDIO-FIR-089,0,1,1,1,1,0.0,0.0,0,0,LOW,0
CFG-0004589,DEV-PHARM-VPN-102,0,1,1,1,1,0.0,0.0,0,0,LOW,0
CFG-0004590,DEV-MAIN-WIR-043,0,1,0,1,1,0.3,0.0,1,1,LOW,0
CFG-0004591,DEV-PHARM-VPN-004,0,1,1,1,1,0.0,0.0,0,0,LOW,0
CFG-0004592,DEV-DIAG-SWI-060,0,1,1,0,1,0.0,0.5,0,1,MEDIUM,1
CFG-0004593,DEV-EMERGENCY-COR-022,0,1,1,1,1,0.0,0.0,0,0,LOW,0
CFG-0004594,DEV-CLINIC-WIR-097,0,1,1,1,1,0.0,0.0,0,0,LOW,0
CFG-0004595,DEV-EMERGENCY-SWI-099,0,1,1,1,1,0.0,0.0,0,0,LOW,0
CFG-0004596,DEV-EMERGENCY-COR-022,1,1,1,1,1,0.4,0.0,0,1,HIGH,2
CFG-0004597,DEV-RESEARCH-SWI-001,0,1,1,1,1,0.0,0.0,1,0,LOW,0
CFG-0004598,DEV-CARDIO-FIR-089,0,1,1,1,1,0.0,0.0,1,0,LOW,0
CFG-0004599,DEV-MAIN-EDG-012,0,1,1,1,1,0.0,0.0,0,0,LOW,0
CFG-0004600,DEV-CARDIO-IOT-110,0,1,1,1,1,0.0,0.0,0,0,LOW,0
CFG-0004601,DEV-CARDIO-SWI-062,0,1,1,1,1,0.0,0.0,0,0,LOW,0
CFG-0004602,DEV-PHARM-IOT-107,0,1,1,1,1,0.0,0.0,0,0,LOW,0
CFG-0004603,DEV-CARDIO-VPN-011,0,1,1,1,1,0.0,0.0,0,0,LOW,0
CFG-0004604,DEV-ADMIN-COR-105,0,1,1,1,1,0.0,0.0,0,0,LOW,0
CFG-0004605,DEV-RESEARCH-VPN-045,0,1,1,1,1,0.0,0.0,0,0,LOW,0
CFG-0004606,DEV-CARDIO-ACC-008,1,1,1,1,1,0.4,0.0,0,1,HIGH,2
CFG-0004607,DEV-MAIN-SWI-017,0,1,0,1,1,0.3,0.0,0,1,HIGH,2
CFG-0004608,DEV-EMERGENCY-VPN-094,1,1,0,1,1,0.7,0.0,1,2,LOW,0
CFG-0004609,DEV-ADMIN-IOT-003,1,1,1,1,1,0.4,0.0,1,1,LOW,0
CFG-0004610,DEV-EMERGENCY-COR-065,0,1,1,1,1,0.0,0.0,0,0,LOW,0
CFG-0004611,DEV-EMERGENCY-COR-022,0,1,1,1,1,0.0,0.0,0,0,LOW,0
CFG-0004612,DEV-CARDIO-SWI-074,0,1,1,1,1,0.0,0.0,0,0,LOW,0
CFG-0004613,DEV-MAIN-EDG-071,1,1,1,1,1,0.4,0.0,1,1,LOW,0
CFG-0004614,DEV-MAIN-VPN-026,0,1,1,1,0,0.0,0.5,0,0,LOW,0
CFG-0004615,DEV-PEDS-IOT-046,0,1,1,1,1,0.0,0.0,0,0,LOW,0
CFG-0004616,DEV-RESEARCH-IOT-072,0,1,1,1,1,0.0,0.0,0,0,LOW,0
CFG-0004617,DEV-ADMIN-FIR-093,0,1,1,1,1,0.0,0.0,0,0,LOW,0
CFG-0004618,DEV-CARDIO-IOT-110,0,1,1,1,1,0.0,0.0,0,0,LOW,0
CFG-0004619,DEV-EMERGENCY-SWI-099,0,1,1,1,1,0.0,0.0,0,0,LOW,0
CFG-0004620,DEV-RESEARCH-SWI-079,0,1,1,1,1,0.0,0.0,0,0,LOW,0
CFG-0004621,DEV-MAIN-EDG-014,0,1,1,1,1,0.0,0.0,0,0,LOW,0
CFG-0004622,DEV-EMERGENCY-SWI-096,0,1,1,1,1,0.0,0.0,1,0,LOW,0
CFG-0004623,DEV-PHARM-ACC-083,1,1,1,1,1,0.4,0.0,1,1,LOW,0
CFG-0004624,DEV-PEDS-VPN-025,0,1,1,1,1,0.0,0.0,1,0,LOW,0
CFG-0004625,DEV-RESEARCH-VPN-045,0,1,1,1,1,0.0,0.0,0,0,LOW,0
CFG-0004626,DEV-ADMIN-COR-105,1,1,1,1,1,0.4,0.0,0,1,HIGH,2
CFG-0004627,DEV-ADMIN-COR-105,0,1,1,1,1,0.0,0.0,0,0,LOW,0
CFG-0004628,DEV-CLINIC-ACC-033,0,1,1,1,1,0.0,0.0,1,0,LOW,0
CFG-0004629,DEV-CARDIO-FIR-088,0,1,1,1,1,0.0,0.0,1,0,LOW,0
CFG-0004630,DEV-PHARM-EDG-038,0,1,1,1,1,0.0,0.0,0,0,LOW,0
CFG-0004631,DEV-EMERGENCY-VPN-002,0,1,1,1,1,0.0,0.0,0,0,LOW,0
CFG-0004632,DEV-PHARM-VPN-023,0,1,1,1,1,0.0,0.0,1,0,LOW,0
CFG-0004633,DEV-EMERGENCY-COR-022,0,1,0,1,1,0.3,0.0,0,1,HIGH,2
CFG-0004634,DEV-CARDIO-IOT-110,0,1,1,1,1,0.0,0.0,0,0,LOW,0
CFG-0004635,DEV-RESEARCH-EDG-057,0,1,1,1,1,0.0,0.0,0,0,LOW,0
CFG-0004636,DEV-RESEARCH-EDG-057,0,1,1,1,1,0.0,0.0,0,0,LOW,0
CFG-0004637,DEV-ONCOLOGY-VPN-075,0,1,1,1,1,0.0,0.0,0,0,LOW,0
CFG-0004638,DEV-ONCOLOGY-VPN-075,0,1,1,1,1,0.0,0.0,0,0,LOW,0
CFG-0004639,DEV-ADMIN-FIR-093,1,1,1,1,1,0.4,0.0,0,1,HIGH,2
CFG-0004640,DEV-CLINIC-VPN-098,0,1,1,1,1,0.0,0.0,1,0,LOW,0
CFG-0004641,DEV-ONCOLOGY-ACC-053,0,1,1,1,1,0.0,0.0,0,0,LOW,0
CFG-0004642,DEV-CLINIC-ACC-109,0,1,1,1,1,0.0,0.0,0,0,LOW,0
CFG-0004643,DEV-PHARM-FIR-101,0,1,1,1,1,0.0,0.0,0,0,LOW,0
CFG-0004644,DEV-PEDS-WIR-040,0,1,1,1,1,0.0,0.0,0,0,LOW,0
CFG-0004645,DEV-DIAG-ACC-036,0,1,1,0,1,0.0,0.5,1,1,LOW,0
CFG-0004646,DEV-MAIN-ACC-077,1,1,1,1,1,0.4,0.0,0,1,HIGH,2
CFG-0004647,DEV-RESEARCH-FIR-086,0,1,1,1,1,0.0,0.0,0,0,LOW,0
CFG-0004648,DEV-PEDS-IOT-046,0,1,1,1,1,0.0,0.0,1,0,LOW,0
CFG-0004649,DEV-RESEARCH-IOT-072,0,1,1,0,1,0.0,0.5,1,1,LOW,0
CFG-0004650,DEV-PHARM-FIR-101,1,1,1,1,1,0.4,0.0,0,1,HIGH,2
CFG-0004651,DEV-CARDIO-IOT-110,0,1,1,1,1,0.0,0.0,0,0,LOW,0
CFG-0004652,DEV-EMERGENCY-IOT-073,0,1,1,1,1,0.0,0.0,0,0,LOW,0
CFG-0004653,DEV-EMERGENCY-SWI-096,0,1,0,1,1,0.3,0.0,1,1,LOW,0
CFG-0004654,DEV-CARDIO-ACC-068,0,1,1,1,1,0.0,0.0,1,0,LOW,0
CFG-0004655,DEV-PHARM-ACC-083,0,1,1,1,1,0.0,0.0,1,0,LOW,0
CFG-0004656,DEV-RESEARCH-IOT-072,0,1,1,1,1,0.0,0.0,0,0,LOW,0
CFG-0004657,DEV-ADMIN-EDG-050,0,1,1,1,0,0.0,0.5,0,0,LOW,0
CFG-0004658,DEV-PHARM-ACC-083,0,1,1,1,1,0.0,0.0,0,0,LOW,0
CFG-0004659,DEV-EMERGENCY-FIR-030,0,1,0,1,1,0.3,0.0,1,1,LOW,0
CFG-0004660,DEV-ADMIN-COR-105,0,1,1,1,1,0.0,0.0,0,0,LOW,0
CFG-0004661,DEV-RESEARCH-SWI-001,0,1,1,1,1,0.0,0.0,1,0,LOW,0
CFG-0004662,DEV-MAIN-FIR-064,0,1,1,1,1,0.0,0.0,0,0,LOW,0
CFG-0004663,DEV-EMERGENCY-COR-065,0,1,1,1,0,0.0,0.5,0,0,LOW,0
CFG-0004664,DEV-CLINIC-IOT-041,0,1,1,1,0,0.0,0.5,1,0,LOW,0
CFG-0004665,DEV-PEDS-WIR-040,0,1,1,0,1,0.0,0.5,0,1,MEDIUM,1
CFG-0004666,DEV-MAIN-ACC-090,0,1,1,1,1,0.0,0.0,0,0,LOW,0
CFG-0004667,DEV-CLINIC-FIR-087,0,1,1,1,1,0.0,0.0,1,0,LOW,0
CFG-0004668,DEV-EMERGENCY-SWI-099,0,1,1,1,1,0.0,0.0,0,0,LOW,0
CFG-0004669,DEV-EMERGENCY-VPN-002,0,1,1,1,1,0.0,0.0,0,0,LOW,0
CFG-0004670,DEV-DIAG-SWI-060,0,1,1,1,1,0.0,0.0,1,0,LOW,0
CFG-0004671,DEV-PEDS-IOT-035,0,1,1,1,1,0.0,0.0,1,0,LOW,0
CFG-0004672,DEV-MAIN-ACC-090,0,1,1,1,1,0.0,0.0,0,0,LOW,0
CFG-0004673,DEV-MAIN-ACC-077,0,1,1,1,1,0.0,0.0,0,0,LOW,0
CFG-0004674,DEV-CARDIO-EDG-085,0,1,1,1,1,0.0,0.0,0,0,LOW,0
CFG-0004675,DEV-CLINIC-SWI-082,0,1,1,1,1,0.0,0.0,0,0,LOW,0
CFG-0004676,DEV-RESEARCH-SWI-079,0,1,1,1,1,0.0,0.0,0,0,LOW,0
CFG-0004677,DEV-CARDIO-IOT-006,0,1,1,1,1,0.0,0.0,1,0,LOW,0
CFG-0004678,DEV-EMERGENCY-SWI-081,0,1,1,1,1,0.0,0.0,0,0,LOW,0
CFG-0004679,DEV-CARDIO-EDG-085,0,1,0,1,1,0.3,0.0,0,1,HIGH,2
CFG-0004680,DEV-PEDS-IOT-035,0,1,1,1,1,0.0,0.0,1,0,LOW,0
CFG-0004681,DEV-MAIN-SWI-017,1,1,1,1,1,0.4,0.0,0,1,HIGH,2
CFG-0004682,DEV-DIAG-ACC-103,0,1,1,1,1,0.0,0.0,1,0,LOW,0
CFG-0004683,DEV-DIAG-ACC-036,0,1,1,1,1,0.0,0.0,0,0,LOW,0
CFG-0004684,DEV-PHARM-ACC-083,0,1,1,1,1,0.0,0.0,0,0,LOW,0
CFG-0004685,DEV-MAIN-EDG-012,0,1,1,1,1,0.0,0.0,0,0,LOW,0
CFG-0004686,DEV-RESEARCH-SWI-100,0,1,1,1,1,0.0,0.0,0,0,LOW,0
CFG-0004687,DEV-ONCOLOGY-ACC-016,0,1,1,1,1,0.0,0.0,0,0,LOW,0
CFG-0004688,DEV-DIAG-WIR-084,1,1,1,0,1,0.4,0.5,1,2,LOW,0
CFG-0004689,DEV-PHARM-COR-106,0,1,0,1,1,0.3,0.0,0,1,HIGH,2
CFG-0004690,DEV-EMERGENCY-SWI-081,0,1,0,1,1,0.3,0.0,0,1,HIGH,2
CFG-0004691,DEV-CARDIO-VPN-011,0,1,1,1,1,0.0,0.0,0,0,LOW,0
CFG-0004692,DEV-ADMIN-IOT-003,0,1,1,1,1,0.0,0.0,1,0,LOW,0
CFG-0004693,DEV-DIAG-FIR-108,0,1,1,1,1,0.0,0.0,0,0,LOW,0
CFG-0004694,DEV-ADMIN-FIR-093,0,1,1,0,1,0.0,0.5,0,1,MEDIUM,1
CFG-0004695,DEV-MAIN-EDG-014,0,1,1,1,1,0.0,0.0,0,0,LOW,0
CFG-0004696,DEV-ADMIN-EDG-050,0,1,1,1,1,0.0,0.0,0,0,LOW,0
CFG-0004697,DEV-CARDIO-IOT-110,0,1,0,1,1,0.3,0.0,0,1,HIGH,2
CFG-0004698,DEV-CARDIO-SWI-062,0,1,1,1,1,0.0,0.0,0,0,LOW,0
CFG-0004699,DEV-PHARM-VPN-023,0,1,1,1,1,0.0,0.0,0,0,LOW,0
CFG-0004700,DEV-ONCOLOGY-FIR-061,0,1,1,1,1,0.0,0.0,0,0,LOW,0
CFG-0004701,DEV-CLINIC-VPN-051,0,1,1,1,1,0.0,0.0,0,0,LOW,0
CFG-0004703,DEV-CLINIC-ACC-034,0,1,1,1,1,0.0,0.0,0,0,LOW,0
CFG-0004704,DEV-EMERGENCY-IOT-015,0,1,1,1,1,0.0,0.0,1,0,LOW,0
CFG-0004705,DEV-RESEARCH-SWI-001,0,1,1,1,1,0.0,0.0,1,0,LOW,0
CFG-0004706,DEV-MAIN-VPN-026,0,1,1,1,1,0.0,0.0,1,0,LOW,0
CFG-0004707,DEV-ADMIN-COR-105,0,1,1,1,1,0.0,0.0,0,0,LOW,0
CFG-0004708,DEV-ADMIN-IOT-003,0,1,0,1,1,0.3,0.0,0,1,HIGH,2
CFG-0004709,DEV-MAIN-FIR-064,0,1,1,1,0,0.0,0.5,0,0,LOW,0
CFG-0004710,DEV-MAIN-WIR-043,0,1,1,1,1,0.0,0.0,0,0,LOW,0
CFG-0004711,DEV-MAIN-ACC-077,0,1,1,1,1,0.0,0.0,0,0,LOW,0
CFG-0004712,DEV-RESEARCH-SWI-020,0,1,1,1,1,0.0,0.0,0,0,LOW,0
CFG-0004713,DEV-CARDIO-EDG-085,0,1,1,1,1,0.0,0.0,0,0,LOW,0
CFG-0004714,DEV-EMERGENCY-FIR-030,0,1,1,1,1,0.0,0.0,0,0,LOW,0
CFG-0004715,DEV-EMERGENCY-VPN-002,0,1,1,1,1,0.0,0.0,0,0,LOW,0
CFG-0004716,DEV-CLINIC-ACC-034,0,1,1,1,1,0.0,0.0,0,0,LOW,0
CFG-0004717,DEV-CLINIC-SWI-082,0,1,1,1,0,0.0,0.5,0,0,LOW,0
CFG-0004718,DEV-RESEARCH-FIR-031,0,1,1,1,1,0.0,0.0,0,0,LOW,0
CFG-0004719,DEV-PEDS-WIR-095,0,1,1,1,0,0.0,0.5,1,0,LOW,0
CFG-0004720,DEV-EMERGENCY-FIR-030,0,1,1,1,0,0.0,0.5,0,0,LOW,0
CFG-0004721,DEV-MAIN-EDG-014,0,1,1,1,0,0.0,0.5,0,0,LOW,0
CFG-0004722,DEV-PHARM-VPN-004,0,1,1,1,1,0.0,0.0,0,0,LOW,0
CFG-0004723,DEV-DIAG-COR-009,0,1,1,1,1,0.0,0.0,0,0,LOW,0
CFG-0004724,DEV-DIAG-WIR-084,1,1,1,1,1,0.4,0.0,0,1,HIGH,2
CFG-0004725,DEV-ONCOLOGY-IOT-059,0,1,1,1,1,0.0,0.0,0,0,LOW,0
CFG-0004726,DEV-CARDIO-IOT-006,0,1,1,1,1,0.0,0.0,1,0,LOW,0
CFG-0004727,DEV-EMERGENCY-SWI-066,0,1,0,1,1,0.3,0.0,1,1,LOW,0
CFG-0004728,DEV-ADMIN-FIR-093,0,1,1,1,1,0.0,0.0,0,0,LOW,0
CFG-0004729,DEV-MAIN-IOT-018,0,1,1,1,1,0.0,0.0,1,0,LOW,0
CFG-0004730,DEV-DIAG-EDG-067,0,1,1,1,1,0.0,0.0,0,0,LOW,0
CFG-0004731,DEV-ADMIN-FIR-093,0,1,1,1,1,0.0,0.0,0,0,LOW,0
CFG-0004732,DEV-RESEARCH-SWI-001,0,1,1,0,1,0.0,0.5,0,1,MEDIUM,1
CFG-0004733,DEV-PHARM-COR-106,1,1,1,1,1,0.4,0.0,1,1,LOW,0
CFG-0004734,DEV-CLINIC-SWI-082,0,1,1,1,1,0.0,0.0,0,0,LOW,0
CFG-0004735,DEV-RESEARCH-SWI-079,0,1,1,1,1,0.0,0.0,0,0,LOW,0
CFG-0004736,DEV-MAIN-SWI-017,0,1,1,1,1,0.0,0.0,1,0,LOW,0
CFG-0004737,DEV-RESEARCH-VPN-045,0,1,1,1,0,0.0,0.5,0,0,LOW,0
CFG-0004738,DEV-EMERGENCY-VPN-002,0,1,1,1,0,0.0,0.5,0,0,LOW,0
CFG-0004739,DEV-CLINIC-ACC-027,0,1,1,1,1,0.0,0.0,1,0,LOW,0
CFG-0004740,DEV-EMERGENCY-SWI-066,0,1,1,1,0,0.0,0.5,1,0,LOW,0
CFG-0004741,DEV-RESEARCH-EDG-055,0,1,1,1,1,0.0,0.0,0,0,LOW,0
CFG-0004742,DEV-RESEARCH-SWI-001,0,1,1,1,1,0.0,0.0,0,0,LOW,0
CFG-0004743,DEV-EMERGENCY-SWI-052,0,1,0,1,1,0.3,0.0,0,1,HIGH,2
CFG-0004744,DEV-ADMIN-IOT-003,0,1,1,1,1,0.0,0.0,1,0,LOW,0
CFG-0004745,DEV-ADMIN-EDG-050,0,1,1,1,1,0.0,0.0,0,0,LOW,0
CFG-0004746,DEV-EMERGENCY-FIR-030,0,1,1,1,1,0.0,0.0,0,0,LOW,0
CFG-0004747,DEV-PHARM-VPN-023,1,1,1,1,1,0.4,0.0,1,1,LOW,0
CFG-0004749,DEV-CARDIO-FIR-089,0,1,1,1,1,0.0,0.0,0,0,LOW,0
CFG-0004750,DEV-ADMIN-IOT-003,0,1,1,1,1,0.0,0.0,1,0,LOW,0
CFG-0004751,DEV-CLINIC-ACC-027,0,1,1,1,1,0.0,0.0,0,0,LOW,0
CFG-0004752,DEV-ADMIN-IOT-003,0,1,1,1,1,0.0,0.0,1,0,LOW,0
CFG-0004753,DEV-MAIN-FIR-064,1,1,1,1,1,0.4,0.0,1,1,LOW,0
CFG-0004754,DEV-PEDS-ACC-104,0,1,1,1,1,0.0,0.0,0,0,LOW,0
CFG-0004755,DEV-RESEARCH-FIR-056,0,1,1,1,1,0.0,0.0,0,0,LOW,0
CFG-0004756,DEV-PEDS-COR-019,0,1,1,1,1,0.0,0.0,0,0,LOW,0
CFG-0004757,DEV-PHARM-VPN-023,1,1,1,1,1,0.4,0.0,0,1,HIGH,2
CFG-0004758,DEV-PHARM-VPN-004,0,1,1,1,1,0.0,0.0,0,0,LOW,0
CFG-0004759,DEV-CLINIC-SWI-082,0,1,1,1,1,0.0,0.0,0,0,LOW,0
CFG-0004760,DEV-PHARM-IOT-107,0,1,1,1,1,0.0,0.0,1,0,LOW,0
CFG-0004761,DEV-MAIN-EDG-012,0,1,1,1,1,0.0,0.0,0,0,LOW,0
CFG-0004762,DEV-ONCOLOGY-FIR-061,0,1,1,1,1,0.0,0.0,0,0,LOW,0
CFG-0004763,DEV-CARDIO-FIR-088,0,1,1,1,1,0.0,0.0,0,0,LOW,0
CFG-0004764,DEV-DIAG-ACC-036,0,1,1,1,1,0.0,0.0,0,0,LOW,0
CFG-0004765,DEV-CARDIO-FIR-088,0,1,1,1,1,0.0,0.0,0,0,LOW,0
CFG-0004766,DEV-EMERGENCY-SWI-096,0,1,1,0,1,0.0,0.5,0,1,MEDIUM,1
CFG-0004767,DEV-RESEARCH-EDG-055,0,1,1,1,1,0.0,0.0,1,0,LOW,0
CFG-0004768,DEV-MAIN-SWI-042,0,1,1,1,1,0.0,0.0,0,0,LOW,0
CFG-0004769,DEV-RESEARCH-EDG-057,1,1,1,1,1,0.4,0.0,0,1,HIGH,2
CFG-0004770,DEV-EMERGENCY-VPN-002,0,1,1,1,0,0.0,0.5,0,0,LOW,0
CFG-0004771,DEV-RESEARCH-FIR-078,0,1,1,1,1,0.0,0.0,0,0,LOW,0
CFG-0004772,DEV-ONCOLOGY-VPN-075,0,1,1,1,1,0.0,0.0,0,0,LOW,0
CFG-0004773,DEV-DIAG-SWI-060,0,1,1,1,1,0.0,0.0,0,0,LOW,0
CFG-0004774,DEV-ADMIN-EDG-050,0,1,1,1,1,0.0,0.0,0,0,LOW,0
CFG-0004775,DEV-PHARM-ACC-083,0,1,1,1,1,0.0,0.0,0,0,LOW,0
CFG-0004776,DEV-MAIN-SWI-017,0,1,1,1,1,0.0,0.0,0,0,LOW,0
CFG-0004777,DEV-PEDS-WIR-007,0,1,1,1,1,0.0,0.0,0,0,LOW,0
CFG-0004778,DEV-EMERGENCY-FIR-058,1,1,1,1,1,0.4,0.0,0,1,HIGH,2
CFG-0004779,DEV-PHARM-VPN-047,0,1,1,1,1,0.0,0.0,0,0,LOW,0
CFG-0004780,DEV-MAIN-IOT-005,0,1,1,1,1,0.0,0.0,0,0,LOW,0
CFG-0004781,DEV-EMERGENCY-FIR-058,0,1,1,1,1,0.0,0.0,0,0,LOW,0
CFG-0004782,DEV-PHARM-FIR-028,0,1,1,1,1,0.0,0.0,0,0,LOW,0
CFG-0004783,DEV-PHARM-VPN-102,0,1,1,1,1,0.0,0.0,0,0,LOW,0
CFG-0004784,DEV-ONCOLOGY-WIR-037,0,1,1,0,1,0.0,0.5,0,1,MEDIUM,1
CFG-0004785,DEV-ADMIN-IOT-003,0,1,1,1,1,0.0,0.0,1,0,LOW,0
CFG-0004786,DEV-PHARM-IOT-107,0,1,1,1,1,0.0,0.0,1,0,LOW,0
CFG-0004787,DEV-MAIN-ACC-077,1,1,1,1,1,0.4,0.0,0,1,HIGH,2
CFG-0004788,DEV-MAIN-VPN-026,0,1,1,1,1,0.0,0.0,0,0,LOW,0
CFG-0004789,DEV-RESEARCH-IOT-072,0,1,1,1,1,0.0,0.0,1,0,LOW,0
CFG-0004790,DEV-RESEARCH-EDG-055,0,1,1,1,1,0.0,0.0,0,0,LOW,0
CFG-0004791,DEV-EMERGENCY-FIR-058,0,1,1,1,1,0.0,0.0,0,0,LOW,0
CFG-0004792,DEV-MAIN-SWI-042,0,1,1,1,1,0.0,0.0,0,0,LOW,0
CFG-0004793,DEV-DIAG-FIR-108,0,1,1,1,1,0.0,0.0,0,0,LOW,0
CFG-0004794,DEV-EMERGENCY-FIR-058,0,1,1,1,1,0.0,0.0,0,0,LOW,0
CFG-0004795,DEV-MAIN-EDG-012,1,1,1,1,1,0.4,0.0,1,1,LOW,0
CFG-0004796,DEV-CARDIO-IOT-110,0,1,1,1,1,0.0,0.0,0,0,LOW,0
CFG-0004797,DEV-CARDIO-IOT-110,0,1,1,1,1,0.0,0.0,1,0,LOW,0
CFG-0004798,DEV-CLINIC-VPN-051,0,1,1,1,1,0.0,0.0,1,0,LOW,0
CFG-0004799,DEV-CARDIO-EDG-085,0,1,1,1,1,0.0,0.0,0,0,LOW,0
CFG-0004800,DEV-PHARM-VPN-047,0,1,1,1,1,0.0,0.0,0,0,LOW,0
CFG-0004801,DEV-CLINIC-EDG-048,1,1,1,1,1,0.4,0.0,1,1,LOW,0
CFG-0004802,DEV-ONCOLOGY-ACC-053,1,1,1,1,1,0.4,0.0,0,1,HIGH,2
CFG-0004803,DEV-ADMIN-SWI-049,0,1,1,1,1,0.0,0.0,0,0,LOW,0
CFG-0004804,DEV-ADMIN-IOT-003,0,1,1,1,0,0.0,0.5,0,0,LOW,0
CFG-0004805,DEV-ONCOLOGY-IOT-059,0,1,0,1,1,0.3,0.0,1,1,LOW,0
CFG-0004806,DEV-CLINIC-VPN-051,0,1,1,1,1,0.0,0.0,1,0,LOW,0
CFG-0004807,DEV-DIAG-COR-009,0,1,1,1,1,0.0,0.0,1,0,LOW,0
CFG-0004808,DEV-RESEARCH-FIR-086,1,1,1,1,1,0.4,0.0,0,1,HIGH,2
CFG-0004809,DEV-ONCOLOGY-WIR-037,0,1,1,1,1,0.0,0.0,0,0,LOW,0
CFG-0004810,DEV-MAIN-FIR-091,0,1,1,0,1,0.0,0.5,1,1,LOW,0
CFG-0004811,DEV-ONCOLOGY-FIR-061,0,1,1,1,1,0.0,0.0,0,0,LOW,0
CFG-0004812,DEV-CARDIO-ACC-008,0,1,0,1,1,0.3,0.0,1,1,LOW,0
CFG-0004813,DEV-DIAG-COR-009,0,1,1,1,1,0.0,0.0,0,0,LOW,0
CFG-0004814,DEV-PHARM-EDG-038,0,1,1,1,1,0.0,0.0,1,0,LOW,0
CFG-0004815,DEV-EMERGENCY-COR-065,0,1,1,1,1,0.0,0.0,1,0,LOW,0
CFG-0004816,DEV-DIAG-COR-009,0,1,1,1,1,0.0,0.0,0,0,LOW,0
CFG-0004817,DEV-CLINIC-FIR-087,0,1,0,1,1,0.3,0.0,0,1,HIGH,2
CFG-0004818,DEV-CLINIC-VPN-098,0,1,1,1,1,0.0,0.0,0,0,LOW,0
CFG-0004819,DEV-PEDS-ACC-104,0,1,1,1,1,0.0,0.0,0,0,LOW,0
CFG-0004820,DEV-DIAG-WIR-084,0,1,1,1,1,0.0,0.0,1,0,LOW,0
CFG-0004821,DEV-MAIN-SWI-017,0,1,1,1,1,0.0,0.0,0,0,LOW,0
CFG-0004822,DEV-MAIN-WIR-043,0,1,0,1,1,0.3,0.0,1,1,LOW,0
CFG-0004823,DEV-DIAG-SWI-092,0,1,1,1,1,0.0,0.0,1,0,LOW,0
CFG-0004824,DEV-ADMIN-FIR-093,0,1,1,0,1,0.0,0.5,0,1,MEDIUM,1
CFG-0004825,DEV-MAIN-ACC-077,0,1,1,1,1,0.0,0.0,0,0,LOW,0
CFG-0004826,DEV-EMERGENCY-COR-022,0,1,1,0,1,0.0,0.5,0,1,MEDIUM,1
CFG-0004827,DEV-ONCOLOGY-ACC-053,0,1,1,1,1,0.0,0.0,0,0,LOW,0
CFG-0004828,DEV-ADMIN-SWI-049,0,1,1,1,1,0.0,0.0,0,0,LOW,0
CFG-0004829,DEV-MAIN-WIR-043,0,1,1,1,1,0.0,0.0,0,0,LOW,0
CFG-0004830,DEV-EMERGENCY-VPN-002,0,1,0,1,1,0.3,0.0,0,1,HIGH,2
CFG-0004831,DEV-PEDS-VPN-025,0,1,1,1,0,0.0,0.5,0,0,LOW,0
CFG-0004832,DEV-DIAG-SWI-032,0,1,1,1,1,0.0,0.0,0,0,LOW,0
CFG-0004833,DEV-CARDIO-COR-063,1,1,1,1,1,0.4,0.0,0,1,HIGH,2
CFG-0004834,DEV-CARDIO-VPN-011,0,1,1,1,1,0.0,0.0,1,0,LOW,0
CFG-0004835,DEV-RESEARCH-FIR-031,0,1,1,0,1,0.0,0.5,0,1,MEDIUM,1
CFG-0004836,DEV-CLINIC-VPN-051,0,1,1,1,1,0.0,0.0,0,0,LOW,0
CFG-0004837,DEV-MAIN-IOT-018,0,1,1,1,1,0.0,0.0,0,0,LOW,0
CFG-0004838,DEV-DIAG-ACC-103,0,1,1,1,1,0.0,0.0,1,0,LOW,0
CFG-0004839,DEV-CARDIO-IOT-110,0,1,1,1,1,0.0,0.0,1,0,LOW,0
CFG-0004840,DEV-DIAG-SWI-060,1,1,1,1,1,0.4,0.0,0,1,HIGH,2
CFG-0004841,DEV-ADMIN-FIR-093,0,1,1,1,1,0.0,0.0,0,0,LOW,0
CFG-0004842,DEV-EMERGENCY-COR-022,0,1,1,1,1,0.0,0.0,1,0,LOW,0
CFG-0004843,DEV-PEDS-WIR-040,0,1,1,1,1,0.0,0.0,1,0,LOW,0
CFG-0004844,DEV-ADMIN-SWI-049,0,1,1,1,0,0.0,0.5,0,0,LOW,0
CFG-0004845,DEV-MAIN-IOT-005,0,1,1,1,1,0.0,0.0,0,0,LOW,0
CFG-0004846,DEV-PHARM-IOT-107,0,1,1,1,1,0.0,0.0,1,0,LOW,0
CFG-0004847,DEV-EMERGENCY-COR-065,0,1,1,1,1,0.0,0.0,0,0,LOW,0
CFG-0004848,DEV-PHARM-FIR-028,0,1,1,1,1,0.0,0.0,0,0,LOW,0
CFG-0004849,DEV-ONCOLOGY-ACC-053,0,1,1,1,0,0.0,0.5,0,0,LOW,0
CFG-0004850,DEV-ADMIN-VPN-021,0,1,1,1,1,0.0,0.0,0,0,LOW,0
CFG-0004851,DEV-EMERGENCY-IOT-073,0,1,1,1,1,0.0,0.0,0,0,LOW,0
CFG-0004852,DEV-PEDS-COR-019,0,1,1,1,1,0.0,0.0,0,0,LOW,0
CFG-0004853,DEV-CARDIO-EDG-085,0,1,1,0,1,0.0,0.5,1,1,LOW,0
CFG-0004854,DEV-CARDIO-FIR-088,0,1,1,1,1,0.0,0.0,1,0,LOW,0
CFG-0004855,DEV-CLINIC-VPN-051,0,1,1,1,1,0.0,0.0,1,0,LOW,0
CFG-0004856,DEV-DIAG-ACC-036,0,1,1,1,1,0.0,0.0,1,0,LOW,0
CFG-0004857,DEV-CLINIC-VPN-029,0,1,1,1,1,0.0,0.0,0,0,LOW,0
CFG-0004858,DEV-ONCOLOGY-ACC-053,0,1,1,1,1,0.0,0.0,0,0,LOW,0
CFG-0004859,DEV-EMERGENCY-IOT-073,0,1,1,1,1,0.0,0.0,0,0,LOW,0
CFG-0004860,DEV-MAIN-FIR-064,0,1,0,1,1,0.3,0.0,1,1,LOW,0
CFG-0004861,DEV-MAIN-ACC-090,0,1,1,1,1,0.0,0.0,0,0,LOW,0
CFG-0004862,DEV-PHARM-VPN-047,0,1,1,1,1,0.0,0.0,0,0,LOW,0
CFG-0004863,DEV-ONCOLOGY-VPN-075,0,1,1,1,1,0.0,0.0,0,0,LOW,0
CFG-0004864,DEV-CLINIC-ACC-034,0,1,1,1,1,0.0,0.0,0,0,LOW,0
CFG-0004865,DEV-ADMIN-WIR-013,0,1,1,1,1,0.0,0.0,0,0,LOW,0
CFG-0004866,DEV-PEDS-IOT-046,0,1,1,1,1,0.0,0.0,1,0,LOW,0
CFG-0004867,DEV-RESEARCH-SWI-001,0,1,1,1,1,0.0,0.0,1,0,LOW,0
CFG-0004868,DEV-EMERGENCY-SWI-096,0,1,1,1,1,0.0,0.0,0,0,LOW,0
CFG-0004869,DEV-ADMIN-EDG-050,0,1,1,1,1,0.0,0.0,1,0,LOW,0
CFG-0004870,DEV-MAIN-SWI-017,1,1,1,1,1,0.4,0.0,0,1,HIGH,2
CFG-0004871,DEV-CARDIO-IOT-006,0,1,1,1,1,0.0,0.0,0,0,LOW,0
CFG-0004872,DEV-PHARM-VPN-023,0,1,1,1,1,0.0,0.0,0,0,LOW,0
CFG-0004873,DEV-RESEARCH-FIR-056,0,1,1,0,1,0.0,0.5,1,1,LOW,0
CFG-0004874,DEV-EMERGENCY-SWI-052,0,1,1,1,1,0.0,0.0,0,0,LOW,0
CFG-0004875,DEV-PHARM-ACC-083,0,1,1,1,1,0.0,0.0,0,0,LOW,0
CFG-0004876,DEV-ADMIN-SWI-049,1,1,1,1,1,0.4,0.0,0,1,HIGH,2
CFG-0004877,DEV-PEDS-IOT-035,0,1,1,1,0,0.0,0.5,0,0,LOW,0
CFG-0004878,DEV-CARDIO-EDG-085,0,1,1,1,1,0.0,0.0,1,0,LOW,0
CFG-0004879,DEV-CARDIO-IOT-110,1,1,1,1,1,0.4,0.0,0,1,HIGH,2
CFG-0004880,DEV-CARDIO-IOT-006,0,1,1,1,1,0.0,0.0,1,0,LOW,0
CFG-0004881,DEV-CLINIC-EDG-048,0,1,1,1,1,0.0,0.0,0,0,LOW,0
CFG-0004882,DEV-EMERGENCY-FIR-030,0,1,1,1,1,0.0,0.0,0,0,LOW,0
CFG-0004883,DEV-PEDS-WIR-040,0,1,1,1,1,0.0,0.0,0,0,LOW,0
CFG-0004884,DEV-EMERGENCY-SWI-066,0,1,1,1,1,0.0,0.0,1,0,LOW,0
CFG-0004885,DEV-PEDS-IOT-035,0,1,1,1,1,0.0,0.0,0,0,LOW,0
CFG-0004886,DEV-CARDIO-ACC-068,0,1,1,1,0,0.0,0.5,1,0,LOW,0
CFG-0004887,DEV-CLINIC-ACC-033,0,1,1,1,1,0.0,0.0,0,0,LOW,0
CFG-0004888,DEV-CLINIC-FIR-087,0,1,1,1,1,0.0,0.0,1,0,LOW,0
CFG-0004889,DEV-PHARM-EDG-038,1,1,1,1,1,0.4,0.0,0,1,HIGH,2
CFG-0004890,DEV-MAIN-SWI-017,0,1,1,1,1,0.0,0.0,0,0,LOW,0
CFG-0004891,DEV-CLINIC-ACC-109,0,1,1,0,1,0.0,0.5,1,1,LOW,0
CFG-0004892,DEV-CLINIC-VPN-029,0,1,1,1,1,0.0,0.0,0,0,LOW,0
CFG-0004893,DEV-PHARM-VPN-102,0,1,1,1,1,0.0,0.0,0,0,LOW,0
CFG-0004894,DEV-ADMIN-IOT-003,0,1,1,1,1,0.0,0.0,0,0,LOW,0
CFG-0004895,DEV-MAIN-FIR-091,0,1,0,1,1,0.3,0.0,0,1,HIGH,2
CFG-0004896,DEV-MAIN-FIR-064,0,1,0,1,1,0.3,0.0,1,1,LOW,0
CFG-0004897,DEV-CLINIC-ACC-034,0,1,1,1,1,0.0,0.0,0,0,LOW,0
CFG-0004898,DEV-PEDS-IOT-035,0,1,1,1,1,0.0,0.0,1,0,LOW,0
CFG-0004899,DEV-PHARM-FIR-101,0,1,1,1,1,0.0,0.0,0,0,LOW,0
CFG-0004900,DEV-EMERGENCY-FIR-030,1,1,1,1,1,0.4,0.0,1,1,LOW,0
CFG-0004901,DEV-CARDIO-EDG-085,0,1,1,0,1,0.0,0.5,0,1,MEDIUM,1
CFG-0004902,DEV-RESEARCH-SWI-079,0,1,1,1,1,0.0,0.0,0,0,LOW,0
CFG-0004903,DEV-MAIN-SWI-042,0,1,1,1,1,0.0,0.0,0,0,LOW,0
CFG-0004904,DEV-ONCOLOGY-WIR-037,0,1,1,1,1,0.0,0.0,1,0,LOW,0
CFG-0004905,DEV-RESEARCH-VPN-045,0,1,1,1,1,0.0,0.0,1,0,LOW,0
CFG-0004906,DEV-CLINIC-ACC-027,0,1,1,1,1,0.0,0.0,1,0,LOW,0
CFG-0004907,DEV-PHARM-IOT-107,0,1,1,1,1,0.0,0.0,0,0,LOW,0
CFG-0004908,DEV-CLINIC-ACC-109,0,1,1,1,1,0.0,0.0,0,0,LOW,0
CFG-0004909,DEV-CLINIC-ACC-109,0,1,1,1,1,0.0,0.0,1,0,LOW,0
CFG-0004910,DEV-MAIN-SWI-044,0,1,1,0,1,0.0,0.5,0,1,MEDIUM,1
CFG-0004911,DEV-RESEARCH-EDG-055,0,1,1,1,1,0.0,0.0,1,0,LOW,0
CFG-0004912,DEV-DIAG-WIR-084,0,1,1,1,1,0.0,0.0,0,0,LOW,0
CFG-0004913,DEV-ADMIN-WIR-013,0,1,1,1,0,0.0,0.5,0,0,LOW,0
CFG-0004914,DEV-CLINIC-IOT-041,0,1,1,1,1,0.0,0.0,0,0,LOW,0
CFG-0004915,DEV-RESEARCH-EDG-057,0,1,1,1,1,0.0,0.0,0,0,LOW,0
CFG-0004916,DEV-PHARM-COR-106,0,1,1,0,1,0.0,0.5,1,1,LOW,0
CFG-0004917,DEV-DIAG-EDG-080,0,1,1,1,1,0.0,0.0,0,0,LOW,0
CFG-0004918,DEV-EMERGENCY-SWI-099,0,1,1,1,1,0.0,0.0,0,0,LOW,0
CFG-0004919,DEV-EMERGENCY-VPN-002,0,1,1,1,1,0.0,0.0,1,0,LOW,0
CFG-0004920,DEV-PEDS-VPN-025,0,1,1,1,1,0.0,0.0,1,0,LOW,0
CFG-0004921,DEV-CARDIO-FIR-088,0,1,1,1,1,0.0,0.0,0,0,LOW,0
CFG-0004922,DEV-CARDIO-IOT-110,0,1,1,1,1,0.0,0.0,0,0,LOW,0
CFG-0004923,DEV-RESEARCH-SWI-079,0,1,1,0,1,0.0,0.5,0,1,MEDIUM,1
CFG-0004924,DEV-ONCOLOGY-ACC-016,0,1,1,0,1,0.0,0.5,0,1,MEDIUM,1
CFG-0004925,DEV-ONCOLOGY-FIR-061,0,1,1,1,1,0.0,0.0,0,0,LOW,0
CFG-0004926,DEV-ONCOLOGY-ACC-053,0,1,1,1,0,0.0,0.5,0,0,LOW,0
CFG-0004927,DEV-RESEARCH-EDG-055,0,1,1,1,1,0.0,0.0,0,0,LOW,0
CFG-0004928,DEV-PHARM-FIR-101,0,1,0,1,1,0.3,0.0,0,1,HIGH,2
CFG-0004929,DEV-DIAG-SWI-060,0,1,0,1,1,0.3,0.0,0,1,HIGH,2
CFG-0004930,DEV-ONCOLOGY-SWI-039,0,1,1,1,1,0.0,0.0,1,0,LOW,0
CFG-0004931,DEV-ONCOLOGY-VPN-075,0,1,1,1,1,0.0,0.0,0,0,LOW,0
CFG-0004932,DEV-CLINIC-ACC-027,1,1,1,1,1,0.4,0.0,0,1,HIGH,2
CFG-0004933,DEV-PHARM-IOT-107,0,1,0,1,1,0.3,0.0,0,1,HIGH,2
CFG-0004934,DEV-EMERGENCY-SWI-066,0,1,1,1,1,0.0,0.0,0,0,LOW,0
CFG-0004935,DEV-MAIN-FIR-064,0,1,1,1,0,0.0,0.5,0,0,LOW,0
CFG-0004936,DEV-DIAG-FIR-108,0,1,1,1,1,0.0,0.0,0,0,LOW,0
CFG-0004937,DEV-DIAG-SWI-092,0,1,1,1,0,0.0,0.5,0,0,LOW,0
CFG-0004938,DEV-CARDIO-COR-063,0,1,1,1,1,0.0,0.0,0,0,LOW,0
CFG-0004939,DEV-PEDS-COR-054,0,1,1,1,1,0.0,0.0,0,0,LOW,0
CFG-0004940,DEV-RESEARCH-FIR-078,0,1,1,1,0,0.0,0.5,0,0,LOW,0
CFG-0004941,DEV-PEDS-WIR-007,0,1,1,1,1,0.0,0.0,1,0,LOW,0
CFG-0004942,DEV-ADMIN-EDG-050,0,1,1,1,1,0.0,0.0,1,0,LOW,0
CFG-0004943,DEV-PHARM-ACC-083,0,1,1,1,1,0.0,0.0,0,0,LOW,0
CFG-0004944,DEV-RESEARCH-EDG-055,0,1,1,1,1,0.0,0.0,1,0,LOW,0
CFG-0004945,DEV-RESEARCH-SWI-001,0,1,1,1,0,0.0,0.5,0,0,LOW,0
CFG-0004946,DEV-DIAG-ACC-103,0,1,0,1,1,0.3,0.0,1,1,LOW,0
CFG-0004947,DEV-PHARM-FIR-101,1,1,1,1,1,0.4,0.0,0,1,HIGH,2
CFG-0004948,DEV-PEDS-FIR-069,0,1,1,1,1,0.0,0.0,0,0,LOW,0
CFG-0004949,DEV-EMERGENCY-SWI-066,0,1,1,1,1,0.0,0.0,0,0,LOW,0
CFG-0004950,DEV-PEDS-FIR-069,0,1,1,1,1,0.0,0.0,0,0,LOW,0
CFG-0004951,DEV-MAIN-FIR-091,0,1,1,1,1,0.0,0.0,0,0,LOW,0
CFG-0004952,DEV-CARDIO-IOT-006,0,1,1,1,1,0.0,0.0,0,0,LOW,0
CFG-0004953,DEV-CLINIC-EDG-048,0,1,1,1,0,0.0,0.5,1,0,LOW,0
CFG-0004954,DEV-EMERGENCY-SWI-099,0,1,1,1,1,0.0,0.0,0,0,LOW,0
CFG-0004955,DEV-CLINIC-EDG-048,0,1,1,1,1,0.0,0.0,0,0,LOW,0
CFG-0004956,DEV-CLINIC-EDG-048,0,1,1,1,1,0.0,0.0,1,0,LOW,0
CFG-0004957,DEV-EMERGENCY-IOT-015,0,1,1,1,1,0.0,0.0,0,0,LOW,0
CFG-0004958,DEV-ONCOLOGY-FIR-061,1,1,1,1,1,0.4,0.0,1,1,LOW,0
CFG-0004959,DEV-RESEARCH-IOT-072,0,1,1,1,1,0.0,0.0,0,0,LOW,0
CFG-0004960,DEV-EMERGENCY-IOT-015,0,1,1,1,1,0.0,0.0,0,0,LOW,0
CFG-0004961,DEV-CARDIO-FIR-088,0,1,1,1,1,0.0,0.0,0,0,LOW,0
CFG-0004962,DEV-PEDS-VPN-025,0,1,1,1,1,0.0,0.0,0,0,LOW,0
CFG-0004963,DEV-PHARM-EDG-038,0,1,1,1,1,0.0,0.0,1,0,LOW,0
CFG-0004964,DEV-MAIN-SWI-044,0,1,1,1,1,0.0,0.0,1,0,LOW,0
CFG-0004965,DEV-PHARM-FIR-028,0,1,1,1,0,0.0,0.5,0,0,LOW,0
CFG-0004966,DEV-PEDS-WIR-095,0,1,1,1,1,0.0,0.0,0,0,LOW,0
CFG-0004967,DEV-CLINIC-VPN-098,1,1,1,1,1,0.4,0.0,1,1,LOW,0
CFG-0004968,DEV-DIAG-ACC-103,0,1,1,1,1,0.0,0.0,0,0,LOW,0
CFG-0004969,DEV-EMERGENCY-FIR-058,0,1,1,1,1,0.0,0.0,0,0,LOW,0
CFG-0004970,DEV-ONCOLOGY-VPN-075,0,1,1,1,1,0.0,0.0,0,0,LOW,0
CFG-0004971,DEV-ADMIN-SWI-049,0,1,0,1,1,0.3,0.0,0,1,HIGH,2
CFG-0004972,DEV-CLINIC-ACC-027,0,1,0,1,1,0.3,0.0,0,1,HIGH,2
CFG-0004973,DEV-ADMIN-IOT-003,0,1,1,1,1,0.0,0.0,1,0,LOW,0
CFG-0004974,DEV-EMERGENCY-SWI-052,0,1,1,1,1,0.0,0.0,0,0,LOW,0
CFG-0004975,DEV-CARDIO-SWI-062,1,1,1,1,1,0.4,0.0,0,1,HIGH,2
CFG-0004976,DEV-MAIN-IOT-005,0,1,1,1,1,0.0,0.0,0,0,LOW,0
CFG-0004977,DEV-CLINIC-VPN-098,0,1,1,1,1,0.0,0.0,0,0,LOW,0
CFG-0004978,DEV-CARDIO-EDG-085,0,1,1,1,1,0.0,0.0,1,0,LOW,0
CFG-0004979,DEV-CARDIO-IOT-110,0,1,1,1,1,0.0,0.0,0,0,LOW,0
CFG-0004980,DEV-ONCOLOGY-FIR-061,0,1,1,1,1,0.0,0.0,0,0,LOW,0
CFG-0004981,DEV-DIAG-FIR-108,0,1,0,1,1,0.3,0.0,0,1,HIGH,2
CFG-0004982,DEV-PEDS-ACC-104,0,1,1,1,1,0.0,0.0,0,0,LOW,0
CFG-0004983,DEV-ONCOLOGY-SWI-039,0,1,1,1,1,0.0,0.0,1,0,LOW,0
CFG-0004984,DEV-EMERGENCY-SWI-052,0,1,1,1,1,0.0,0.0,0,0,LOW,0
CFG-0004985,DEV-CARDIO-ACC-008,0,1,1,0,1,0.0,0.5,0,1,MEDIUM,1
CFG-0004986,DEV-EMERGENCY-SWI-099,0,1,1,1,1,0.0,0.0,1,0,LOW,0
CFG-0004987,DEV-CARDIO-ACC-008,0,1,1,1,1,0.0,0.0,1,0,LOW,0
CFG-0004988,DEV-ONCOLOGY-ACC-053,0,1,1,1,1,0.0,0.0,0,0,LOW,0
CFG-0004989,DEV-PEDS-WIR-007,0,1,1,1,1,0.0,0.0,0,0,LOW,0
CFG-0004990,DEV-CLINIC-VPN-051,0,1,1,1,1,0.0,0.0,1,0,LOW,0
CFG-0004991,DEV-RESEARCH-SWI-001,0,1,1,1,1,0.0,0.0,1,0,LOW,0
CFG-0004992,DEV-MAIN-IOT-018,1,1,1,1,1,0.4,0.0,1,1,LOW,0
CFG-0004993,DEV-DIAG-EDG-080,0,1,1,1,1,0.0,0.0,0,0,LOW,0
CFG-0004994,DEV-ADMIN-FIR-024,0,1,1,1,0,0.0,0.5,1,0,LOW,0
CFG-0004995,DEV-RESEARCH-IOT-072,0,1,1,1,1,0.0,0.0,0,0,LOW,0
CFG-0004996,DEV-PEDS-COR-054,0,1,1,1,1,0.0,0.0,0,0,LOW,0
CFG-0004997,DEV-MAIN-WIR-043,0,1,1,1,1,0.0,0.0,1,0,LOW,0
CFG-0004998,DEV-RESEARCH-EDG-057,0,1,1,1,1,0.0,0.0,1,0,LOW,0
CFG-0004999,DEV-PHARM-VPN-102,0,1,1,1,1,0.0,0.0,0,0,LOW,0
CFG-0005000,DEV-MAIN-IOT-018,0,1,1,1,1,0.0,0.0,0,0,LOW,0
CFG-0005001,DEV-ADMIN-EDG-050,0,1,1,1,1,0.0,0.0,1,0,LOW,0
CFG-0005002,DEV-CLINIC-WIR-097,0,1,1,1,1,0.0,0.0,1,0,LOW,0
CFG-0005003,DEV-RESEARCH-SWI-020,0,1,1,1,1,0.0,0.0,0,0,LOW,0
CFG-0005004,DEV-ADMIN-IOT-003,0,1,1,1,1,0.0,0.0,0,0,LOW,0
CFG-0005005,DEV-ADMIN-FIR-024,1,1,1,1,1,0.4,0.0,0,1,HIGH,2
CFG-0005006,DEV-ADMIN-FIR-024,0,1,1,1,1,0.0,0.0,1,0,LOW,0
CFG-0005007,DEV-MAIN-VPN-026,0,1,1,1,1,0.0,0.0,1,0,LOW,0
CFG-0005008,DEV-MAIN-FIR-091,0,1,1,1,1,0.0,0.0,0,0,LOW,0
CFG-0005009,DEV-PEDS-WIR-095,0,1,1,1,1,0.0,0.0,0,0,LOW,0
CFG-0005010,DEV-ADMIN-IOT-003,0,1,1,1,1,0.0,0.0,0,0,LOW,0
CFG-0005011,DEV-CLINIC-EDG-048,1,1,1,1,1,0.4,0.0,0,1,HIGH,2
CFG-0005012,DEV-RESEARCH-SWI-001,0,1,1,1,1,0.0,0.0,1,0,LOW,0
CFG-0005013,DEV-PEDS-COR-054,0,1,1,1,1,0.0,0.0,0,0,LOW,0
CFG-0005014,DEV-RESEARCH-FIR-031,1,1,1,1,1,0.4,0.0,1,1,LOW,0
CFG-0005015,DEV-CLINIC-EDG-048,0,1,1,1,1,0.0,0.0,1,0,LOW,0
CFG-0005016,DEV-EMERGENCY-SWI-099,0,1,1,1,0,0.0,0.5,0,0,LOW,0
CFG-0005017,DEV-PEDS-ACC-104,0,1,1,1,1,0.0,0.0,0,0,LOW,0
CFG-0005018,DEV-EMERGENCY-SWI-096,0,1,1,1,1,0.0,0.0,1,0,LOW,0
CFG-0005019,DEV-CLINIC-EDG-048,0,1,1,1,1,0.0,0.0,0,0,LOW,0
CFG-0005020,DEV-RESEARCH-SWI-001,0,1,1,1,1,0.0,0.0,0,0,LOW,0
CFG-0005021,DEV-RESEARCH-SWI-079,1,1,1,1,1,0.4,0.0,0,1,HIGH,2
CFG-0005022,DEV-CARDIO-FIR-088,0,1,1,1,1,0.0,0.0,1,0,LOW,0
CFG-0005023,DEV-CARDIO-IOT-006,0,1,1,1,1,0.0,0.0,0,0,LOW,0
CFG-0005024,DEV-ONCOLOGY-ACC-053,0,1,1,1,1,0.0,0.0,1,0,LOW,0
CFG-0005025,DEV-CARDIO-IOT-006,0,1,1,1,1,0.0,0.0,1,0,LOW,0
CFG-0005026,DEV-DIAG-ACC-036,0,1,1,1,1,0.0,0.0,0,0,LOW,0
CFG-0005027,DEV-MAIN-EDG-014,0,1,1,1,1,0.0,0.0,0,0,LOW,0
CFG-0005028,DEV-PEDS-ACC-104,0,1,1,1,1,0.0,0.0,0,0,LOW,0
CFG-0005029,DEV-RESEARCH-FIR-056,0,1,1,1,1,0.0,0.0,0,0,LOW,0
CFG-0005030,DEV-PHARM-FIR-010,0,1,1,1,1,0.0,0.0,0,0,LOW,0
CFG-0005031,DEV-RESEARCH-SWI-020,0,1,1,1,1,0.0,0.0,0,0,LOW,0
CFG-0005032,DEV-PEDS-WIR-007,0,1,1,1,1,0.0,0.0,1,0,LOW,0
CFG-0005033,DEV-ADMIN-IOT-003,0,1,1,1,1,0.0,0.0,0,0,LOW,0
CFG-0005034,DEV-DIAG-EDG-080,0,1,1,1,1,0.0,0.0,0,0,LOW,0
CFG-0005035,DEV-ONCOLOGY-VPN-075,1,1,1,1,0,0.4,0.5,1,1,LOW,0
CFG-0005036,DEV-EMERGENCY-COR-065,0,1,1,1,1,0.0,0.0,0,0,LOW,0
CFG-0005037,DEV-CLINIC-ACC-034,0,1,1,1,1,0.0,0.0,1,0,LOW,0
CFG-0005038,DEV-CLINIC-ACC-033,0,1,1,1,1,0.0,0.0,1,0,LOW,0
CFG-0005039,DEV-RESEARCH-EDG-055,0,1,0,1,1,0.3,0.0,1,1,LOW,0
CFG-0005040,DEV-MAIN-SWI-042,0,1,1,1,1,0.0,0.0,1,0,LOW,0
CFG-0005041,DEV-RESEARCH-SWI-001,0,1,1,1,1,0.0,0.0,1,0,LOW,0
CFG-0005042,DEV-ADMIN-IOT-003,0,1,1,1,1,0.0,0.0,0,0,LOW,0
CFG-0005043,DEV-CLINIC-ACC-027,0,1,1,1,1,0.0,0.0,0,0,LOW,0
CFG-0005044,DEV-RESEARCH-FIR-086,0,1,1,1,1,0.0,0.0,0,0,LOW,0
CFG-0005045,DEV-PHARM-IOT-107,0,1,1,1,1,0.0,0.0,0,0,LOW,0
CFG-0005046,DEV-PEDS-ACC-104,0,1,1,1,1,0.0,0.0,0,0,LOW,0
CFG-0005047,DEV-EMERGENCY-VPN-002,0,1,1,1,1,0.0,0.0,1,0,LOW,0
CFG-0005048,DEV-PHARM-FIR-010,0,1,1,1,1,0.0,0.0,0,0,LOW,0
CFG-0005049,DEV-RESEARCH-FIR-056,0,1,1,1,1,0.0,0.0,0,0,LOW,0
CFG-0005050,DEV-DIAG-SWI-032,0,1,1,1,1,0.0,0.0,0,0,LOW,0
CFG-0005051,DEV-CARDIO-COR-063,0,1,1,1,1,0.0,0.0,0,0,LOW,0
CFG-0005052,DEV-RESEARCH-SWI-001,0,1,1,1,1,0.0,0.0,0,0,LOW,0
CFG-0005053,DEV-MAIN-EDG-071,0,1,1,1,1,0.0,0.0,0,0,LOW,0
CFG-0005054,DEV-EMERGENCY-FIR-058,0,1,1,1,1,0.0,0.0,0,0,LOW,0
CFG-0005055,DEV-CARDIO-ACC-008,0,1,1,1,1,0.0,0.0,1,0,LOW,0
CFG-0005056,DEV-RESEARCH-FIR-056,0,1,1,1,1,0.0,0.0,0,0,LOW,0
CFG-0005057,DEV-CLINIC-IOT-041,1,1,1,1,1,0.4,0.0,0,1,HIGH,2
CFG-0005058,DEV-PHARM-VPN-047,1,1,1,1,1,0.4,0.0,1,1,LOW,0
CFG-0005059,DEV-DIAG-EDG-080,0,1,1,1,1,0.0,0.0,0,0,LOW,0
CFG-0005060,DEV-RESEARCH-EDG-055,0,1,1,1,1,0.0,0.0,0,0,LOW,0
CFG-0005061,DEV-MAIN-ACC-090,0,1,1,1,1,0.0,0.0,0,0,LOW,0
CFG-0005062,DEV-RESEARCH-IOT-072,0,1,1,1,1,0.0,0.0,0,0,LOW,0
CFG-0005063,DEV-MAIN-IOT-005,0,1,1,0,1,0.0,0.5,0,1,MEDIUM,1
CFG-0005064,DEV-EMERGENCY-IOT-073,0,1,1,1,1,0.0,0.0,0,0,LOW,0
CFG-0005065,DEV-DIAG-ACC-103,0,1,1,1,1,0.0,0.0,0,0,LOW,0
CFG-0005066,DEV-EMERGENCY-IOT-015,0,1,1,1,1,0.0,0.0,0,0,LOW,0
CFG-0005067,DEV-RESEARCH-EDG-055,0,1,1,1,1,0.0,0.0,1,0,LOW,0
CFG-0005068,DEV-CARDIO-EDG-085,0,1,1,1,1,0.0,0.0,0,0,LOW,0
CFG-0005069,DEV-EMERGENCY-VPN-094,0,1,1,1,1,0.0,0.0,0,0,LOW,0
CFG-0005070,DEV-PHARM-FIR-028,0,1,1,1,1,0.0,0.0,1,0,LOW,0
CFG-0005071,DEV-DIAG-WIR-084,0,1,1,1,1,0.0,0.0,0,0,LOW,0
CFG-0005072,DEV-CARDIO-VPN-011,0,1,1,1,1,0.0,0.0,1,0,LOW,0
CFG-0005073,DEV-ONCOLOGY-IOT-059,0,1,1,1,1,0.0,0.0,0,0,LOW,0
CFG-0005074,DEV-CARDIO-SWI-062,1,1,1,1,1,0.4,0.0,0,1,HIGH,2
CFG-0005075,DEV-EMERGENCY-COR-065,0,1,0,1,1,0.3,0.0,1,1,LOW,0
CFG-0005076,DEV-ADMIN-IOT-003,0,1,1,1,1,0.0,0.0,0,0,LOW,0
CFG-0005077,DEV-RESEARCH-IOT-072,0,1,1,1,1,0.0,0.0,0,0,LOW,0
CFG-0005078,DEV-CARDIO-VPN-011,0,1,1,1,1,0.0,0.0,0,0,LOW,0
CFG-0005079,DEV-DIAG-SWI-060,0,1,1,1,1,0.0,0.0,0,0,LOW,0
CFG-0005080,DEV-CARDIO-ACC-068,1,1,1,1,1,0.4,0.0,1,1,LOW,0
CFG-0005081,DEV-PHARM-ACC-083,0,1,1,1,1,0.0,0.0,0,0,LOW,0
CFG-0005082,DEV-DIAG-EDG-080,0,1,1,0,1,0.0,0.5,0,1,MEDIUM,1
CFG-0005083,DEV-ONCOLOGY-FIR-061,0,1,0,1,1,0.3,0.0,0,1,HIGH,2
CFG-0005084,DEV-PEDS-IOT-046,0,1,1,1,1,0.0,0.0,0,0,LOW,0
CFG-0005085,DEV-DIAG-WIR-084,0,1,1,1,1,0.0,0.0,0,0,LOW,0
CFG-0005086,DEV-MAIN-FIR-091,0,1,1,1,1,0.0,0.0,1,0,LOW,0
CFG-0005087,DEV-CARDIO-FIR-089,0,1,1,1,1,0.0,0.0,0,0,LOW,0
CFG-0005088,DEV-CARDIO-IOT-110,0,1,1,1,1,0.0,0.0,1,0,LOW,0
CFG-0005089,DEV-PHARM-IOT-107,0,1,1,1,1,0.0,0.0,1,0,LOW,0
CFG-0005090,DEV-CLINIC-IOT-041,0,1,1,1,1,0.0,0.0,0,0,LOW,0
CFG-0005091,DEV-ADMIN-IOT-003,0,1,1,1,1,0.0,0.0,0,0,LOW,0
CFG-0005092,DEV-ONCOLOGY-IOT-070,0,1,1,1,1,0.0,0.0,1,0,LOW,0
CFG-0005093,DEV-PHARM-IOT-107,1,1,1,1,1,0.4,0.0,0,1,HIGH,2
CFG-0005094,DEV-RESEARCH-FIR-078,0,1,1,1,1,0.0,0.0,0,0,LOW,0
CFG-0005095,DEV-DIAG-SWI-092,0,1,1,1,1,0.0,0.0,0,0,LOW,0
CFG-0005096,DEV-PEDS-FIR-069,0,1,1,1,1,0.0,0.0,0,0,LOW,0
CFG-0005097,DEV-MAIN-EDG-012,1,1,1,1,1,0.4,0.0,0,1,HIGH,2
CFG-0005098,DEV-DIAG-EDG-080,0,1,1,1,1,0.0,0.0,0,0,LOW,0
CFG-0005099,DEV-DIAG-ACC-103,0,1,1,1,1,0.0,0.0,0,0,LOW,0
CFG-0005100,DEV-ONCOLOGY-SWI-039,0,1,1,1,1,0.0,0.0,0,0,LOW,0
CFG-0005101,DEV-DIAG-SWI-060,0,1,1,1,1,0.0,0.0,0,0,LOW,0
CFG-0005102,DEV-MAIN-ACC-090,0,1,1,1,1,0.0,0.0,0,0,LOW,0
CFG-0005103,DEV-RESEARCH-FIR-031,0,1,1,1,0,0.0,0.5,0,0,LOW,0
CFG-0005104,DEV-ADMIN-IOT-003,1,1,1,1,1,0.4,0.0,1,1,LOW,0
CFG-0005105,DEV-PHARM-FIR-010,0,1,1,1,1,0.0,0.0,1,0,LOW,0
CFG-0005106,DEV-PEDS-FIR-069,0,1,1,1,1,0.0,0.0,0,0,LOW,0
CFG-0005107,DEV-ADMIN-FIR-093,0,1,1,1,1,0.0,0.0,1,0,LOW,0
CFG-0005108,DEV-RESEARCH-FIR-056,0,1,1,1,1,0.0,0.0,0,0,LOW,0
CFG-0005109,DEV-PEDS-COR-054,0,1,1,0,1,0.0,0.5,0,1,MEDIUM,1
CFG-0005110,DEV-RESEARCH-EDG-055,0,1,1,1,1,0.0,0.0,0,0,LOW,0
CFG-0005111,DEV-PEDS-WIR-095,0,1,1,1,1,0.0,0.0,0,0,LOW,0
CFG-0005112,DEV-DIAG-SWI-060,0,1,1,1,1,0.0,0.0,0,0,LOW,0
CFG-0005113,DEV-CLINIC-VPN-051,0,1,1,1,1,0.0,0.0,0,0,LOW,0
CFG-0005114,DEV-PHARM-VPN-023,0,1,1,1,1,0.0,0.0,0,0,LOW,0
CFG-0005115,DEV-DIAG-EDG-067,0,1,1,0,1,0.0,0.5,0,1,MEDIUM,1
CFG-0005116,DEV-RESEARCH-FIR-056,0,1,1,0,1,0.0,0.5,0,1,MEDIUM,1
CFG-0005117,DEV-EMERGENCY-SWI-066,0,1,0,1,1,0.3,0.0,0,1,HIGH,2
CFG-0005118,DEV-PHARM-VPN-047,0,1,1,1,1,0.0,0.0,0,0,LOW,0
CFG-0005119,DEV-CARDIO-IOT-006,0,1,1,1,1,0.0,0.0,0,0,LOW,0
CFG-0005120,DEV-ADMIN-FIR-093,0,1,1,1,1,0.0,0.0,0,0,LOW,0
CFG-0005121,DEV-ONCOLOGY-WIR-037,1,1,1,1,1,0.4,0.0,0,1,HIGH,2
CFG-0005122,DEV-RESEARCH-SWI-020,0,1,1,1,1,0.0,0.0,0,0,LOW,0
CFG-0005123,DEV-RESEARCH-FIR-031,1,1,1,0,1,0.4,0.5,0,2,HIGH,2
CFG-0005124,DEV-MAIN-FIR-064,0,1,1,1,1,0.0,0.0,1,0,LOW,0
CFG-0005125,DEV-EMERGENCY-FIR-058,0,1,1,1,1,0.0,0.0,0,0,LOW,0
CFG-0005126,DEV-PEDS-COR-019,0,1,1,1,1,0.0,0.0,0,0,LOW,0
CFG-0005127,DEV-CLINIC-SWI-082,0,1,0,1,1,0.3,0.0,1,1,LOW,0
CFG-0005128,DEV-DIAG-ACC-103,0,1,1,1,1,0.0,0.0,1,0,LOW,0
CFG-0005129,DEV-CLINIC-VPN-051,0,1,1,1,1,0.0,0.0,0,0,LOW,0
CFG-0005130,DEV-EMERGENCY-SWI-081,0,1,1,1,1,0.0,0.0,1,0,LOW,0
CFG-0005131,DEV-ADMIN-FIR-024,0,1,1,1,1,0.0,0.0,1,0,LOW,0
CFG-0005132,DEV-PHARM-VPN-102,0,1,1,1,1,0.0,0.0,1,0,LOW,0
CFG-0005133,DEV-EMERGENCY-SWI-099,1,1,1,1,1,0.4,0.0,0,1,HIGH,2
CFG-0005134,DEV-ADMIN-IOT-003,0,1,0,1,1,0.3,0.0,1,1,LOW,0
CFG-0005135,DEV-DIAG-SWI-092,0,1,1,1,1,0.0,0.0,1,0,LOW,0
CFG-0005136,DEV-CLINIC-IOT-041,0,1,1,1,1,0.0,0.0,1,0,LOW,0
CFG-0005137,DEV-EMERGENCY-FIR-058,0,1,1,1,1,0.0,0.0,1,0,LOW,0
CFG-0005138,DEV-PHARM-FIR-028,0,1,1,1,0,0.0,0.5,1,0,LOW,0
CFG-0005139,DEV-RESEARCH-SWI-020,0,1,1,1,1,0.0,0.0,0,0,LOW,0
CFG-0005140,DEV-ONCOLOGY-ACC-016,0,1,1,1,1,0.0,0.0,0,0,LOW,0
CFG-0005141,DEV-EMERGENCY-COR-022,0,1,1,1,1,0.0,0.0,1,0,LOW,0
CFG-0005142,DEV-DIAG-ACC-036,0,1,1,1,1,0.0,0.0,0,0,LOW,0
CFG-0005143,DEV-CARDIO-ACC-068,0,1,1,0,1,0.0,0.5,0,1,MEDIUM,1
CFG-0005144,DEV-CARDIO-SWI-062,0,1,1,1,1,0.0,0.0,1,0,LOW,0
CFG-0005145,DEV-EMERGENCY-SWI-081,0,1,1,1,1,0.0,0.0,1,0,LOW,0
CFG-0005146,DEV-PEDS-VPN-025,0,1,1,1,1,0.0,0.0,0,0,LOW,0
CFG-0005147,DEV-PHARM-ACC-083,0,1,1,1,1,0.0,0.0,0,0,LOW,0
CFG-0005148,DEV-CARDIO-IOT-110,1,1,1,1,1,0.4,0.0,0,1,HIGH,2
CFG-0005149,DEV-MAIN-WIR-043,0,1,1,1,1,0.0,0.0,1,0,LOW,0
CFG-0005150,DEV-MAIN-IOT-018,1,1,1,1,1,0.4,0.0,0,1,HIGH,2
CFG-0005151,DEV-ADMIN-EDG-050,0,1,1,1,1,0.0,0.0,0,0,LOW,0
CFG-0005152,DEV-DIAG-ACC-103,0,1,1,1,1,0.0,0.0,0,0,LOW,0
CFG-0005153,DEV-EMERGENCY-VPN-002,0,1,1,1,0,0.0,0.5,1,0,LOW,0
CFG-0005154,DEV-EMERGENCY-COR-065,0,1,1,1,1,0.0,0.0,0,0,LOW,0
CFG-0005155,DEV-ADMIN-FIR-093,1,1,1,0,1,0.4,0.5,0,2,HIGH,2
CFG-0005156,DEV-RESEARCH-SWI-100,0,1,1,1,0,0.0,0.5,0,0,LOW,0
CFG-0005157,DEV-PHARM-IOT-107,0,1,1,1,1,0.0,0.0,1,0,LOW,0
CFG-0005158,DEV-CLINIC-SWI-082,0,1,1,1,1,0.0,0.0,0,0,LOW,0
CFG-0005159,DEV-PHARM-VPN-047,0,1,1,1,1,0.0,0.0,1,0,LOW,0
CFG-0005160,DEV-PHARM-VPN-102,0,1,1,1,1,0.0,0.0,1,0,LOW,0
CFG-0005161,DEV-CLINIC-VPN-098,1,1,1,1,1,0.4,0.0,0,1,HIGH,2
CFG-0005162,DEV-ADMIN-VPN-021,0,1,1,1,1,0.0,0.0,1,0,LOW,0
CFG-0005163,DEV-PEDS-COR-019,0,1,1,1,1,0.0,0.0,0,0,LOW,0
CFG-0005164,DEV-CLINIC-ACC-033,0,1,1,1,1,0.0,0.0,0,0,LOW,0
CFG-0005165,DEV-MAIN-IOT-018,0,1,1,1,1,0.0,0.0,0,0,LOW,0
CFG-0005166,DEV-DIAG-EDG-067,0,1,1,1,1,0.0,0.0,1,0,LOW,0
CFG-0005167,DEV-CARDIO-EDG-085,1,1,1,1,1,0.4,0.0,1,1,LOW,0
CFG-0005168,DEV-PHARM-FIR-028,0,1,1,1,1,0.0,0.0,1,0,LOW,0
CFG-0005169,DEV-RESEARCH-EDG-057,0,1,1,1,1,0.0,0.0,0,0,LOW,0
CFG-0005170,DEV-MAIN-SWI-017,0,1,1,1,1,0.0,0.0,0,0,LOW,0
CFG-0005171,DEV-MAIN-SWI-042,0,1,1,1,1,0.0,0.0,0,0,LOW,0
CFG-0005172,DEV-EMERGENCY-COR-022,0,1,1,1,1,0.0,0.0,0,0,LOW,0
CFG-0005173,DEV-DIAG-COR-009,0,1,1,1,1,0.0,0.0,1,0,LOW,0
CFG-0005174,DEV-MAIN-IOT-005,0,1,1,1,1,0.0,0.0,1,0,LOW,0
CFG-0005175,DEV-PEDS-COR-054,0,1,0,1,1,0.3,0.0,0,1,HIGH,2
CFG-0005176,DEV-CLINIC-FIR-087,0,1,1,0,1,0.0,0.5,0,1,MEDIUM,1
CFG-0005177,DEV-PEDS-FIR-069,0,1,1,1,1,0.0,0.0,0,0,LOW,0
CFG-0005178,DEV-PEDS-ACC-104,0,1,1,1,1,0.0,0.0,0,0,LOW,0
CFG-0005179,DEV-PHARM-FIR-010,0,1,0,1,1,0.3,0.0,0,1,HIGH,2
CFG-0005180,DEV-MAIN-IOT-018,1,1,1,1,1,0.4,0.0,0,1,HIGH,2
CFG-0005181,DEV-RESEARCH-VPN-045,0,1,1,1,1,0.0,0.0,0,0,LOW,0
CFG-0005182,DEV-MAIN-SWI-044,1,1,1,1,1,0.4,0.0,0,1,HIGH,2
CFG-0005183,DEV-ONCOLOGY-WIR-037,0,1,1,1,1,0.0,0.0,0,0,LOW,0
CFG-0005184,DEV-CLINIC-ACC-109,0,1,1,1,1,0.0,0.0,0,0,LOW,0
CFG-0005185,DEV-EMERGENCY-SWI-096,0,1,1,1,1,0.0,0.0,1,0,LOW,0
CFG-0005186,DEV-ONCOLOGY-ACC-016,0,1,1,1,1,0.0,0.0,0,0,LOW,0
CFG-0005187,DEV-ADMIN-VPN-021,0,1,1,1,0,0.0,0.5,1,0,LOW,0
CFG-0005188,DEV-EMERGENCY-SWI-052,0,1,1,1,1,0.0,0.0,1,0,LOW,0
CFG-0005189,DEV-EMERGENCY-COR-065,0,1,1,1,1,0.0,0.0,0,0,LOW,0
CFG-0005190,DEV-MAIN-WIR-043,0,1,1,1,1,0.0,0.0,0,0,LOW,0
CFG-0005191,DEV-DIAG-ACC-036,0,1,1,1,1,0.0,0.0,0,0,LOW,0
CFG-0005192,DEV-RESEARCH-IOT-072,0,1,1,1,1,0.0,0.0,0,0,LOW,0
CFG-0005193,DEV-PHARM-VPN-004,0,1,1,1,1,0.0,0.0,0,0,LOW,0
CFG-0005194,DEV-CLINIC-IOT-041,0,1,1,1,1,0.0,0.0,0,0,LOW,0
CFG-0005195,DEV-ONCOLOGY-FIR-061,0,1,1,1,1,0.0,0.0,0,0,LOW,0
CFG-0005196,DEV-RESEARCH-FIR-031,0,1,1,1,1,0.0,0.0,1,0,LOW,0
CFG-0005197,DEV-CLINIC-VPN-098,0,1,1,1,1,0.0,0.0,0,0,LOW,0
CFG-0005198,DEV-PHARM-VPN-023,0,1,1,1,1,0.0,0.0,0,0,LOW,0
CFG-0005199,DEV-ADMIN-FIR-093,0,1,1,1,1,0.0,0.0,0,0,LOW,0
CFG-0005200,DEV-RESEARCH-IOT-072,0,1,1,1,1,0.0,0.0,0,0,LOW,0
CFG-0005201,DEV-CARDIO-ACC-008,0,1,1,1,1,0.0,0.0,0,0,LOW,0
CFG-0005202,DEV-DIAG-ACC-103,0,1,1,0,1,0.0,0.5,0,1,MEDIUM,1
CFG-0005203,DEV-MAIN-EDG-012,0,1,1,1,1,0.0,0.0,0,0,LOW,0
CFG-0005204,DEV-ONCOLOGY-VPN-075,0,1,1,1,0,0.0,0.5,1,0,LOW,0
CFG-0005205,DEV-PHARM-VPN-047,1,1,1,1,1,0.4,0.0,0,1,HIGH,2
CFG-0005206,DEV-ONCOLOGY-ACC-016,0,1,1,1,1,0.0,0.0,0,0,LOW,0
CFG-0005207,DEV-PEDS-IOT-046,0,1,1,0,1,0.0,0.5,1,1,LOW,0
CFG-0005208,DEV-ONCOLOGY-ACC-016,0,1,1,0,1,0.0,0.5,0,1,MEDIUM,1
CFG-0005209,DEV-EMERGENCY-IOT-073,0,1,1,1,1,0.0,0.0,0,0,LOW,0
CFG-0005210,DEV-ONCOLOGY-VPN-075,0,1,1,1,0,0.0,0.5,0,0,LOW,0
CFG-0005211,DEV-CARDIO-COR-063,0,1,1,1,1,0.0,0.0,0,0,LOW,0
CFG-0005212,DEV-EMERGENCY-VPN-002,0,1,1,1,1,0.0,0.0,0,0,LOW,0
CFG-0005213,DEV-PHARM-EDG-038,0,1,1,1,1,0.0,0.0,0,0,LOW,0
CFG-0005214,DEV-CARDIO-SWI-062,1,1,1,1,1,0.4,0.0,0,1,HIGH,2
CFG-0005215,DEV-CARDIO-IOT-110,0,1,0,1,1,0.3,0.0,0,1,HIGH,2
CFG-0005216,DEV-PEDS-VPN-025,0,1,0,1,1,0.3,0.0,0,1,HIGH,2
CFG-0005217,DEV-ADMIN-EDG-050,0,1,1,1,1,0.0,0.0,0,0,LOW,0
CFG-0005218,DEV-CLINIC-VPN-051,0,1,1,1,1,0.0,0.0,0,0,LOW,0
CFG-0005219,DEV-DIAG-SWI-092,0,1,1,0,1,0.0,0.5,0,1,MEDIUM,1
CFG-0005220,DEV-CLINIC-ACC-034,0,1,1,0,1,0.0,0.5,1,1,LOW,0
CFG-0005221,DEV-RESEARCH-IOT-072,0,1,1,1,1,0.0,0.0,1,0,LOW,0
CFG-0005222,DEV-CLINIC-ACC-034,0,1,1,1,1,0.0,0.0,1,0,LOW,0
CFG-0005223,DEV-MAIN-EDG-012,0,1,1,1,1,0.0,0.0,0,0,LOW,0
CFG-0005224,DEV-RESEARCH-IOT-072,0,1,1,1,0,0.0,0.5,0,0,LOW,0
CFG-0005225,DEV-DIAG-EDG-080,0,1,1,1,0,0.0,0.5,1,0,LOW,0
CFG-0005226,DEV-MAIN-EDG-014,0,1,1,1,1,0.0,0.0,1,0,LOW,0
CFG-0005227,DEV-CARDIO-ACC-008,0,1,1,1,1,0.0,0.0,0,0,LOW,0
CFG-0005228,DEV-CARDIO-FIR-088,0,1,1,0,1,0.0,0.5,0,1,MEDIUM,1
CFG-0005229,DEV-PHARM-FIR-010,0,1,1,1,1,0.0,0.0,0,0,LOW,0
CFG-0005230,DEV-PEDS-COR-019,0,1,1,1,1,0.0,0.0,0,0,LOW,0
CFG-0005231,DEV-ADMIN-EDG-050,0,1,1,1,1,0.0,0.0,1,0,LOW,0
CFG-0005232,DEV-PEDS-COR-054,0,1,1,1,1,0.0,0.0,0,0,LOW,0
CFG-0005233,DEV-CARDIO-IOT-006,0,1,1,1,1,0.0,0.0,0,0,LOW,0
CFG-0005234,DEV-RESEARCH-SWI-100,0,1,1,1,0,0.0,0.5,0,0,LOW,0
CFG-0005235,DEV-EMERGENCY-IOT-073,0,1,1,1,1,0.0,0.0,0,0,LOW,0
CFG-0005236,DEV-MAIN-FIR-064,0,1,1,1,1,0.0,0.0,1,0,LOW,0
CFG-0005237,DEV-CARDIO-IOT-006,0,1,1,1,1,0.0,0.0,0,0,LOW,0
CFG-0005238,DEV-EMERGENCY-SWI-099,0,1,1,1,1,0.0,0.0,0,0,LOW,0
CFG-0005239,DEV-RESEARCH-FIR-086,0,1,1,0,1,0.0,0.5,0,1,MEDIUM,1
CFG-0005240,DEV-ADMIN-COR-105,0,1,1,1,1,0.0,0.0,0,0,LOW,0
CFG-0005241,DEV-RESEARCH-SWI-001,0,1,1,1,1,0.0,0.0,0,0,LOW,0
CFG-0005242,DEV-ONCOLOGY-VPN-075,1,1,1,1,1,0.4,0.0,0,1,HIGH,2
CFG-0005243,DEV-DIAG-EDG-080,0,1,1,1,1,0.0,0.0,0,0,LOW,0
CFG-0005244,DEV-MAIN-WIR-043,0,1,1,1,1,0.0,0.0,0,0,LOW,0
CFG-0005245,DEV-CLINIC-EDG-048,0,1,1,0,1,0.0,0.5,0,1,MEDIUM,1
CFG-0005246,DEV-ADMIN-EDG-050,0,1,0,1,1,0.3,0.0,1,1,LOW,0
CFG-0005247,DEV-MAIN-WIR-043,0,1,1,1,1,0.0,0.0,0,0,LOW,0
CFG-0005248,DEV-DIAG-SWI-032,0,1,1,1,1,0.0,0.0,0,0,LOW,0
CFG-0005249,DEV-ADMIN-FIR-093,0,1,1,1,1,0.0,0.0,1,0,LOW,0
CFG-0005250,DEV-CARDIO-COR-063,0,1,1,1,1,0.0,0.0,0,0,LOW,0
CFG-0005251,DEV-ONCOLOGY-IOT-070,0,1,1,1,1,0.0,0.0,0,0,LOW,0
CFG-0005252,DEV-CLINIC-EDG-048,0,1,0,1,1,0.3,0.0,0,1,HIGH,2
CFG-0005253,DEV-EMERGENCY-VPN-002,0,1,1,1,1,0.0,0.0,0,0,LOW,0
CFG-0005254,DEV-CLINIC-FIR-087,0,1,1,1,1,0.0,0.0,0,0,LOW,0
CFG-0005255,DEV-DIAG-ACC-036,0,1,1,1,1,0.0,0.0,1,0,LOW,0
CFG-0005256,DEV-PHARM-EDG-038,0,1,1,1,1,0.0,0.0,0,0,LOW,0
CFG-0005257,DEV-PEDS-COR-054,0,1,1,1,1,0.0,0.0,0,0,LOW,0
CFG-0005258,DEV-RESEARCH-FIR-056,0,1,1,1,1,0.0,0.0,0,0,LOW,0
CFG-0005259,DEV-PHARM-FIR-101,0,1,1,1,1,0.0,0.0,0,0,LOW,0
CFG-0005260,DEV-DIAG-WIR-084,0,1,1,1,1,0.0,0.0,0,0,LOW,0
CFG-0005261,DEV-EMERGENCY-IOT-073,0,1,1,1,1,0.0,0.0,0,0,LOW,0
CFG-0005262,DEV-CARDIO-VPN-011,0,1,1,1,1,0.0,0.0,1,0,LOW,0
CFG-0005263,DEV-PHARM-COR-106,0,1,1,1,0,0.0,0.5,1,0,LOW,0
CFG-0005264,DEV-MAIN-EDG-071,0,1,1,1,1,0.0,0.0,1,0,LOW,0
CFG-0005265,DEV-ADMIN-SWI-049,0,1,1,1,1,0.0,0.0,0,0,LOW,0
CFG-0005266,DEV-RESEARCH-FIR-078,0,1,1,1,1,0.0,0.0,1,0,LOW,0
CFG-0005267,DEV-PHARM-FIR-101,0,1,1,1,1,0.0,0.0,0,0,LOW,0
CFG-0005268,DEV-MAIN-SWI-044,0,1,1,0,1,0.0,0.5,0,1,MEDIUM,1
CFG-0005269,DEV-ONCOLOGY-VPN-075,0,1,1,1,0,0.0,0.5,0,0,LOW,0
CFG-0005270,DEV-ADMIN-EDG-050,1,1,1,1,1,0.4,0.0,0,1,HIGH,2
CFG-0005271,DEV-DIAG-ACC-036,1,1,1,1,1,0.4,0.0,1,1,LOW,0
CFG-0005272,DEV-PHARM-COR-106,0,1,1,1,1,0.0,0.0,1,0,LOW,0
CFG-0005273,DEV-RESEARCH-EDG-055,0,1,1,1,1,0.0,0.0,0,0,LOW,0
CFG-0005274,DEV-ADMIN-IOT-003,1,1,1,1,1,0.4,0.0,0,1,HIGH,2
CFG-0005275,DEV-DIAG-ACC-036,0,1,1,1,1,0.0,0.0,1,0,LOW,0
CFG-0005276,DEV-CARDIO-SWI-062,0,1,0,1,1,0.3,0.0,1,1,LOW,0
CFG-0005277,DEV-PHARM-IOT-107,0,1,1,1,1,0.0,0.0,0,0,LOW,0
CFG-0005278,DEV-CARDIO-VPN-011,0,1,1,1,1,0.0,0.0,0,0,LOW,0
CFG-0005279,DEV-RESEARCH-FIR-056,1,1,1,1,1,0.4,0.0,0,1,HIGH,2
CFG-0005280,DEV-PEDS-WIR-095,0,1,1,1,1,0.0,0.0,0,0,LOW,0
CFG-0005281,DEV-RESEARCH-SWI-100,0,1,1,1,1,0.0,0.0,0,0,LOW,0
CFG-0005282,DEV-ADMIN-COR-105,0,1,1,1,1,0.0,0.0,0,0,LOW,0
CFG-0005283,DEV-CLINIC-ACC-109,0,1,1,1,1,0.0,0.0,1,0,LOW,0
CFG-0005284,DEV-DIAG-WIR-084,0,1,1,1,1,0.0,0.0,0,0,LOW,0
CFG-0005285,DEV-ONCOLOGY-ACC-016,0,1,1,1,1,0.0,0.0,1,0,LOW,0
CFG-0005286,DEV-DIAG-WIR-084,0,1,1,1,1,0.0,0.0,0,0,LOW,0
CFG-0005287,DEV-ADMIN-VPN-021,0,1,1,1,1,0.0,0.0,0,0,LOW,0
CFG-0005288,DEV-CARDIO-IOT-006,0,1,1,1,0,0.0,0.5,0,0,LOW,0
CFG-0005289,DEV-ONCOLOGY-FIR-061,0,1,1,1,1,0.0,0.0,0,0,LOW,0
CFG-0005290,DEV-CARDIO-FIR-089,1,1,1,1,1,0.4,0.0,0,1,HIGH,2
CFG-0005291,DEV-DIAG-SWI-032,0,1,1,1,1,0.0,0.0,0,0,LOW,0
CFG-0005292,DEV-PEDS-COR-054,0,1,1,1,1,0.0,0.0,0,0,LOW,0
CFG-0005293,DEV-MAIN-EDG-014,0,1,1,1,1,0.0,0.0,1,0,LOW,0
CFG-0005294,DEV-CLINIC-VPN-029,0,1,1,1,1,0.0,0.0,0,0,LOW,0
CFG-0005295,DEV-PEDS-WIR-007,0,1,1,1,1,0.0,0.0,1,0,LOW,0
CFG-0005296,DEV-ONCOLOGY-FIR-061,0,1,1,1,1,0.0,0.0,0,0,LOW,0
CFG-0005297,DEV-CLINIC-FIR-087,0,1,1,1,1,0.0,0.0,0,0,LOW,0
CFG-0005298,DEV-DIAG-COR-009,0,1,1,1,1,0.0,0.0,0,0,LOW,0
CFG-0005299,DEV-CARDIO-VPN-011,0,1,1,1,1,0.0,0.0,1,0,LOW,0
CFG-0005300,DEV-EMERGENCY-SWI-052,0,1,0,1,1,0.3,0.0,0,1,HIGH,2
CFG-0005301,DEV-RESEARCH-EDG-057,0,1,1,0,1,0.0,0.5,0,1,MEDIUM,1
CFG-0005302,DEV-DIAG-SWI-032,0,1,1,1,1,0.0,0.0,0,0,LOW,0
CFG-0005303,DEV-ADMIN-IOT-003,0,1,1,1,1,0.0,0.0,0,0,LOW,0
CFG-0005304,DEV-EMERGENCY-SWI-081,0,1,1,1,1,0.0,0.0,0,0,LOW,0
CFG-0005305,DEV-CLINIC-FIR-087,1,1,1,1,1,0.4,0.0,0,1,HIGH,2
CFG-0005306,DEV-EMERGENCY-SWI-081,0,1,1,1,1,0.0,0.0,1,0,LOW,0
CFG-0005307,DEV-CLINIC-WIR-097,0,1,1,1,1,0.0,0.0,0,0,LOW,0
CFG-0005308,DEV-DIAG-SWI-032,0,1,1,0,1,0.0,0.5,0,1,MEDIUM,1
CFG-0005309,DEV-PHARM-VPN-047,1,1,1,1,1,0.4,0.0,0,1,HIGH,2
CFG-0005310,DEV-EMERGENCY-IOT-015,0,1,1,1,1,0.0,0.0,0,0,LOW,0
CFG-0005311,DEV-PHARM-IOT-107,0,1,1,1,1,0.0,0.0,0,0,LOW,0
CFG-0005312,DEV-ADMIN-FIR-024,0,1,1,1,1,0.0,0.0,0,0,LOW,0
CFG-0005313,DEV-DIAG-ACC-036,0,1,1,1,1,0.0,0.0,0,0,LOW,0
CFG-0005314,DEV-EMERGENCY-FIR-058,0,1,1,1,1,0.0,0.0,0,0,LOW,0
CFG-0005315,DEV-PHARM-COR-106,1,1,1,1,1,0.4,0.0,1,1,LOW,0
CFG-0005316,DEV-MAIN-IOT-018,1,1,1,1,1,0.4,0.0,0,1,HIGH,2
CFG-0005317,DEV-MAIN-IOT-018,0,1,1,1,1,0.0,0.0,0,0,LOW,0
CFG-0005318,DEV-EMERGENCY-VPN-002,0,1,1,1,1,0.0,0.0,1,0,LOW,0
CFG-0005319,DEV-MAIN-SWI-042,0,1,1,1,1,0.0,0.0,1,0,LOW,0
CFG-0005320,DEV-RESEARCH-SWI-001,0,1,1,1,0,0.0,0.5,0,0,LOW,0
CFG-0005321,DEV-ADMIN-FIR-024,0,1,1,1,1,0.0,0.0,1,0,LOW,0
CFG-0005322,DEV-EMERGENCY-FIR-030,0,1,1,1,1,0.0,0.0,1,0,LOW,0
CFG-0005323,DEV-PEDS-WIR-095,0,1,0,1,1,0.3,0.0,0,1,HIGH,2
CFG-0005324,DEV-MAIN-ACC-090,0,1,1,1,1,0.0,0.0,0,0,LOW,0
CFG-0005326,DEV-PEDS-FIR-069,0,1,0,1,1,0.3,0.0,0,1,HIGH,2
CFG-0005327,DEV-ADMIN-EDG-050,0,1,1,0,1,0.0,0.5,0,1,MEDIUM,1
CFG-0005328,DEV-CLINIC-VPN-098,0,1,1,1,1,0.0,0.0,0,0,LOW,0
CFG-0005329,DEV-MAIN-EDG-014,1,1,1,1,1,0.4,0.0,0,1,HIGH,2
CFG-0005330,DEV-CARDIO-IOT-006,0,1,1,1,1,0.0,0.0,0,0,LOW,0
CFG-0005331,DEV-MAIN-IOT-005,0,1,0,1,1,0.3,0.0,0,1,HIGH,2
CFG-0005332,DEV-MAIN-ACC-090,0,1,1,1,1,0.0,0.0,1,0,LOW,0
CFG-0005333,DEV-PEDS-IOT-046,0,1,0,1,1,0.3,0.0,0,1,HIGH,2
CFG-0005334,DEV-PHARM-VPN-004,0,1,1,1,1,0.0,0.0,0,0,LOW,0
CFG-0005335,DEV-CARDIO-ACC-008,1,1,1,1,1,0.4,0.0,0,1,HIGH,2
CFG-0005336,DEV-EMERGENCY-COR-065,0,1,1,1,1,0.0,0.0,0,0,LOW,0
CFG-0005337,DEV-EMERGENCY-VPN-002,0,1,1,1,0,0.0,0.5,1,0,LOW,0
CFG-0005338,DEV-PHARM-FIR-101,0,1,1,1,1,0.0,0.0,0,0,LOW,0
CFG-0005339,DEV-PEDS-WIR-007,0,1,1,1,1,0.0,0.0,1,0,LOW,0
CFG-0005340,DEV-CARDIO-SWI-074,0,1,1,1,1,0.0,0.0,0,0,LOW,0
CFG-0005341,DEV-DIAG-SWI-092,0,1,1,1,1,0.0,0.0,0,0,LOW,0
CFG-0005342,DEV-CLINIC-ACC-034,0,1,1,1,1,0.0,0.0,0,0,LOW,0
CFG-0005343,DEV-MAIN-EDG-014,0,1,1,1,1,0.0,0.0,0,0,LOW,0
CFG-0005344,DEV-PEDS-COR-019,0,1,1,1,1,0.0,0.0,0,0,LOW,0
CFG-0005345,DEV-ADMIN-WIR-013,1,1,1,1,1,0.4,0.0,1,1,LOW,0
CFG-0005346,DEV-ONCOLOGY-VPN-075,0,1,1,0,1,0.0,0.5,1,1,LOW,0
CFG-0005347,DEV-PHARM-VPN-102,0,1,1,1,1,0.0,0.0,0,0,LOW,0
CFG-0005348,DEV-CLINIC-IOT-041,0,1,1,0,1,0.0,0.5,0,1,MEDIUM,1
CFG-0005349,DEV-EMERGENCY-VPN-002,0,1,1,1,0,0.0,0.5,1,0,LOW,0
CFG-0005350,DEV-DIAG-EDG-080,0,1,1,1,1,0.0,0.0,0,0,LOW,0
CFG-0005351,DEV-CARDIO-VPN-011,0,1,1,1,1,0.0,0.0,0,0,LOW,0
CFG-0005352,DEV-ONCOLOGY-SWI-039,0,1,1,1,1,0.0,0.0,0,0,LOW,0
CFG-0005353,DEV-RESEARCH-IOT-072,1,1,1,1,1,0.4,0.0,1,1,LOW,0
CFG-0005354,DEV-PEDS-ACC-104,0,1,1,1,1,0.0,0.0,1,0,LOW,0
CFG-0005355,DEV-EMERGENCY-VPN-094,0,1,1,1,1,0.0,0.0,0,0,LOW,0
CFG-0005356,DEV-EMERGENCY-IOT-073,0,1,1,1,1,0.0,0.0,0,0,LOW,0
CFG-0005357,DEV-EMERGENCY-VPN-094,0,1,0,1,1,0.3,0.0,0,1,HIGH,2
CFG-0005358,DEV-DIAG-WIR-084,0,1,1,1,1,0.0,0.0,1,0,LOW,0
CFG-0005359,DEV-DIAG-EDG-080,0,1,1,1,1,0.0,0.0,0,0,LOW,0
CFG-0005360,DEV-CARDIO-SWI-062,0,1,1,0,1,0.0,0.5,0,1,MEDIUM,1
CFG-0005361,DEV-DIAG-SWI-032,0,1,1,1,1,0.0,0.0,1,0,LOW,0
CFG-0005362,DEV-ONCOLOGY-ACC-016,0,1,1,1,1,0.0,0.0,0,0,LOW,0
CFG-0005363,DEV-PEDS-WIR-095,0,1,1,1,1,0.0,0.0,1,0,LOW,0
CFG-0005364,DEV-CLINIC-FIR-087,0,1,1,1,1,0.0,0.0,0,0,LOW,0
CFG-0005365,DEV-PHARM-VPN-004,0,1,1,1,1,0.0,0.0,1,0,LOW,0
CFG-0005366,DEV-MAIN-EDG-014,0,1,1,1,1,0.0,0.0,0,0,LOW,0
CFG-0005367,DEV-MAIN-IOT-018,0,1,1,1,1,0.0,0.0,0,0,LOW,0
CFG-0005368,DEV-ONCOLOGY-VPN-075,0,1,1,1,1,0.0,0.0,0,0,LOW,0
CFG-0005369,DEV-DIAG-SWI-032,0,1,1,0,1,0.0,0.5,0,1,MEDIUM,1
CFG-0005370,DEV-MAIN-SWI-042,0,1,1,1,1,0.0,0.0,1,0,LOW,0
CFG-0005371,DEV-ONCOLOGY-ACC-053,0,1,1,1,1,0.0,0.0,0,0,LOW,0
CFG-0005372,DEV-RESEARCH-FIR-056,0,1,1,1,1,0.0,0.0,0,0,LOW,0
CFG-0005373,DEV-RESEARCH-FIR-056,1,1,1,1,1,0.4,0.0,0,1,HIGH,2
CFG-0005374,DEV-EMERGENCY-SWI-052,1,1,1,1,1,0.4,0.0,0,1,HIGH,2
CFG-0005375,DEV-PHARM-VPN-004,0,1,1,1,1,0.0,0.0,0,0,LOW,0
CFG-0005376,DEV-MAIN-WIR-043,0,1,1,1,1,0.0,0.0,0,0,LOW,0
CFG-0005377,DEV-PEDS-COR-054,0,1,1,1,1,0.0,0.0,0,0,LOW,0
CFG-0005378,DEV-ONCOLOGY-IOT-070,0,1,1,1,1,0.0,0.0,0,0,LOW,0
CFG-0005379,DEV-DIAG-SWI-092,0,1,1,0,1,0.0,0.5,0,1,MEDIUM,1
CFG-0005380,DEV-EMERGENCY-VPN-002,1,1,1,1,1,0.4,0.0,1,1,LOW,0
CFG-0005381,DEV-CARDIO-IOT-006,0,1,1,1,1,0.0,0.0,1,0,LOW,0
CFG-0005382,DEV-MAIN-EDG-014,0,1,0,1,1,0.3,0.0,0,1,HIGH,2
CFG-0005383,DEV-PHARM-FIR-101,0,1,1,1,1,0.0,0.0,0,0,LOW,0
CFG-0005384,DEV-MAIN-EDG-012,0,1,1,1,1,0.0,0.0,0,0,LOW,0
CFG-0005385,DEV-RESEARCH-FIR-078,0,1,1,1,1,0.0,0.0,0,0,LOW,0
CFG-0005386,DEV-ADMIN-FIR-024,0,1,1,1,1,0.0,0.0,0,0,LOW,0
CFG-0005387,DEV-RESEARCH-SWI-100,0,1,1,1,1,0.0,0.0,0,0,LOW,0
CFG-0005388,DEV-CLINIC-ACC-034,0,1,1,1,1,0.0,0.0,1,0,LOW,0
CFG-0005389,DEV-EMERGENCY-IOT-073,0,1,1,1,1,0.0,0.0,0,0,LOW,0
CFG-0005390,DEV-PHARM-IOT-107,0,1,1,1,1,0.0,0.0,0,0,LOW,0
CFG-0005391,DEV-EMERGENCY-SWI-052,0,1,1,1,1,0.0,0.0,1,0,LOW,0
CFG-0005392,DEV-MAIN-ACC-077,0,1,1,1,1,0.0,0.0,1,0,LOW,0
CFG-0005393,DEV-ADMIN-VPN-021,0,1,1,1,1,0.0,0.0,0,0,LOW,0
CFG-0005394,DEV-PHARM-VPN-023,0,1,1,1,1,0.0,0.0,1,0,LOW,0
CFG-0005395,DEV-ADMIN-IOT-003,0,1,1,1,1,0.0,0.0,1,0,LOW,0
CFG-0005396,DEV-CLINIC-ACC-109,0,1,1,1,1,0.0,0.0,0,0,LOW,0
CFG-0005397,DEV-PHARM-IOT-107,0,1,1,1,1,0.0,0.0,0,0,LOW,0
CFG-0005398,DEV-RESEARCH-SWI-001,0,1,1,1,1,0.0,0.0,0,0,LOW,0
CFG-0005399,DEV-DIAG-SWI-060,0,1,1,1,1,0.0,0.0,0,0,LOW,0
CFG-0005400,DEV-EMERGENCY-SWI-099,0,1,1,1,1,0.0,0.0,0,0,LOW,0
CFG-0005401,DEV-ADMIN-SWI-049,0,1,1,1,1,0.0,0.0,0,0,LOW,0
CFG-0005402,DEV-PEDS-FIR-069,1,1,1,1,1,0.4,0.0,0,1,HIGH,2
CFG-0005403,DEV-RESEARCH-VPN-045,0,1,1,1,1,0.0,0.0,1,0,LOW,0
CFG-0005404,DEV-RESEARCH-FIR-078,0,1,1,0,1,0.0,0.5,0,1,MEDIUM,1
CFG-0005405,DEV-PEDS-WIR-095,0,1,1,1,1,0.0,0.0,1,0,LOW,0
CFG-0005406,DEV-PEDS-FIR-069,1,1,1,1,1,0.4,0.0,0,1,HIGH,2
CFG-0005407,DEV-CARDIO-IOT-006,0,1,1,1,1,0.0,0.0,0,0,LOW,0
CFG-0005408,DEV-RESEARCH-FIR-056,0,1,1,1,1,0.0,0.0,0,0,LOW,0
CFG-0005409,DEV-ADMIN-IOT-003,1,1,1,1,1,0.4,0.0,0,1,HIGH,2
CFG-0005410,DEV-CLINIC-EDG-048,0,1,1,1,1,0.0,0.0,0,0,LOW,0
CFG-0005411,DEV-MAIN-FIR-064,0,1,1,1,1,0.0,0.0,0,0,LOW,0
CFG-0005412,DEV-PEDS-WIR-095,0,1,1,1,1,0.0,0.0,1,0,LOW,0
CFG-0005413,DEV-DIAG-ACC-103,0,1,1,1,1,0.0,0.0,1,0,LOW,0
CFG-0005414,DEV-RESEARCH-SWI-079,0,1,1,1,1,0.0,0.0,0,0,LOW,0
CFG-0005415,DEV-PHARM-FIR-101,0,1,1,1,1,0.0,0.0,0,0,LOW,0
CFG-0005416,DEV-RESEARCH-SWI-001,0,1,1,1,1,0.0,0.0,1,0,LOW,0
CFG-0005417,DEV-ONCOLOGY-ACC-016,0,1,1,1,1,0.0,0.0,0,0,LOW,0
CFG-0005418,DEV-MAIN-ACC-090,0,1,1,1,1,0.0,0.0,1,0,LOW,0
CFG-0005419,DEV-RESEARCH-SWI-020,0,1,1,1,1,0.0,0.0,0,0,LOW,0
CFG-0005420,DEV-PHARM-IOT-107,0,1,1,1,1,0.0,0.0,0,0,LOW,0
CFG-0005421,DEV-EMERGENCY-SWI-052,0,1,1,1,1,0.0,0.0,0,0,LOW,0
CFG-0005422,DEV-ONCOLOGY-ACC-016,0,1,0,1,1,0.3,0.0,0,1,HIGH,2
CFG-0005423,DEV-CARDIO-EDG-085,0,1,1,1,1,0.0,0.0,0,0,LOW,0
CFG-0005424,DEV-RESEARCH-EDG-055,0,1,1,1,1,0.0,0.0,0,0,LOW,0
CFG-0005425,DEV-CARDIO-IOT-006,0,1,1,0,1,0.0,0.5,0,1,MEDIUM,1
CFG-0005426,DEV-CARDIO-SWI-074,0,1,1,1,1,0.0,0.0,0,0,LOW,0
CFG-0005427,DEV-CLINIC-EDG-048,1,1,1,1,1,0.4,0.0,0,1,HIGH,2
CFG-0005428,DEV-CARDIO-SWI-074,0,1,1,1,1,0.0,0.0,1,0,LOW,0
CFG-0005429,DEV-MAIN-ACC-077,0,1,1,0,1,0.0,0.5,1,1,LOW,0
CFG-0005430,DEV-RESEARCH-SWI-020,0,1,1,1,1,0.0,0.0,0,0,LOW,0
CFG-0005431,DEV-MAIN-FIR-064,0,1,1,1,0,0.0,0.5,1,0,LOW,0
CFG-0005432,DEV-PEDS-WIR-007,0,1,1,1,1,0.0,0.0,0,0,LOW,0
CFG-0005433,DEV-CLINIC-VPN-098,0,1,1,1,1,0.0,0.0,1,0,LOW,0
CFG-0005434,DEV-RESEARCH-EDG-057,0,1,1,1,1,0.0,0.0,0,0,LOW,0
CFG-0005435,DEV-ONCOLOGY-SWI-039,0,1,1,1,1,0.0,0.0,0,0,LOW,0
CFG-0005436,DEV-PHARM-VPN-023,0,1,1,1,1,0.0,0.0,1,0,LOW,0
CFG-0005437,DEV-CLINIC-VPN-051,0,1,1,0,1,0.0,0.5,0,1,MEDIUM,1
CFG-0005438,DEV-EMERGENCY-VPN-002,0,1,1,1,1,0.0,0.0,0,0,LOW,0
CFG-0005439,DEV-ONCOLOGY-VPN-075,0,1,1,1,1,0.0,0.0,1,0,LOW,0
CFG-0005440,DEV-ADMIN-EDG-050,0,1,1,1,1,0.0,0.0,0,0,LOW,0
CFG-0005441,DEV-MAIN-EDG-014,0,1,1,1,1,0.0,0.0,0,0,LOW,0
CFG-0005442,DEV-PHARM-FIR-010,0,1,0,1,1,0.3,0.0,0,1,HIGH,2
CFG-0005443,DEV-MAIN-VPN-026,0,1,1,1,1,0.0,0.0,0,0,LOW,0
CFG-0005444,DEV-CLINIC-VPN-051,0,1,1,1,1,0.0,0.0,0,0,LOW,0
CFG-0005445,DEV-ADMIN-FIR-093,0,1,1,0,1,0.0,0.5,1,1,LOW,0
CFG-0005446,DEV-ONCOLOGY-SWI-039,0,1,1,0,1,0.0,0.5,1,1,LOW,0
CFG-0005447,DEV-RESEARCH-SWI-001,0,1,1,1,0,0.0,0.5,1,0,LOW,0
CFG-0005448,DEV-RESEARCH-VPN-045,0,1,1,1,1,0.0,0.0,0,0,LOW,0
CFG-0005449,DEV-PEDS-WIR-095,1,1,1,1,1,0.4,0.0,1,1,LOW,0
CFG-0005450,DEV-PEDS-WIR-007,0,1,1,1,1,0.0,0.0,0,0,LOW,0
CFG-0005451,DEV-PHARM-FIR-028,1,1,1,1,1,0.4,0.0,0,1,HIGH,2
CFG-0005452,DEV-MAIN-EDG-014,0,1,1,1,1,0.0,0.0,0,0,LOW,0
CFG-0005453,DEV-PEDS-WIR-007,0,1,1,1,1,0.0,0.0,0,0,LOW,0
CFG-0005454,DEV-PEDS-WIR-007,0,1,1,1,1,0.0,0.0,0,0,LOW,0
CFG-0005455,DEV-PHARM-VPN-047,0,1,1,1,1,0.0,0.0,1,0,LOW,0
CFG-0005456,DEV-RESEARCH-SWI-079,0,1,1,0,1,0.0,0.5,0,1,MEDIUM,1
CFG-0005457,DEV-DIAG-WIR-084,1,1,1,1,1,0.4,0.0,1,1,LOW,0
CFG-0005458,DEV-MAIN-WIR-043,0,1,1,1,1,0.0,0.0,1,0,LOW,0
CFG-0005459,DEV-ONCOLOGY-WIR-037,0,1,1,1,1,0.0,0.0,0,0,LOW,0
CFG-0005460,DEV-PEDS-WIR-007,1,1,1,1,1,0.4,0.0,0,1,HIGH,2
CFG-0005461,DEV-CLINIC-ACC-027,0,1,1,1,1,0.0,0.0,0,0,LOW,0
CFG-0005462,DEV-RESEARCH-SWI-001,0,1,1,1,1,0.0,0.0,1,0,LOW,0
CFG-0005463,DEV-RESEARCH-FIR-086,0,1,1,1,1,0.0,0.0,0,0,LOW,0
CFG-0005464,DEV-PEDS-WIR-007,1,1,1,1,1,0.4,0.0,1,1,LOW,0
CFG-0005465,DEV-EMERGENCY-IOT-073,0,1,1,1,0,0.0,0.5,1,0,LOW,0
CFG-0005466,DEV-MAIN-IOT-018,0,1,1,1,1,0.0,0.0,0,0,LOW,0
CFG-0005467,DEV-CARDIO-VPN-011,0,1,1,1,0,0.0,0.5,0,0,LOW,0
CFG-0005468,DEV-RESEARCH-SWI-001,0,1,1,1,1,0.0,0.0,1,0,LOW,0
CFG-0005469,DEV-EMERGENCY-VPN-002,0,1,1,1,1,0.0,0.0,1,0,LOW,0
CFG-0005470,DEV-EMERGENCY-SWI-066,0,1,1,0,1,0.0,0.5,0,1,MEDIUM,1
CFG-0005471,DEV-CLINIC-EDG-048,0,1,1,1,1,0.0,0.0,0,0,LOW,0
CFG-0005472,DEV-RESEARCH-FIR-031,0,1,1,1,0,0.0,0.5,1,0,LOW,0
CFG-0005473,DEV-CARDIO-COR-063,0,1,1,0,1,0.0,0.5,0,1,MEDIUM,1
CFG-0005474,DEV-EMERGENCY-SWI-052,0,1,1,1,1,0.0,0.0,0,0,LOW,0
CFG-0005475,DEV-RESEARCH-SWI-001,0,1,1,1,1,0.0,0.0,0,0,LOW,0
CFG-0005476,DEV-DIAG-SWI-060,1,1,1,1,1,0.4,0.0,0,1,HIGH,2
CFG-0005477,DEV-EMERGENCY-SWI-052,0,1,1,1,1,0.0,0.0,0,0,LOW,0
CFG-0005478,DEV-PEDS-COR-019,0,1,1,1,1,0.0,0.0,1,0,LOW,0
CFG-0005479,DEV-DIAG-COR-009,0,1,1,1,1,0.0,0.0,1,0,LOW,0
CFG-0005480,DEV-ADMIN-COR-105,0,1,1,1,1,0.0,0.0,0,0,LOW,0
CFG-0005481,DEV-CLINIC-ACC-034,0,1,1,1,1,0.0,0.0,0,0,LOW,0
CFG-0005482,DEV-RESEARCH-FIR-078,0,1,1,1,0,0.0,0.5,1,0,LOW,0
CFG-0005483,DEV-ADMIN-FIR-024,0,1,1,1,1,0.0,0.0,0,0,LOW,0
CFG-0005484,DEV-PEDS-FIR-069,1,1,1,1,1,0.4,0.0,0,1,HIGH,2
CFG-0005485,DEV-CARDIO-SWI-062,0,1,1,1,1,0.0,0.0,0,0,LOW,0
CFG-0005486,DEV-DIAG-SWI-092,0,1,1,1,1,0.0,0.0,1,0,LOW,0
CFG-0005487,DEV-PEDS-IOT-035,1,1,1,1,1,0.4,0.0,0,1,HIGH,2
CFG-0005488,DEV-CARDIO-FIR-089,0,1,1,1,1,0.0,0.0,0,0,LOW,0
CFG-0005489,DEV-EMERGENCY-COR-022,0,1,1,1,1,0.0,0.0,0,0,LOW,0
CFG-0005490,DEV-DIAG-WIR-084,0,1,1,1,1,0.0,0.0,1,0,LOW,0
CFG-0005491,DEV-CARDIO-IOT-110,0,1,1,1,1,0.0,0.0,0,0,LOW,0
CFG-0005492,DEV-MAIN-EDG-014,0,1,1,1,1,0.0,0.0,1,0,LOW,0
CFG-0005493,DEV-DIAG-COR-009,0,1,1,1,1,0.0,0.0,0,0,LOW,0
CFG-0005494,DEV-EMERGENCY-VPN-002,0,1,1,1,1,0.0,0.0,0,0,LOW,0
CFG-0005495,DEV-PEDS-WIR-095,0,1,1,1,1,0.0,0.0,0,0,LOW,0
CFG-0005496,DEV-MAIN-FIR-091,0,1,1,1,1,0.0,0.0,0,0,LOW,0
CFG-0005497,DEV-PHARM-VPN-047,0,1,1,1,1,0.0,0.0,1,0,LOW,0
CFG-0005498,DEV-ADMIN-EDG-050,0,1,1,0,1,0.0,0.5,0,1,MEDIUM,1
CFG-0005499,DEV-RESEARCH-FIR-031,0,1,1,1,1,0.0,0.0,0,0,LOW,0
CFG-0005500,DEV-RESEARCH-SWI-079,0,1,1,1,1,0.0,0.0,1,0,LOW,0
CFG-0005501,DEV-PEDS-COR-019,0,1,0,1,1,0.3,0.0,0,1,HIGH,2
CFG-0005502,DEV-PEDS-FIR-069,0,1,1,1,1,0.0,0.0,1,0,LOW,0
CFG-0005503,DEV-MAIN-FIR-091,0,1,1,1,1,0.0,0.0,0,0,LOW,0
CFG-0005504,DEV-PEDS-WIR-095,0,1,1,1,1,0.0,0.0,1,0,LOW,0
CFG-0005505,DEV-DIAG-ACC-103,0,1,1,1,1,0.0,0.0,0,0,LOW,0
CFG-0005506,DEV-MAIN-EDG-014,0,1,1,1,1,0.0,0.0,0,0,LOW,0
CFG-0005507,DEV-PEDS-IOT-035,0,1,1,1,1,0.0,0.0,0,0,LOW,0
CFG-0005508,DEV-DIAG-COR-009,0,1,1,1,1,0.0,0.0,0,0,LOW,0
CFG-0005509,DEV-DIAG-EDG-067,0,1,1,1,1,0.0,0.0,1,0,LOW,0
CFG-0005510,DEV-PEDS-COR-019,0,1,0,1,1,0.3,0.0,0,1,HIGH,2
CFG-0005511,DEV-PHARM-FIR-010,0,1,1,1,1,0.0,0.0,1,0,LOW,0
CFG-0005512,DEV-EMERGENCY-SWI-081,0,1,1,1,1,0.0,0.0,0,0,LOW,0
CFG-0005513,DEV-CLINIC-SWI-082,0,1,0,1,1,0.3,0.0,0,1,HIGH,2
CFG-0005514,DEV-ONCOLOGY-IOT-059,0,1,1,1,1,0.0,0.0,1,0,LOW,0
CFG-0005515,DEV-PHARM-EDG-038,0,1,1,0,1,0.0,0.5,0,1,MEDIUM,1
CFG-0005516,DEV-CLINIC-ACC-027,0,1,1,1,1,0.0,0.0,0,0,LOW,0
CFG-0005517,DEV-CLINIC-ACC-034,1,1,1,1,1,0.4,0.0,1,1,LOW,0
CFG-0005518,DEV-ADMIN-COR-105,0,1,1,1,1,0.0,0.0,1,0,LOW,0
CFG-0005519,DEV-ONCOLOGY-SWI-039,0,1,1,1,1,0.0,0.0,0,0,LOW,0
CFG-0005520,DEV-CLINIC-ACC-034,0,1,0,1,1,0.3,0.0,0,1,HIGH,2
CFG-0005521,DEV-CARDIO-FIR-088,0,1,1,1,1,0.0,0.0,0,0,LOW,0
CFG-0005522,DEV-RESEARCH-EDG-055,0,1,1,1,1,0.0,0.0,0,0,LOW,0
CFG-0005523,DEV-EMERGENCY-IOT-073,1,1,1,1,1,0.4,0.0,0,1,HIGH,2
CFG-0005524,DEV-DIAG-SWI-032,1,1,1,1,1,0.4,0.0,0,1,HIGH,2
CFG-0005525,DEV-EMERGENCY-COR-065,0,1,1,1,1,0.0,0.0,1,0,LOW,0
CFG-0005526,DEV-MAIN-WIR-043,0,1,1,1,1,0.0,0.0,0,0,LOW,0
CFG-0005527,DEV-CLINIC-SWI-082,0,1,1,1,1,0.0,0.0,0,0,LOW,0
CFG-0005528,DEV-EMERGENCY-COR-065,0,1,1,1,1,0.0,0.0,1,0,LOW,0
CFG-0005529,DEV-RESEARCH-FIR-031,0,1,1,1,1,0.0,0.0,0,0,LOW,0
CFG-0005530,DEV-ADMIN-IOT-003,0,1,1,1,1,0.0,0.0,1,0,LOW,0
CFG-0005531,DEV-ADMIN-IOT-003,0,1,1,1,1,0.0,0.0,1,0,LOW,0
CFG-0005532,DEV-PEDS-ACC-104,0,1,1,1,1,0.0,0.0,0,0,LOW,0
CFG-0005533,DEV-MAIN-ACC-077,0,1,1,1,1,0.0,0.0,0,0,LOW,0
CFG-0005534,DEV-PEDS-VPN-025,1,1,1,1,1,0.4,0.0,0,1,HIGH,2
CFG-0005535,DEV-MAIN-SWI-017,0,1,1,1,1,0.0,0.0,0,0,LOW,0
CFG-0005536,DEV-CLINIC-ACC-027,0,1,1,1,1,0.0,0.0,1,0,LOW,0
CFG-0005537,DEV-EMERGENCY-COR-065,1,1,1,1,1,0.4,0.0,0,1,HIGH,2
CFG-0005538,DEV-PEDS-IOT-046,0,1,1,1,1,0.0,0.0,1,0,LOW,0
CFG-0005539,DEV-ADMIN-WIR-013,0,1,1,1,1,0.0,0.0,1,0,LOW,0
CFG-0005540,DEV-RESEARCH-FIR-086,0,1,1,1,1,0.0,0.0,0,0,LOW,0
CFG-0005541,DEV-CLINIC-ACC-034,1,1,1,0,1,0.4,0.5,0,2,HIGH,2
CFG-0005542,DEV-ONCOLOGY-IOT-059,0,1,1,1,1,0.0,0.0,0,0,LOW,0
CFG-0005543,DEV-CLINIC-SWI-082,0,1,1,1,1,0.0,0.0,0,0,LOW,0
CFG-0005544,DEV-CLINIC-SWI-082,0,1,1,1,1,0.0,0.0,0,0,LOW,0
CFG-0005545,DEV-MAIN-ACC-090,0,1,1,1,1,0.0,0.0,0,0,LOW,0
CFG-0005546,DEV-EMERGENCY-COR-022,0,1,1,1,1,0.0,0.0,1,0,LOW,0
CFG-0005547,DEV-ADMIN-COR-105,1,1,1,1,1,0.4,0.0,0,1,HIGH,2
CFG-0005548,DEV-ONCOLOGY-SWI-039,0,1,1,1,1,0.0,0.0,1,0,LOW,0
CFG-0005549,DEV-DIAG-EDG-080,0,1,1,1,1,0.0,0.0,0,0,LOW,0
CFG-0005551,DEV-CLINIC-SWI-082,1,1,1,1,1,0.4,0.0,0,1,HIGH,2
CFG-0005552,DEV-PEDS-ACC-104,0,1,1,1,1,0.0,0.0,0,0,LOW,0
CFG-0005553,DEV-MAIN-FIR-064,0,1,1,1,1,0.0,0.0,1,0,LOW,0
CFG-0005554,DEV-RESEARCH-EDG-055,0,1,1,1,1,0.0,0.0,0,0,LOW,0
CFG-0005555,DEV-RESEARCH-FIR-031,0,1,1,1,1,0.0,0.0,0,0,LOW,0
CFG-0005556,DEV-MAIN-FIR-091,0,1,1,1,1,0.0,0.0,0,0,LOW,0
CFG-0005557,DEV-CLINIC-SWI-082,0,1,1,1,1,0.0,0.0,1,0,LOW,0
CFG-0005558,DEV-ADMIN-SWI-049,0,1,1,1,1,0.0,0.0,0,0,LOW,0
CFG-0005559,DEV-EMERGENCY-IOT-073,1,1,1,1,1,0.4,0.0,0,1,HIGH,2
CFG-0005560,DEV-CARDIO-FIR-089,0,1,1,1,1,0.0,0.0,1,0,LOW,0
CFG-0005561,DEV-PHARM-ACC-083,0,1,1,1,1,0.0,0.0,0,0,LOW,0
CFG-0005562,DEV-MAIN-IOT-005,0,1,1,1,1,0.0,0.0,0,0,LOW,0
CFG-0005563,DEV-EMERGENCY-COR-022,0,1,1,1,1,0.0,0.0,0,0,LOW,0
CFG-0005564,DEV-PHARM-FIR-101,0,1,1,1,1,0.0,0.0,0,0,LOW,0
CFG-0005565,DEV-ONCOLOGY-ACC-053,1,1,1,1,1,0.4,0.0,0,1,HIGH,2
CFG-0005566,DEV-CLINIC-ACC-034,0,1,1,1,0,0.0,0.5,0,0,LOW,0
CFG-0005567,DEV-CARDIO-ACC-008,0,1,1,1,1,0.0,0.0,0,0,LOW,0
CFG-0005568,DEV-MAIN-VPN-026,0,1,1,1,1,0.0,0.0,1,0,LOW,0
CFG-0005569,DEV-CLINIC-FIR-087,1,1,1,1,1,0.4,0.0,0,1,HIGH,2
CFG-0005570,DEV-EMERGENCY-FIR-058,0,1,1,1,1,0.0,0.0,0,0,LOW,0
CFG-0005571,DEV-ADMIN-WIR-013,0,1,1,1,1,0.0,0.0,0,0,LOW,0
CFG-0005572,DEV-ONCOLOGY-IOT-059,0,1,1,1,1,0.0,0.0,1,0,LOW,0
CFG-0005573,DEV-EMERGENCY-VPN-002,0,1,1,1,1,0.0,0.0,0,0,LOW,0
CFG-0005574,DEV-EMERGENCY-SWI-096,0,1,1,1,1,0.0,0.0,0,0,LOW,0
CFG-0005575,DEV-CARDIO-IOT-006,0,1,1,1,1,0.0,0.0,0,0,LOW,0
CFG-0005576,DEV-EMERGENCY-SWI-066,0,1,1,1,1,0.0,0.0,0,0,LOW,0
CFG-0005577,DEV-RESEARCH-FIR-031,0,1,1,1,1,0.0,0.0,0,0,LOW,0
CFG-0005578,DEV-CARDIO-SWI-062,0,1,1,1,1,0.0,0.0,0,0,LOW,0
CFG-0005579,DEV-CLINIC-VPN-029,0,1,1,1,1,0.0,0.0,0,0,LOW,0
CFG-0005580,DEV-EMERGENCY-VPN-002,0,1,1,1,1,0.0,0.0,1,0,LOW,0
CFG-0005581,DEV-DIAG-SWI-060,0,1,1,1,1,0.0,0.0,0,0,LOW,0
CFG-0005582,DEV-EMERGENCY-VPN-002,0,1,1,1,1,0.0,0.0,1,0,LOW,0
CFG-0005583,DEV-PHARM-IOT-107,0,1,1,1,1,0.0,0.0,0,0,LOW,0
CFG-0005584,DEV-CARDIO-FIR-089,0,1,1,1,1,0.0,0.0,1,0,LOW,0
CFG-0005585,DEV-DIAG-COR-009,0,1,1,1,1,0.0,0.0,1,0,LOW,0
CFG-0005586,DEV-ONCOLOGY-VPN-075,0,1,0,1,1,0.3,0.0,0,1,HIGH,2
CFG-0005587,DEV-CLINIC-SWI-082,0,1,1,1,1,0.0,0.0,1,0,LOW,0
CFG-0005588,DEV-DIAG-COR-009,0,1,1,1,1,0.0,0.0,0,0,LOW,0
CFG-0005589,DEV-PHARM-VPN-047,1,1,1,1,1,0.4,0.0,1,1,LOW,0
CFG-0005590,DEV-CLINIC-SWI-082,1,1,1,1,1,0.4,0.0,0,1,HIGH,2
CFG-0005591,DEV-ADMIN-COR-105,0,1,1,1,1,0.0,0.0,1,0,LOW,0
CFG-0005592,DEV-RESEARCH-FIR-086,0,1,1,1,1,0.0,0.0,0,0,LOW,0
CFG-0005593,DEV-CLINIC-ACC-034,1,1,1,1,1,0.4,0.0,1,1,LOW,0
CFG-0005594,DEV-RESEARCH-SWI-001,0,1,1,1,1,0.0,0.0,0,0,LOW,0
CFG-0005595,DEV-PHARM-IOT-107,0,1,1,1,1,0.0,0.0,0,0,LOW,0
CFG-0005596,DEV-ADMIN-FIR-024,0,1,1,1,1,0.0,0.0,1,0,LOW,0
CFG-0005597,DEV-EMERGENCY-COR-065,0,1,1,1,1,0.0,0.0,0,0,LOW,0
CFG-0005598,DEV-CLINIC-SWI-082,0,1,1,1,1,0.0,0.0,1,0,LOW,0
CFG-0005599,DEV-EMERGENCY-SWI-099,0,1,1,1,1,0.0,0.0,0,0,LOW,0
CFG-0005600,DEV-EMERGENCY-SWI-099,0,1,1,0,1,0.0,0.5,0,1,MEDIUM,1
CFG-0005601,DEV-MAIN-SWI-044,0,1,1,1,1,0.0,0.0,0,0,LOW,0
CFG-0005602,DEV-MAIN-FIR-064,0,1,1,1,1,0.0,0.0,0,0,LOW,0
CFG-0005603,DEV-ADMIN-SWI-049,0,1,1,1,1,0.0,0.0,0,0,LOW,0
CFG-0005604,DEV-RESEARCH-EDG-057,0,1,1,1,1,0.0,0.0,1,0,LOW,0
CFG-0005605,DEV-PHARM-VPN-102,0,1,1,1,1,0.0,0.0,1,0,LOW,0
CFG-0005606,DEV-CARDIO-SWI-062,0,1,0,1,1,0.3,0.0,0,1,HIGH,2
CFG-0005607,DEV-MAIN-ACC-090,0,1,1,1,1,0.0,0.0,0,0,LOW,0
CFG-0005608,DEV-CARDIO-VPN-011,0,1,1,1,1,0.0,0.0,0,0,LOW,0
CFG-0005609,DEV-RESEARCH-SWI-100,0,1,1,1,1,0.0,0.0,0,0,LOW,0
CFG-0005610,DEV-MAIN-ACC-077,0,1,1,1,1,0.0,0.0,0,0,LOW,0
CFG-0005611,DEV-CLINIC-FIR-087,0,1,1,1,1,0.0,0.0,0,0,LOW,0
CFG-0005612,DEV-RESEARCH-VPN-045,0,1,1,1,1,0.0,0.0,0,0,LOW,0
CFG-0005614,DEV-RESEARCH-FIR-086,0,1,1,1,1,0.0,0.0,0,0,LOW,0
CFG-0005615,DEV-DIAG-EDG-080,0,1,1,1,0,0.0,0.5,0,0,LOW,0
CFG-0005616,DEV-DIAG-SWI-032,0,1,1,1,1,0.0,0.0,0,0,LOW,0
CFG-0005617,DEV-ADMIN-SWI-049,0,1,1,1,1,0.0,0.0,0,0,LOW,0
CFG-0005618,DEV-DIAG-ACC-103,0,1,1,1,1,0.0,0.0,1,0,LOW,0
CFG-0005619,DEV-PHARM-FIR-028,0,1,1,1,0,0.0,0.5,0,0,LOW,0
CFG-0005620,DEV-ADMIN-IOT-003,0,1,1,1,1,0.0,0.0,0,0,LOW,0
CFG-0005621,DEV-CARDIO-ACC-068,0,1,1,1,1,0.0,0.0,0,0,LOW,0
CFG-0005622,DEV-PHARM-FIR-101,0,1,1,1,1,0.0,0.0,0,0,LOW,0
CFG-0005623,DEV-CARDIO-ACC-008,0,1,1,1,1,0.0,0.0,0,0,LOW,0
CFG-0005624,DEV-CARDIO-VPN-011,0,1,1,1,1,0.0,0.0,0,0,LOW,0
CFG-0005625,DEV-EMERGENCY-IOT-015,0,1,1,1,1,0.0,0.0,0,0,LOW,0
CFG-0005626,DEV-RESEARCH-EDG-055,0,1,1,1,1,0.0,0.0,1,0,LOW,0
CFG-0005627,DEV-CLINIC-ACC-033,0,1,1,1,1,0.0,0.0,0,0,LOW,0
CFG-0005628,DEV-PHARM-ACC-083,0,1,1,1,1,0.0,0.0,0,0,LOW,0
CFG-0005629,DEV-DIAG-ACC-036,0,1,1,1,1,0.0,0.0,1,0,LOW,0
CFG-0005630,DEV-PEDS-WIR-040,0,1,1,1,1,0.0,0.0,1,0,LOW,0
CFG-0005631,DEV-DIAG-ACC-103,0,1,1,1,1,0.0,0.0,1,0,LOW,0
CFG-0005632,DEV-PEDS-WIR-007,0,1,1,1,1,0.0,0.0,0,0,LOW,0
CFG-0005633,DEV-CARDIO-IOT-110,0,1,1,1,1,0.0,0.0,0,0,LOW,0
CFG-0005634,DEV-RESEARCH-SWI-079,0,1,1,1,1,0.0,0.0,0,0,LOW,0
CFG-0005635,DEV-MAIN-VPN-026,0,1,1,1,1,0.0,0.0,0,0,LOW,0
CFG-0005636,DEV-CARDIO-FIR-089,0,1,1,1,1,0.0,0.0,0,0,LOW,0
CFG-0005637,DEV-PEDS-IOT-035,0,1,1,1,1,0.0,0.0,0,0,LOW,0
CFG-0005638,DEV-ADMIN-COR-105,0,1,1,0,1,0.0,0.5,1,1,LOW,0
CFG-0005639,DEV-CLINIC-SWI-082,1,1,1,0,1,0.4,0.5,0,2,HIGH,2
CFG-0005640,DEV-CARDIO-SWI-062,0,1,1,1,1,0.0,0.0,0,0,LOW,0
CFG-0005641,DEV-RESEARCH-SWI-001,0,1,1,1,1,0.0,0.0,1,0,LOW,0
CFG-0005642,DEV-CLINIC-VPN-098,1,1,1,1,1,0.4,0.0,0,1,HIGH,2
CFG-0005643,DEV-ADMIN-SWI-049,0,1,1,1,0,0.0,0.5,0,0,LOW,0
CFG-0005644,DEV-MAIN-IOT-018,0,1,1,1,1,0.0,0.0,0,0,LOW,0
CFG-0005645,DEV-DIAG-SWI-092,0,1,1,1,1,0.0,0.0,0,0,LOW,0
CFG-0005646,DEV-RESEARCH-EDG-057,0,1,1,1,1,0.0,0.0,0,0,LOW,0
CFG-0005647,DEV-ONCOLOGY-SWI-039,1,1,1,1,1,0.4,0.0,0,1,HIGH,2
CFG-0005648,DEV-MAIN-IOT-005,0,1,1,1,0,0.0,0.5,0,0,LOW,0
CFG-0005649,DEV-EMERGENCY-COR-022,0,1,1,1,1,0.0,0.0,0,0,LOW,0
CFG-0005650,DEV-CARDIO-ACC-008,0,1,1,1,0,0.0,0.5,1,0,LOW,0
CFG-0005651,DEV-ONCOLOGY-ACC-016,0,1,1,1,1,0.0,0.0,1,0,LOW,0
CFG-0005652,DEV-PEDS-COR-054,0,1,1,1,1,0.0,0.0,1,0,LOW,0
CFG-0005653,DEV-CLINIC-ACC-027,0,1,1,1,1,0.0,0.0,0,0,LOW,0
CFG-0005654,DEV-CARDIO-IOT-110,0,1,1,1,1,0.0,0.0,1,0,LOW,0
CFG-0005655,DEV-ADMIN-IOT-003,0,1,1,1,1,0.0,0.0,0,0,LOW,0
CFG-0005656,DEV-MAIN-EDG-071,0,1,0,1,1,0.3,0.0,0,1,HIGH,2
CFG-0005657,DEV-ONCOLOGY-IOT-059,0,1,1,0,1,0.0,0.5,0,1,MEDIUM,1
CFG-0005658,DEV-ADMIN-SWI-049,0,1,1,1,1,0.0,0.0,0,0,LOW,0
CFG-0005659,DEV-CARDIO-COR-063,0,1,1,1,1,0.0,0.0,0,0,LOW,0
CFG-0005660,DEV-RESEARCH-FIR-078,0,1,1,1,1,0.0,0.0,0,0,LOW,0
CFG-0005661,DEV-EMERGENCY-FIR-030,0,1,1,1,1,0.0,0.0,0,0,LOW,0
CFG-0005662,DEV-CARDIO-ACC-008,0,1,1,1,0,0.0,0.5,0,0,LOW,0
CFG-0005663,DEV-CARDIO-ACC-008,0,1,1,1,1,0.0,0.0,1,0,LOW,0
CFG-0005665,DEV-RESEARCH-SWI-079,0,1,1,1,0,0.0,0.5,0,0,LOW,0
CFG-0005666,DEV-MAIN-ACC-077,0,1,1,1,1,0.0,0.0,1,0,LOW,0
CFG-0005667,DEV-PHARM-ACC-083,0,1,1,1,1,0.0,0.0,0,0,LOW,0
CFG-0005668,DEV-EMERGENCY-SWI-052,0,1,1,1,1,0.0,0.0,0,0,LOW,0
CFG-0005669,DEV-EMERGENCY-COR-065,0,1,1,1,1,0.0,0.0,0,0,LOW,0
CFG-0005671,DEV-ONCOLOGY-IOT-059,1,1,1,1,1,0.4,0.0,0,1,HIGH,2
CFG-0005672,DEV-ONCOLOGY-ACC-016,0,1,1,1,1,0.0,0.0,0,0,LOW,0
CFG-0005673,DEV-RESEARCH-FIR-078,0,1,1,0,1,0.0,0.5,0,1,MEDIUM,1
CFG-0005674,DEV-CLINIC-FIR-087,0,1,1,1,1,0.0,0.0,0,0,LOW,0
CFG-0005675,DEV-ONCOLOGY-ACC-016,1,1,1,1,1,0.4,0.0,0,1,HIGH,2
CFG-0005676,DEV-ADMIN-FIR-024,0,1,1,1,1,0.0,0.0,0,0,LOW,0
CFG-0005677,DEV-MAIN-FIR-091,0,1,1,1,1,0.0,0.0,0,0,LOW,0
CFG-0005678,DEV-PHARM-ACC-083,0,1,1,1,1,0.0,0.0,1,0,LOW,0
CFG-0005679,DEV-PEDS-WIR-040,1,1,1,1,1,0.4,0.0,1,1,LOW,0
CFG-0005680,DEV-CARDIO-ACC-068,0,1,1,0,1,0.0,0.5,0,1,MEDIUM,1
CFG-0005681,DEV-ADMIN-WIR-013,0,1,1,1,1,0.0,0.0,0,0,LOW,0
CFG-0005682,DEV-CLINIC-ACC-034,0,1,1,1,1,0.0,0.0,1,0,LOW,0
CFG-0005683,DEV-CARDIO-SWI-074,0,1,1,1,1,0.0,0.0,0,0,LOW,0
CFG-0005684,DEV-MAIN-VPN-026,0,1,1,1,1,0.0,0.0,1,0,LOW,0
CFG-0005685,DEV-EMERGENCY-SWI-096,1,1,1,1,1,0.4,0.0,0,1,HIGH,2
CFG-0005686,DEV-CARDIO-FIR-088,0,1,1,0,1,0.0,0.5,0,1,MEDIUM,1
CFG-0005687,DEV-PEDS-WIR-095,0,1,1,1,1,0.0,0.0,1,0,LOW,0
CFG-0005688,DEV-ONCOLOGY-WIR-037,0,1,1,1,1,0.0,0.0,0,0,LOW,0
CFG-0005689,DEV-RESEARCH-SWI-100,0,1,1,1,1,0.0,0.0,0,0,LOW,0
CFG-0005690,DEV-ADMIN-SWI-049,0,1,1,1,1,0.0,0.0,0,0,LOW,0
CFG-0005691,DEV-EMERGENCY-FIR-030,0,1,1,1,1,0.0,0.0,0,0,LOW,0
CFG-0005692,DEV-PHARM-VPN-004,0,1,0,1,1,0.3,0.0,0,1,HIGH,2
CFG-0005693,DEV-PEDS-WIR-040,0,1,1,1,1,0.0,0.0,0,0,LOW,0
CFG-0005694,DEV-CARDIO-SWI-062,0,1,1,1,1,0.0,0.0,1,0,LOW,0
CFG-0005695,DEV-CARDIO-FIR-088,0,1,1,1,1,0.0,0.0,1,0,LOW,0
CFG-0005696,DEV-CARDIO-ACC-068,0,1,1,1,1,0.0,0.0,0,0,LOW,0
CFG-0005697,DEV-EMERGENCY-SWI-081,0,1,0,1,1,0.3,0.0,1,1,LOW,0
CFG-0005698,DEV-EMERGENCY-SWI-066,0,1,1,1,1,0.0,0.0,0,0,LOW,0
CFG-0005699,DEV-PEDS-IOT-046,0,1,1,1,1,0.0,0.0,0,0,LOW,0
CFG-0005700,DEV-CLINIC-ACC-034,0,1,1,1,1,0.0,0.0,0,0,LOW,0
CFG-0005701,DEV-CARDIO-ACC-068,0,1,1,1,1,0.0,0.0,0,0,LOW,0
CFG-0005702,DEV-PHARM-VPN-023,0,1,1,1,1,0.0,0.0,1,0,LOW,0
CFG-0005703,DEV-CLINIC-VPN-098,0,1,0,1,1,0.3,0.0,0,1,HIGH,2
CFG-0005704,DEV-EMERGENCY-FIR-058,0,1,1,1,1,0.0,0.0,0,0,LOW,0
CFG-0005705,DEV-EMERGENCY-FIR-030,1,1,1,1,1,0.4,0.0,0,1,HIGH,2
CFG-0005706,DEV-DIAG-ACC-103,0,1,1,1,1,0.0,0.0,0,0,LOW,0
CFG-0005707,DEV-ADMIN-SWI-049,0,1,0,1,1,0.3,0.0,1,1,LOW,0
CFG-0005708,DEV-CARDIO-ACC-008,0,1,1,1,1,0.0,0.0,1,0,LOW,0
CFG-0005709,DEV-EMERGENCY-IOT-015,0,1,1,1,1,0.0,0.0,0,0,LOW,0
CFG-0005710,DEV-ADMIN-COR-105,0,1,1,1,1,0.0,0.0,0,0,LOW,0
CFG-0005712,DEV-RESEARCH-EDG-055,0,1,1,1,1,0.0,0.0,1,0,LOW,0
CFG-0005713,DEV-DIAG-COR-009,0,1,1,1,1,0.0,0.0,0,0,LOW,0
CFG-0005714,DEV-EMERGENCY-VPN-002,0,1,1,1,1,0.0,0.0,1,0,LOW,0
CFG-0005715,DEV-CARDIO-EDG-085,0,1,1,1,1,0.0,0.0,0,0,LOW,0
CFG-0005716,DEV-PHARM-FIR-028,0,1,1,1,1,0.0,0.0,1,0,LOW,0
CFG-0005717,DEV-EMERGENCY-SWI-096,1,1,1,1,1,0.4,0.0,0,1,HIGH,2
CFG-0005718,DEV-PHARM-ACC-083,0,1,1,1,1,0.0,0.0,0,0,LOW,0
CFG-0005719,DEV-DIAG-WIR-084,1,1,1,1,1,0.4,0.0,0,1,HIGH,2
CFG-0005720,DEV-EMERGENCY-SWI-096,0,1,1,1,1,0.0,0.0,1,0,LOW,0
CFG-0005721,DEV-ADMIN-IOT-003,0,1,0,1,1,0.3,0.0,0,1,HIGH,2
CFG-0005722,DEV-CLINIC-WIR-097,0,1,1,1,1,0.0,0.0,0,0,LOW,0
CFG-0005723,DEV-CARDIO-ACC-068,0,1,1,1,1,0.0,0.0,0,0,LOW,0
CFG-0005724,DEV-RESEARCH-FIR-031,0,1,1,1,1,0.0,0.0,1,0,LOW,0
CFG-0005725,DEV-ONCOLOGY-WIR-037,0,1,1,1,0,0.0,0.5,0,0,LOW,0
CFG-0005726,DEV-DIAG-SWI-032,1,1,1,1,1,0.4,0.0,0,1,HIGH,2
CFG-0005727,DEV-CLINIC-ACC-109,1,1,1,1,1,0.4,0.0,0,1,HIGH,2
CFG-0005728,DEV-ADMIN-FIR-024,0,1,1,1,0,0.0,0.5,1,0,LOW,0
CFG-0005729,DEV-CLINIC-FIR-087,0,1,1,1,1,0.0,0.0,1,0,LOW,0
CFG-0005730,DEV-CARDIO-ACC-008,0,1,1,1,0,0.0,0.5,0,0,LOW,0
CFG-0005731,DEV-MAIN-EDG-012,0,1,1,1,1,0.0,0.0,0,0,LOW,0
CFG-0005732,DEV-MAIN-IOT-018,0,1,1,1,1,0.0,0.0,0,0,LOW,0
CFG-0005733,DEV-RESEARCH-FIR-078,0,1,1,1,1,0.0,0.0,0,0,LOW,0
CFG-0005734,DEV-PHARM-COR-106,0,1,1,1,1,0.0,0.0,1,0,LOW,0
CFG-0005735,DEV-EMERGENCY-VPN-002,0,1,1,1,1,0.0,0.0,1,0,LOW,0
CFG-0005736,DEV-MAIN-EDG-071,0,1,1,1,1,0.0,0.0,0,0,LOW,0
CFG-0005737,DEV-EMERGENCY-VPN-002,0,1,1,1,1,0.0,0.0,0,0,LOW,0
CFG-0005738,DEV-CLINIC-VPN-051,0,1,1,1,1,0.0,0.0,0,0,LOW,0
CFG-0005739,DEV-PEDS-WIR-095,0,1,1,1,1,0.0,0.0,1,0,LOW,0
CFG-0005740,DEV-PHARM-EDG-038,0,1,1,1,1,0.0,0.0,0,0,LOW,0
CFG-0005741,DEV-CARDIO-IOT-110,0,1,1,1,1,0.0,0.0,0,0,LOW,0
CFG-0005742,DEV-RESEARCH-FIR-078,1,1,1,1,1,0.4,0.0,1,1,LOW,0
CFG-0005743,DEV-PEDS-WIR-040,0,1,1,1,1,0.0,0.0,0,0,LOW,0
CFG-0005744,DEV-ADMIN-SWI-049,1,1,1,1,1,0.4,0.0,1,1,LOW,0
CFG-0005745,DEV-PEDS-WIR-007,0,1,1,0,1,0.0,0.5,0,1,MEDIUM,1
CFG-0005746,DEV-PHARM-VPN-047,0,1,1,1,1,0.0,0.0,0,0,LOW,0
CFG-0005747,DEV-RESEARCH-EDG-055,0,1,0,1,1,0.3,0.0,0,1,HIGH,2
CFG-0005748,DEV-DIAG-FIR-108,0,1,1,1,1,0.0,0.0,0,0,LOW,0
CFG-0005749,DEV-ONCOLOGY-FIR-061,0,1,1,1,1,0.0,0.0,0,0,LOW,0
CFG-0005750,DEV-PHARM-IOT-107,0,1,1,1,1,0.0,0.0,0,0,LOW,0
CFG-0005751,DEV-CARDIO-SWI-074,0,1,1,1,1,0.0,0.0,1,0,LOW,0
CFG-0005752,DEV-RESEARCH-SWI-001,0,1,1,1,1,0.0,0.0,1,0,LOW,0
CFG-0005753,DEV-MAIN-EDG-012,0,1,1,0,1,0.0,0.5,0,1,MEDIUM,1
CFG-0005754,DEV-PHARM-VPN-023,0,1,1,1,1,0.0,0.0,0,0,LOW,0
CFG-0005755,DEV-EMERGENCY-IOT-073,0,1,1,1,1,0.0,0.0,0,0,LOW,0
CFG-0005756,DEV-MAIN-FIR-064,0,1,1,1,1,0.0,0.0,1,0,LOW,0
CFG-0005757,DEV-RESEARCH-FIR-056,0,1,1,1,1,0.0,0.0,0,0,LOW,0
CFG-0005759,DEV-CLINIC-SWI-082,0,1,1,1,1,0.0,0.0,0,0,LOW,0
CFG-0005760,DEV-RESEARCH-EDG-055,0,1,1,1,0,0.0,0.5,0,0,LOW,0
CFG-0005761,DEV-EMERGENCY-COR-022,0,1,1,1,1,0.0,0.0,0,0,LOW,0
CFG-0005762,DEV-ADMIN-SWI-049,1,1,1,1,1,0.4,0.0,1,1,LOW,0
CFG-0005763,DEV-EMERGENCY-FIR-058,0,1,1,1,1,0.0,0.0,0,0,LOW,0
CFG-0005764,DEV-DIAG-ACC-036,0,1,1,1,1,0.0,0.0,0,0,LOW,0
CFG-0005765,DEV-MAIN-ACC-077,0,1,1,1,1,0.0,0.0,0,0,LOW,0
CFG-0005766,DEV-RESEARCH-FIR-031,0,1,1,1,0,0.0,0.5,0,0,LOW,0
CFG-0005767,DEV-PHARM-FIR-101,0,1,1,1,1,0.0,0.0,1,0,LOW,0
CFG-0005768,DEV-DIAG-ACC-036,0,1,1,1,1,0.0,0.0,0,0,LOW,0
CFG-0005769,DEV-MAIN-EDG-071,0,1,1,1,1,0.0,0.0,0,0,LOW,0
CFG-0005770,DEV-CLINIC-VPN-029,0,1,1,1,1,0.0,0.0,0,0,LOW,0
CFG-0005771,DEV-EMERGENCY-SWI-052,0,1,1,1,1,0.0,0.0,0,0,LOW,0
CFG-0005772,DEV-ADMIN-VPN-021,0,1,1,1,1,0.0,0.0,1,0,LOW,0
CFG-0005773,DEV-CARDIO-ACC-068,1,1,0,1,1,0.7,0.0,0,2,CRITICAL,3
CFG-0005774,DEV-RESEARCH-SWI-001,0,1,1,0,1,0.0,0.5,0,1,MEDIUM,1
CFG-0005775,DEV-PEDS-IOT-046,0,1,1,1,1,0.0,0.0,1,0,LOW,0
CFG-0005776,DEV-DIAG-ACC-036,0,1,1,1,1,0.0,0.0,0,0,LOW,0
CFG-0005777,DEV-CLINIC-SWI-082,0,1,0,1,1,0.3,0.0,0,1,HIGH,2
CFG-0005778,DEV-CLINIC-SWI-082,0,1,1,1,1,0.0,0.0,0,0,LOW,0
CFG-0005779,DEV-CLINIC-SWI-082,0,1,1,1,1,0.0,0.0,1,0,LOW,0
CFG-0005780,DEV-CARDIO-EDG-085,0,1,1,1,1,0.0,0.0,0,0,LOW,0
CFG-0005781,DEV-ADMIN-IOT-003,0,1,1,1,1,0.0,0.0,0,0,LOW,0
CFG-0005782,DEV-MAIN-VPN-026,0,1,1,1,1,0.0,0.0,0,0,LOW,0
CFG-0005783,DEV-EMERGENCY-IOT-015,0,1,1,1,1,0.0,0.0,0,0,LOW,0
CFG-0005784,DEV-PEDS-FIR-069,0,1,1,1,1,0.0,0.0,0,0,LOW,0
CFG-0005785,DEV-CLINIC-VPN-098,0,1,1,0,1,0.0,0.5,0,1,MEDIUM,1
CFG-0005786,DEV-EMERGENCY-IOT-073,0,1,1,1,1,0.0,0.0,1,0,LOW,0
CFG-0005787,DEV-ADMIN-COR-105,0,1,1,1,1,0.0,0.0,0,0,LOW,0
CFG-0005788,DEV-CARDIO-COR-063,0,1,1,1,1,0.0,0.0,0,0,LOW,0
CFG-0005789,DEV-CLINIC-ACC-033,0,1,1,1,1,0.0,0.0,0,0,LOW,0
CFG-0005790,DEV-DIAG-SWI-092,0,1,1,1,1,0.0,0.0,0,0,LOW,0
CFG-0005791,DEV-EMERGENCY-COR-022,0,1,1,1,1,0.0,0.0,1,0,LOW,0
CFG-0005792,DEV-ADMIN-EDG-050,0,1,1,1,1,0.0,0.0,1,0,LOW,0
CFG-0005793,DEV-ADMIN-FIR-093,0,1,1,1,1,0.0,0.0,1,0,LOW,0
CFG-0005794,DEV-DIAG-FIR-108,0,1,1,1,1,0.0,0.0,1,0,LOW,0
CFG-0005795,DEV-ONCOLOGY-IOT-059,0,1,1,1,1,0.0,0.0,0,0,LOW,0
CFG-0005796,DEV-EMERGENCY-COR-022,0,1,1,1,1,0.0,0.0,1,0,LOW,0
CFG-0005797,DEV-DIAG-EDG-080,0,1,1,1,1,0.0,0.0,1,0,LOW,0
CFG-0005798,DEV-EMERGENCY-FIR-058,0,1,1,1,0,0.0,0.5,0,0,LOW,0
CFG-0005799,DEV-EMERGENCY-FIR-030,0,1,1,1,1,0.0,0.0,0,0,LOW,0
CFG-0005800,DEV-MAIN-ACC-090,0,1,1,1,0,0.0,0.5,0,0,LOW,0
CFG-0005801,DEV-DIAG-ACC-103,0,1,1,1,1,0.0,0.0,0,0,LOW,0
CFG-0005802,DEV-MAIN-EDG-071,0,1,1,0,1,0.0,0.5,0,1,MEDIUM,1
CFG-0005803,DEV-RESEARCH-SWI-020,0,1,1,1,1,0.0,0.0,1,0,LOW,0
CFG-0005804,DEV-CARDIO-ACC-008,0,1,1,1,1,0.0,0.0,0,0,LOW,0
CFG-0005805,DEV-MAIN-FIR-091,0,1,1,1,1,0.0,0.0,0,0,LOW,0
CFG-0005806,DEV-EMERGENCY-VPN-002,0,1,1,0,1,0.0,0.5,1,1,LOW,0
CFG-0005807,DEV-ONCOLOGY-WIR-037,0,1,1,1,1,0.0,0.0,0,0,LOW,0
CFG-0005808,DEV-MAIN-IOT-018,0,1,1,1,1,0.0,0.0,1,0,LOW,0
CFG-0005809,DEV-DIAG-COR-009,0,1,1,1,0,0.0,0.5,1,0,LOW,0
CFG-0005810,DEV-EMERGENCY-SWI-099,0,1,1,1,1,0.0,0.0,0,0,LOW,0
CFG-0005811,DEV-CARDIO-SWI-074,0,1,1,1,1,0.0,0.0,1,0,LOW,0
CFG-0005812,DEV-PEDS-ACC-104,0,1,1,1,1,0.0,0.0,0,0,LOW,0
CFG-0005813,DEV-EMERGENCY-SWI-052,0,1,1,1,1,0.0,0.0,0,0,LOW,0
CFG-0005814,DEV-PHARM-VPN-047,0,1,0,1,1,0.3,0.0,0,1,HIGH,2
CFG-0005815,DEV-MAIN-SWI-044,0,1,1,1,1,0.0,0.0,1,0,LOW,0
CFG-0005816,DEV-ADMIN-VPN-021,0,1,1,0,1,0.0,0.5,1,1,LOW,0
CFG-0005817,DEV-EMERGENCY-SWI-052,0,1,1,1,1,0.0,0.0,0,0,LOW,0
CFG-0005818,DEV-MAIN-EDG-014,0,1,1,1,1,0.0,0.0,0,0,LOW,0
CFG-0005819,DEV-PEDS-WIR-095,0,1,1,1,1,0.0,0.0,0,0,LOW,0
CFG-0005820,DEV-PHARM-FIR-028,0,1,1,1,1,0.0,0.0,0,0,LOW,0
CFG-0005821,DEV-MAIN-ACC-090,1,1,1,1,1,0.4,0.0,0,1,HIGH,2
CFG-0005822,DEV-RESEARCH-VPN-045,0,1,1,1,1,0.0,0.0,1,0,LOW,0
CFG-0005823,DEV-PHARM-ACC-083,0,1,1,1,1,0.0,0.0,1,0,LOW,0
CFG-0005824,DEV-RESEARCH-VPN-045,1,1,1,1,1,0.4,0.0,0,1,HIGH,2
CFG-0005825,DEV-EMERGENCY-SWI-052,0,1,1,1,1,0.0,0.0,0,0,LOW,0
CFG-0005826,DEV-PHARM-VPN-102,0,1,1,1,1,0.0,0.0,0,0,LOW,0
CFG-0005827,DEV-CARDIO-IOT-110,0,1,1,1,1,0.0,0.0,0,0,LOW,0
CFG-0005828,DEV-MAIN-SWI-042,0,1,1,1,1,0.0,0.0,0,0,LOW,0
CFG-0005829,DEV-PEDS-COR-054,0,1,1,1,1,0.0,0.0,0,0,LOW,0
CFG-0005830,DEV-ADMIN-WIR-013,0,1,1,1,1,0.0,0.0,0,0,LOW,0
CFG-0005831,DEV-PEDS-WIR-095,0,1,1,1,0,0.0,0.5,0,0,LOW,0
CFG-0005832,DEV-CLINIC-ACC-034,0,1,1,1,1,0.0,0.0,1,0,LOW,0
CFG-0005833,DEV-MAIN-FIR-064,0,1,1,1,1,0.0,0.0,1,0,LOW,0
CFG-0005834,DEV-PHARM-VPN-004,0,1,1,1,1,0.0,0.0,0,0,LOW,0
CFG-0005835,DEV-MAIN-ACC-077,0,1,1,1,1,0.0,0.0,0,0,LOW,0
CFG-0005836,DEV-CARDIO-ACC-068,0,1,1,1,1,0.0,0.0,0,0,LOW,0
CFG-0005837,DEV-PEDS-FIR-069,0,1,1,1,1,0.0,0.0,1,0,LOW,0
CFG-0005838,DEV-RESEARCH-VPN-045,1,1,1,1,1,0.4,0.0,0,1,HIGH,2
CFG-0005839,DEV-MAIN-ACC-090,0,1,1,1,1,0.0,0.0,0,0,LOW,0
CFG-0005840,DEV-CARDIO-VPN-011,1,1,1,1,1,0.4,0.0,0,1,HIGH,2
CFG-0005841,DEV-DIAG-EDG-080,0,1,1,1,1,0.0,0.0,0,0,LOW,0
CFG-0005842,DEV-CLINIC-VPN-051,0,1,1,1,1,0.0,0.0,0,0,LOW,0
CFG-0005843,DEV-CLINIC-IOT-041,0,1,1,1,1,0.0,0.0,1,0,LOW,0
CFG-0005844,DEV-ADMIN-VPN-021,0,1,1,1,1,0.0,0.0,0,0,LOW,0
CFG-0005845,DEV-MAIN-IOT-018,0,1,1,1,1,0.0,0.0,1,0,LOW,0
CFG-0005846,DEV-EMERGENCY-SWI-096,0,1,1,1,1,0.0,0.0,1,0,LOW,0
CFG-0005847,DEV-ADMIN-SWI-049,0,1,1,1,1,0.0,0.0,0,0,LOW,0
CFG-0005848,DEV-ADMIN-FIR-093,0,1,0,1,1,0.3,0.0,0,1,HIGH,2
CFG-0005849,DEV-PEDS-IOT-035,0,1,0,1,1,0.3,0.0,0,1,HIGH,2
CFG-0005850,DEV-CLINIC-ACC-033,0,1,1,1,1,0.0,0.0,0,0,LOW,0
CFG-0005851,DEV-MAIN-ACC-090,0,1,1,1,1,0.0,0.0,1,0,LOW,0
CFG-0005852,DEV-MAIN-VPN-026,0,1,1,1,1,0.0,0.0,1,0,LOW,0
CFG-0005853,DEV-PHARM-FIR-101,0,1,1,1,1,0.0,0.0,0,0,LOW,0
CFG-0005854,DEV-CARDIO-IOT-110,0,1,0,1,1,0.3,0.0,0,1,HIGH,2
CFG-0005855,DEV-CLINIC-ACC-109,0,1,1,0,1,0.0,0.5,0,1,MEDIUM,1
CFG-0005856,DEV-PHARM-FIR-028,0,1,1,1,1,0.0,0.0,0,0,LOW,0
CFG-0005857,DEV-PEDS-FIR-069,0,1,1,1,1,0.0,0.0,0,0,LOW,0
CFG-0005858,DEV-EMERGENCY-SWI-081,0,1,1,0,1,0.0,0.5,1,1,LOW,0
CFG-0005859,DEV-ONCOLOGY-SWI-039,0,1,1,1,1,0.0,0.0,0,0,LOW,0
CFG-0005860,DEV-ONCOLOGY-IOT-070,0,1,1,1,1,0.0,0.0,1,0,LOW,0
CFG-0005861,DEV-PEDS-FIR-069,0,1,1,1,1,0.0,0.0,0,0,LOW,0
CFG-0005862,DEV-PEDS-COR-019,0,1,1,1,1,0.0,0.0,1,0,LOW,0
CFG-0005863,DEV-EMERGENCY-FIR-058,1,1,1,1,1,0.4,0.0,0,1,HIGH,2
CFG-0005864,DEV-PHARM-FIR-010,0,1,1,1,1,0.0,0.0,0,0,LOW,0
CFG-0005865,DEV-ADMIN-EDG-050,0,1,1,1,1,0.0,0.0,0,0,LOW,0
CFG-0005866,DEV-PHARM-EDG-038,0,1,1,1,1,0.0,0.0,0,0,LOW,0
CFG-0005867,DEV-ADMIN-FIR-024,0,1,1,1,0,0.0,0.5,1,0,LOW,0
CFG-0005868,DEV-PHARM-VPN-102,0,1,1,1,1,0.0,0.0,1,0,LOW,0
CFG-0005869,DEV-EMERGENCY-SWI-081,0,1,1,1,1,0.0,0.0,0,0,LOW,0
CFG-0005870,DEV-PHARM-FIR-010,0,1,1,1,1,0.0,0.0,0,0,LOW,0
CFG-0005871,DEV-MAIN-VPN-026,0,1,1,1,1,0.0,0.0,0,0,LOW,0
CFG-0005872,DEV-EMERGENCY-SWI-099,0,1,1,1,1,0.0,0.0,0,0,LOW,0
CFG-0005873,DEV-ONCOLOGY-SWI-039,0,1,1,1,1,0.0,0.0,1,0,LOW,0
CFG-0005874,DEV-EMERGENCY-VPN-002,0,1,1,1,1,0.0,0.0,1,0,LOW,0
CFG-0005875,DEV-RESEARCH-SWI-001,0,1,1,0,1,0.0,0.5,0,1,MEDIUM,1
CFG-0005876,DEV-PEDS-IOT-046,0,1,1,1,1,0.0,0.0,0,0,LOW,0
CFG-0005877,DEV-CLINIC-ACC-109,0,1,1,1,1,0.0,0.0,0,0,LOW,0
CFG-0005878,DEV-EMERGENCY-FIR-030,0,1,1,1,1,0.0,0.0,0,0,LOW,0
CFG-0005879,DEV-ONCOLOGY-ACC-016,0,1,1,0,1,0.0,0.5,0,1,MEDIUM,1
CFG-0005880,DEV-EMERGENCY-IOT-015,0,1,1,1,1,0.0,0.0,0,0,LOW,0
CFG-0005881,DEV-CLINIC-IOT-041,0,1,1,1,1,0.0,0.0,0,0,LOW,0
CFG-0005882,DEV-PHARM-IOT-107,0,1,1,1,1,0.0,0.0,1,0,LOW,0
CFG-0005883,DEV-EMERGENCY-COR-022,0,1,1,1,1,0.0,0.0,0,0,LOW,0
CFG-0005884,DEV-CARDIO-IOT-110,1,1,1,1,1,0.4,0.0,0,1,HIGH,2
CFG-0005885,DEV-PEDS-WIR-007,0,1,1,1,0,0.0,0.5,0,0,LOW,0
CFG-0005886,DEV-RESEARCH-EDG-055,0,1,1,0,1,0.0,0.5,1,1,LOW,0
CFG-0005887,DEV-RESEARCH-SWI-100,0,1,1,1,1,0.0,0.0,0,0,LOW,0
CFG-0005888,DEV-ONCOLOGY-WIR-037,0,1,1,1,1,0.0,0.0,0,0,LOW,0
CFG-0005889,DEV-EMERGENCY-FIR-030,0,1,1,1,1,0.0,0.0,0,0,LOW,0
CFG-0005890,DEV-MAIN-VPN-026,0,1,1,0,1,0.0,0.5,0,1,MEDIUM,1
CFG-0005891,DEV-PEDS-IOT-046,0,1,1,1,1,0.0,0.0,0,0,LOW,0
CFG-0005892,DEV-RESEARCH-FIR-031,0,1,1,1,1,0.0,0.0,0,0,LOW,0
CFG-0005893,DEV-CLINIC-ACC-109,0,1,1,1,1,0.0,0.0,0,0,LOW,0
CFG-0005894,DEV-ADMIN-IOT-003,0,1,1,0,1,0.0,0.5,0,1,MEDIUM,1
CFG-0005895,DEV-PEDS-WIR-007,0,1,0,1,1,0.3,0.0,0,1,HIGH,2
CFG-0005896,DEV-ONCOLOGY-ACC-016,0,1,1,0,1,0.0,0.5,1,1,LOW,0
CFG-0005897,DEV-DIAG-SWI-092,0,1,1,1,1,0.0,0.0,0,0,LOW,0
CFG-0005898,DEV-EMERGENCY-IOT-015,0,1,1,1,0,0.0,0.5,0,0,LOW,0
CFG-0005899,DEV-PHARM-FIR-101,1,1,1,1,0,0.4,0.5,0,1,HIGH,2
CFG-0005900,DEV-CARDIO-IOT-110,0,1,1,1,1,0.0,0.0,0,0,LOW,0
CFG-0005901,DEV-PHARM-FIR-010,0,1,1,1,1,0.0,0.0,0,0,LOW,0
CFG-0005902,DEV-ADMIN-SWI-049,0,1,1,1,1,0.0,0.0,1,0,LOW,0
CFG-0005903,DEV-PHARM-EDG-038,0,1,1,0,1,0.0,0.5,1,1,LOW,0
CFG-0005904,DEV-CLINIC-VPN-098,0,1,1,1,1,0.0,0.0,0,0,LOW,0
CFG-0005905,DEV-MAIN-FIR-091,0,1,1,1,1,0.0,0.0,0,0,LOW,0
CFG-0005906,DEV-ADMIN-COR-105,0,1,1,1,1,0.0,0.0,0,0,LOW,0
CFG-0005907,DEV-EMERGENCY-IOT-073,0,1,0,1,1,0.3,0.0,0,1,HIGH,2
CFG-0005908,DEV-EMERGENCY-COR-065,0,1,0,1,1,0.3,0.0,0,1,HIGH,2
CFG-0005909,DEV-RESEARCH-SWI-079,0,1,1,1,1,0.0,0.0,1,0,LOW,0
CFG-0005910,DEV-PEDS-WIR-007,0,1,1,1,1,0.0,0.0,1,0,LOW,0
CFG-0005911,DEV-MAIN-SWI-042,0,1,1,1,1,0.0,0.0,0,0,LOW,0
CFG-0005912,DEV-PHARM-VPN-023,0,1,0,1,1,0.3,0.0,0,1,HIGH,2
CFG-0005913,DEV-DIAG-SWI-032,0,1,1,0,1,0.0,0.5,0,1,MEDIUM,1
CFG-0005914,DEV-ONCOLOGY-ACC-016,0,1,0,1,1,0.3,0.0,0,1,HIGH,2
CFG-0005915,DEV-ONCOLOGY-FIR-061,0,1,1,1,1,0.0,0.0,0,0,LOW,0
CFG-0005916,DEV-CARDIO-ACC-008,0,1,1,1,1,0.0,0.0,0,0,LOW,0
CFG-0005917,DEV-PEDS-WIR-007,1,1,1,1,1,0.4,0.0,0,1,HIGH,2
CFG-0005918,DEV-CARDIO-IOT-006,0,1,1,1,1,0.0,0.0,0,0,LOW,0
CFG-0005919,DEV-PHARM-ACC-083,0,1,1,1,1,0.0,0.0,0,0,LOW,0
CFG-0005920,DEV-EMERGENCY-VPN-002,0,1,1,1,1,0.0,0.0,1,0,LOW,0
CFG-0005921,DEV-CARDIO-FIR-088,0,1,1,1,0,0.0,0.5,0,0,LOW,0
CFG-0005922,DEV-MAIN-EDG-071,1,1,1,1,1,0.4,0.0,0,1,HIGH,2
CFG-0005923,DEV-RESEARCH-VPN-045,0,1,1,1,1,0.0,0.0,1,0,LOW,0
CFG-0005924,DEV-CLINIC-VPN-098,0,1,1,1,1,0.0,0.0,0,0,LOW,0
CFG-0005925,DEV-EMERGENCY-SWI-099,0,1,1,1,1,0.0,0.0,0,0,LOW,0
CFG-0005926,DEV-CLINIC-FIR-087,0,1,0,1,1,0.3,0.0,0,1,HIGH,2
CFG-0005927,DEV-MAIN-ACC-090,0,1,1,1,1,0.0,0.0,0,0,LOW,0
CFG-0005928,DEV-EMERGENCY-SWI-052,0,1,1,1,1,0.0,0.0,0,0,LOW,0
CFG-0005929,DEV-PEDS-COR-054,0,1,1,1,1,0.0,0.0,0,0,LOW,0
CFG-0005930,DEV-PHARM-COR-106,0,1,1,1,0,0.0,0.5,1,0,LOW,0
CFG-0005931,DEV-CARDIO-IOT-006,0,1,1,1,1,0.0,0.0,0,0,LOW,0
CFG-0005932,DEV-PHARM-FIR-028,0,1,1,1,1,0.0,0.0,1,0,LOW,0
CFG-0005933,DEV-MAIN-FIR-091,0,1,1,1,1,0.0,0.0,0,0,LOW,0
CFG-0005934,DEV-RESEARCH-IOT-072,0,1,1,1,1,0.0,0.0,0,0,LOW,0
CFG-0005935,DEV-PEDS-COR-019,1,1,1,1,1,0.4,0.0,0,1,HIGH,2
CFG-0005936,DEV-CLINIC-VPN-029,0,1,1,0,1,0.0,0.5,0,1,MEDIUM,1
CFG-0005937,DEV-PEDS-WIR-095,0,1,1,1,1,0.0,0.0,1,0,LOW,0
CFG-0005938,DEV-CLINIC-FIR-087,1,1,1,1,1,0.4,0.0,0,1,HIGH,2
CFG-0005939,DEV-MAIN-ACC-090,0,1,1,1,1,0.0,0.0,0,0,LOW,0
CFG-0005940,DEV-PHARM-COR-106,1,1,1,1,1,0.4,0.0,1,1,LOW,0
CFG-0005941,DEV-PEDS-WIR-007,0,1,1,1,1,0.0,0.0,1,0,LOW,0
CFG-0005942,DEV-ONCOLOGY-WIR-037,0,1,1,1,1,0.0,0.0,0,0,LOW,0
CFG-0005943,DEV-RESEARCH-SWI-020,0,1,1,1,1,0.0,0.0,0,0,LOW,0
CFG-0005944,DEV-CLINIC-ACC-033,0,1,1,1,1,0.0,0.0,1,0,LOW,0
CFG-0005945,DEV-CARDIO-VPN-011,0,1,1,1,1,0.0,0.0,0,0,LOW,0
CFG-0005946,DEV-PEDS-FIR-069,0,1,1,1,1,0.0,0.0,0,0,LOW,0
CFG-0005947,DEV-CARDIO-FIR-088,0,1,1,1,1,0.0,0.0,1,0,LOW,0
CFG-0005949,DEV-PEDS-ACC-104,0,1,1,1,1,0.0,0.0,0,0,LOW,0
CFG-0005950,DEV-PHARM-VPN-102,0,1,1,1,1,0.0,0.0,0,0,LOW,0
CFG-0005951,DEV-EMERGENCY-SWI-099,0,1,1,1,1,0.0,0.0,0,0,LOW,0
CFG-0005952,DEV-DIAG-COR-009,0,1,1,1,1,0.0,0.0,0,0,LOW,0
CFG-0005953,DEV-EMERGENCY-IOT-073,0,1,1,1,1,0.0,0.0,0,0,LOW,0
CFG-0005954,DEV-DIAG-SWI-060,0,1,1,1,1,0.0,0.0,1,0,LOW,0
CFG-0005955,DEV-PEDS-COR-019,0,1,1,1,1,0.0,0.0,0,0,LOW,0
CFG-0005956,DEV-RESEARCH-EDG-057,0,1,1,1,1,0.0,0.0,0,0,LOW,0
CFG-0005957,DEV-DIAG-COR-009,0,1,1,1,1,0.0,0.0,0,0,LOW,0
CFG-0005958,DEV-RESEARCH-FIR-056,0,1,1,1,1,0.0,0.0,1,0,LOW,0
CFG-0005959,DEV-MAIN-IOT-018,0,1,1,1,1,0.0,0.0,0,0,LOW,0
CFG-0005960,DEV-CLINIC-FIR-087,0,1,1,1,0,0.0,0.5,0,0,LOW,0
CFG-0005961,DEV-MAIN-EDG-071,0,1,0,1,1,0.3,0.0,0,1,HIGH,2
CFG-0005962,DEV-MAIN-FIR-064,0,1,1,1,1,0.0,0.0,0,0,LOW,0
CFG-0005963,DEV-PEDS-WIR-095,0,1,1,1,1,0.0,0.0,0,0,LOW,0
CFG-0005964,DEV-PHARM-COR-106,0,1,1,1,1,0.0,0.0,0,0,LOW,0
CFG-0005965,DEV-PEDS-WIR-040,0,1,1,1,1,0.0,0.0,1,0,LOW,0
CFG-0005966,DEV-MAIN-EDG-071,0,1,1,1,0,0.0,0.5,0,0,LOW,0
CFG-0005967,DEV-PEDS-ACC-104,0,1,1,1,1,0.0,0.0,1,0,LOW,0
CFG-0005968,DEV-MAIN-ACC-077,0,1,1,1,1,0.0,0.0,1,0,LOW,0
CFG-0005969,DEV-RESEARCH-EDG-055,0,1,1,1,1,0.0,0.0,0,0,LOW,0
CFG-0005970,DEV-CLINIC-ACC-033,0,1,1,1,1,0.0,0.0,0,0,LOW,0
CFG-0005971,DEV-EMERGENCY-VPN-002,1,1,1,1,1,0.4,0.0,1,1,LOW,0
CFG-0005972,DEV-MAIN-EDG-014,0,1,1,1,1,0.0,0.0,0,0,LOW,0
CFG-0005973,DEV-PHARM-FIR-010,0,1,1,1,1,0.0,0.0,0,0,LOW,0
CFG-0005974,DEV-PHARM-VPN-004,0,1,1,1,1,0.0,0.0,0,0,LOW,0
CFG-0005975,DEV-ONCOLOGY-ACC-053,0,1,1,1,1,0.0,0.0,1,0,LOW,0
CFG-0005976,DEV-ONCOLOGY-VPN-075,1,1,1,1,1,0.4,0.0,0,1,HIGH,2
CFG-0005977,DEV-ADMIN-IOT-003,1,1,1,1,1,0.4,0.0,1,1,LOW,0
CFG-0005978,DEV-EMERGENCY-VPN-002,0,1,1,1,1,0.0,0.0,1,0,LOW,0
CFG-0005979,DEV-ADMIN-FIR-093,0,1,1,1,0,0.0,0.5,0,0,LOW,0
CFG-0005981,DEV-PHARM-VPN-047,0,1,1,1,1,0.0,0.0,0,0,LOW,0
CFG-0005982,DEV-PHARM-FIR-028,0,1,1,1,1,0.0,0.0,1,0,LOW,0
CFG-0005983,DEV-EMERGENCY-SWI-066,0,1,1,1,1,0.0,0.0,0,0,LOW,0
CFG-0005984,DEV-PHARM-IOT-107,0,1,0,1,1,0.3,0.0,1,1,LOW,0
CFG-0005985,DEV-CLINIC-ACC-033,0,1,1,1,1,0.0,0.0,0,0,LOW,0
CFG-0005986,DEV-RESEARCH-FIR-086,0,1,1,1,1,0.0,0.0,1,0,LOW,0
CFG-0005987,DEV-MAIN-VPN-026,0,1,1,1,1,0.0,0.0,0,0,LOW,0
CFG-0005988,DEV-RESEARCH-IOT-072,0,1,1,1,1,0.0,0.0,1,0,LOW,0
CFG-0005989,DEV-RESEARCH-IOT-072,0,1,1,1,1,0.0,0.0,0,0,LOW,0
CFG-0005990,DEV-ONCOLOGY-WIR-037,0,1,1,1,1,0.0,0.0,0,0,LOW,0
CFG-0005991,DEV-CARDIO-IOT-006,0,1,1,1,1,0.0,0.0,1,0,LOW,0
CFG-0005992,DEV-MAIN-FIR-091,1,1,1,1,1,0.4,0.0,0,1,HIGH,2
CFG-0005993,DEV-EMERGENCY-IOT-073,0,1,1,1,1,0.0,0.0,0,0,LOW,0
CFG-0005994,DEV-PHARM-VPN-102,0,1,1,1,1,0.0,0.0,0,0,LOW,0
CFG-0005995,DEV-EMERGENCY-IOT-073,0,1,1,1,1,0.0,0.0,1,0,LOW,0
CFG-0005996,DEV-DIAG-WIR-084,0,1,1,1,1,0.0,0.0,0,0,LOW,0
CFG-0005997,DEV-ONCOLOGY-WIR-037,1,1,1,1,1,0.4,0.0,0,1,HIGH,2
CFG-0005998,DEV-RESEARCH-FIR-056,0,1,1,1,1,0.0,0.0,0,0,LOW,0
CFG-0005999,DEV-DIAG-WIR-084,0,1,1,1,1,0.0,0.0,0,0,LOW,0
CFG-0006000,DEV-PHARM-COR-106,0,1,1,1,1,0.0,0.0,0,0,LOW,0
CFG-0006001,DEV-RESEARCH-FIR-086,0,1,1,1,1,0.0,0.0,1,0,LOW,0
CFG-0006002,DEV-CARDIO-COR-063,0,1,1,1,1,0.0,0.0,1,0,LOW,0
CFG-0006003,DEV-PEDS-WIR-095,0,1,1,1,1,0.0,0.0,0,0,LOW,0
CFG-0006004,DEV-PHARM-FIR-101,0,1,1,1,1,0.0,0.0,0,0,LOW,0
CFG-0006005,DEV-EMERGENCY-COR-065,1,1,1,1,1,0.4,0.0,0,1,HIGH,2
CFG-0006006,DEV-PHARM-IOT-107,0,1,0,1,1,0.3,0.0,0,1,HIGH,2
CFG-0006007,DEV-ONCOLOGY-VPN-075,1,1,1,1,1,0.4,0.0,0,1,HIGH,2
CFG-0006008,DEV-MAIN-EDG-014,0,1,1,1,1,0.0,0.0,0,0,LOW,0
CFG-0006009,DEV-RESEARCH-EDG-057,0,1,1,1,1,0.0,0.0,1,0,LOW,0
CFG-0006010,DEV-ADMIN-VPN-021,0,1,1,0,1,0.0,0.5,0,1,MEDIUM,1
CFG-0006011,DEV-EMERGENCY-SWI-096,0,1,1,0,1,0.0,0.5,0,1,MEDIUM,1
CFG-0006012,DEV-DIAG-ACC-103,0,1,1,0,1,0.0,0.5,1,1,LOW,0
CFG-0006013,DEV-MAIN-EDG-014,0,1,1,1,1,0.0,0.0,0,0,LOW,0
CFG-0006014,DEV-EMERGENCY-FIR-058,1,1,1,1,1,0.4,0.0,0,1,HIGH,2
CFG-0006015,DEV-ONCOLOGY-ACC-016,0,1,1,1,1,0.0,0.0,0,0,LOW,0
CFG-0006016,DEV-PHARM-IOT-107,0,1,1,1,1,0.0,0.0,1,0,LOW,0
CFG-0006017,DEV-PEDS-WIR-095,0,1,1,1,1,0.0,0.0,1,0,LOW,0
CFG-0006018,DEV-RESEARCH-SWI-001,0,1,1,1,1,0.0,0.0,1,0,LOW,0
CFG-0006019,DEV-DIAG-SWI-032,0,1,1,1,1,0.0,0.0,0,0,LOW,0
CFG-0006020,DEV-ONCOLOGY-IOT-070,1,1,1,1,1,0.4,0.0,0,1,HIGH,2
CFG-0006021,DEV-CLINIC-ACC-034,0,1,1,1,1,0.0,0.0,0,0,LOW,0
CFG-0006022,DEV-PHARM-COR-106,0,1,1,1,1,0.0,0.0,0,0,LOW,0
CFG-0006023,DEV-CLINIC-IOT-041,0,1,1,1,1,0.0,0.0,1,0,LOW,0
CFG-0006024,DEV-RESEARCH-VPN-045,0,1,1,1,1,0.0,0.0,1,0,LOW,0
CFG-0006025,DEV-EMERGENCY-VPN-002,0,1,1,1,1,0.0,0.0,0,0,LOW,0
CFG-0006026,DEV-ADMIN-COR-105,0,1,1,1,1,0.0,0.0,1,0,LOW,0
CFG-0006027,DEV-RESEARCH-SWI-020,0,1,1,1,1,0.0,0.0,1,0,LOW,0
CFG-0006028,DEV-MAIN-ACC-090,0,1,1,0,1,0.0,0.5,0,1,MEDIUM,1
CFG-0006029,DEV-ONCOLOGY-VPN-075,0,1,1,1,1,0.0,0.0,0,0,LOW,0
CFG-0006030,DEV-PHARM-FIR-101,0,1,1,1,1,0.0,0.0,0,0,LOW,0
CFG-0006031,DEV-MAIN-SWI-042,0,1,1,1,1,0.0,0.0,0,0,LOW,0
CFG-0006032,DEV-MAIN-SWI-044,1,1,1,1,1,0.4,0.0,1,1,LOW,0
CFG-0006033,DEV-CLINIC-ACC-033,0,1,1,1,1,0.0,0.0,0,0,LOW,0
CFG-0006034,DEV-CLINIC-ACC-027,0,1,1,1,1,0.0,0.0,0,0,LOW,0
CFG-0006035,DEV-PHARM-VPN-004,0,1,1,1,0,0.0,0.5,0,0,LOW,0
CFG-0006036,DEV-DIAG-ACC-036,0,1,1,1,1,0.0,0.0,0,0,LOW,0
CFG-0006037,DEV-ADMIN-WIR-013,0,1,1,1,1,0.0,0.0,0,0,LOW,0
CFG-0006038,DEV-DIAG-COR-009,0,1,1,1,1,0.0,0.0,0,0,LOW,0
CFG-0006039,DEV-CARDIO-SWI-062,0,1,1,0,1,0.0,0.5,0,1,MEDIUM,1
CFG-0006040,DEV-MAIN-EDG-012,0,1,1,1,1,0.0,0.0,1,0,LOW,0
CFG-0006041,DEV-PEDS-WIR-095,0,1,1,1,1,0.0,0.0,1,0,LOW,0
CFG-0006042,DEV-CARDIO-ACC-008,0,1,1,1,1,0.0,0.0,0,0,LOW,0
CFG-0006043,DEV-DIAG-ACC-036,0,1,1,1,1,0.0,0.0,1,0,LOW,0
CFG-0006044,DEV-PHARM-COR-106,0,1,1,1,1,0.0,0.0,0,0,LOW,0
CFG-0006045,DEV-RESEARCH-FIR-078,0,1,1,1,1,0.0,0.0,0,0,LOW,0
CFG-0006046,DEV-EMERGENCY-SWI-052,0,1,1,1,1,0.0,0.0,0,0,LOW,0
CFG-0006047,DEV-PEDS-WIR-007,0,1,1,1,1,0.0,0.0,1,0,LOW,0
CFG-0006048,DEV-EMERGENCY-IOT-073,0,1,1,1,1,0.0,0.0,1,0,LOW,0
CFG-0006049,DEV-ADMIN-COR-105,0,1,1,1,1,0.0,0.0,0,0,LOW,0
CFG-0006050,DEV-CLINIC-EDG-048,0,1,1,1,1,0.0,0.0,0,0,LOW,0
CFG-0006051,DEV-PEDS-ACC-104,0,1,1,0,1,0.0,0.5,0,1,MEDIUM,1
CFG-0006052,DEV-CARDIO-EDG-085,0,1,1,1,1,0.0,0.0,0,0,LOW,0
CFG-0006053,DEV-EMERGENCY-IOT-073,1,1,1,1,1,0.4,0.0,0,1,HIGH,2
CFG-0006054,DEV-CARDIO-VPN-011,0,1,1,1,1,0.0,0.0,1,0,LOW,0
CFG-0006055,DEV-EMERGENCY-SWI-066,0,1,1,1,1,0.0,0.0,0,0,LOW,0
CFG-0006056,DEV-MAIN-WIR-043,1,1,1,1,1,0.4,0.0,0,1,HIGH,2
CFG-0006057,DEV-CLINIC-FIR-087,0,1,0,1,1,0.3,0.0,0,1,HIGH,2
CFG-0006058,DEV-PHARM-ACC-083,0,1,1,0,1,0.0,0.5,0,1,MEDIUM,1
CFG-0006059,DEV-EMERGENCY-COR-022,0,1,1,1,1,0.0,0.0,1,0,LOW,0
CFG-0006060,DEV-PEDS-COR-054,0,1,1,1,1,0.0,0.0,0,0,LOW,0
CFG-0006061,DEV-ADMIN-IOT-003,0,1,0,1,1,0.3,0.0,0,1,HIGH,2
CFG-0006062,DEV-CARDIO-IOT-110,0,1,1,1,1,0.0,0.0,0,0,LOW,0
CFG-0006063,DEV-DIAG-FIR-108,0,1,1,1,1,0.0,0.0,0,0,LOW,0
CFG-0006064,DEV-MAIN-VPN-026,0,1,1,1,1,0.0,0.0,0,0,LOW,0
CFG-0006065,DEV-RESEARCH-IOT-072,0,1,1,1,1,0.0,0.0,0,0,LOW,0
CFG-0006066,DEV-PEDS-WIR-095,0,1,1,1,1,0.0,0.0,0,0,LOW,0
CFG-0006067,DEV-RESEARCH-EDG-057,0,1,1,1,1,0.0,0.0,0,0,LOW,0
CFG-0006068,DEV-MAIN-EDG-014,0,1,1,1,0,0.0,0.5,1,0,LOW,0
CFG-0006069,DEV-RESEARCH-FIR-056,0,1,1,1,1,0.0,0.0,0,0,LOW,0
CFG-0006070,DEV-DIAG-SWI-060,0,1,1,1,1,0.0,0.0,1,0,LOW,0
CFG-0006071,DEV-EMERGENCY-SWI-081,0,1,1,1,1,0.0,0.0,1,0,LOW,0
CFG-0006072,DEV-PHARM-VPN-023,0,1,0,1,1,0.3,0.0,0,1,HIGH,2
CFG-0006073,DEV-RESEARCH-SWI-100,0,1,1,0,1,0.0,0.5,0,1,MEDIUM,1
CFG-0006074,DEV-EMERGENCY-SWI-096,0,1,1,1,1,0.0,0.0,0,0,LOW,0
CFG-0006075,DEV-MAIN-EDG-014,1,1,1,1,1,0.4,0.0,1,1,LOW,0
CFG-0006076,DEV-RESEARCH-SWI-001,0,1,1,1,1,0.0,0.0,1,0,LOW,0
CFG-0006077,DEV-MAIN-SWI-044,0,1,1,1,1,0.0,0.0,0,0,LOW,0
CFG-0006078,DEV-EMERGENCY-VPN-002,0,1,1,1,1,0.0,0.0,1,0,LOW,0
CFG-0006079,DEV-CLINIC-ACC-033,0,1,1,1,1,0.0,0.0,1,0,LOW,0
CFG-0006080,DEV-ADMIN-IOT-003,0,1,1,1,1,0.0,0.0,0,0,LOW,0
CFG-0006081,DEV-PHARM-VPN-004,0,1,1,1,1,0.0,0.0,0,0,LOW,0
CFG-0006082,DEV-MAIN-IOT-018,0,1,1,1,1,0.0,0.0,0,0,LOW,0
CFG-0006083,DEV-MAIN-EDG-012,0,1,1,1,1,0.0,0.0,0,0,LOW,0
CFG-0006084,DEV-PHARM-FIR-101,0,1,1,0,1,0.0,0.5,0,1,MEDIUM,1
CFG-0006085,DEV-PEDS-WIR-040,0,1,1,1,1,0.0,0.0,1,0,LOW,0
CFG-0006086,DEV-PEDS-WIR-007,0,1,1,1,1,0.0,0.0,0,0,LOW,0
CFG-0006087,DEV-CLINIC-ACC-027,0,1,1,1,0,0.0,0.5,1,0,LOW,0
CFG-0006088,DEV-ONCOLOGY-WIR-037,1,1,1,1,1,0.4,0.0,0,1,HIGH,2
CFG-0006089,DEV-MAIN-SWI-044,0,1,1,1,1,0.0,0.0,1,0,LOW,0
CFG-0006090,DEV-MAIN-ACC-090,0,1,1,1,0,0.0,0.5,1,0,LOW,0
CFG-0006091,DEV-DIAG-WIR-084,0,1,1,1,1,0.0,0.0,0,0,LOW,0
CFG-0006092,DEV-RESEARCH-FIR-056,0,1,1,1,1,0.0,0.0,0,0,LOW,0
CFG-0006093,DEV-CARDIO-EDG-085,0,1,1,1,1,0.0,0.0,0,0,LOW,0
CFG-0006094,DEV-CLINIC-EDG-048,0,1,1,1,1,0.0,0.0,0,0,LOW,0
CFG-0006096,DEV-CLINIC-VPN-051,0,1,1,1,1,0.0,0.0,0,0,LOW,0
CFG-0006097,DEV-PHARM-VPN-102,0,1,1,1,1,0.0,0.0,1,0,LOW,0
CFG-0006098,DEV-DIAG-SWI-060,0,1,1,1,0,0.0,0.5,0,0,LOW,0
CFG-0006099,DEV-PHARM-ACC-083,0,1,1,1,1,0.0,0.0,0,0,LOW,0
CFG-0006100,DEV-ONCOLOGY-ACC-016,0,1,1,1,1,0.0,0.0,0,0,LOW,0
CFG-0006101,DEV-PHARM-ACC-083,0,1,1,1,1,0.0,0.0,0,0,LOW,0
CFG-0006102,DEV-ADMIN-FIR-024,0,1,1,1,1,0.0,0.0,1,0,LOW,0
CFG-0006103,DEV-CARDIO-SWI-074,0,1,1,1,1,0.0,0.0,1,0,LOW,0
CFG-0006104,DEV-CLINIC-ACC-033,0,1,1,1,1,0.0,0.0,1,0,LOW,0
CFG-0006105,DEV-DIAG-SWI-032,0,1,1,1,1,0.0,0.0,0,0,LOW,0
CFG-0006106,DEV-CARDIO-SWI-074,0,1,1,1,1,0.0,0.0,1,0,LOW,0
CFG-0006107,DEV-DIAG-COR-009,1,1,1,1,1,0.4,0.0,0,1,HIGH,2
CFG-0006108,DEV-MAIN-FIR-091,0,1,1,1,1,0.0,0.0,0,0,LOW,0
CFG-0006109,DEV-CLINIC-ACC-109,0,1,1,1,1,0.0,0.0,0,0,LOW,0
CFG-0006110,DEV-ONCOLOGY-IOT-059,0,1,1,1,1,0.0,0.0,0,0,LOW,0
CFG-0006111,DEV-CARDIO-SWI-062,0,1,1,1,1,0.0,0.0,1,0,LOW,0
CFG-0006112,DEV-ONCOLOGY-SWI-039,0,1,1,1,1,0.0,0.0,0,0,LOW,0
CFG-0006113,DEV-ONCOLOGY-WIR-037,0,1,1,0,1,0.0,0.5,0,1,MEDIUM,1
CFG-0006114,DEV-PHARM-IOT-107,0,1,1,1,1,0.0,0.0,0,0,LOW,0
CFG-0006115,DEV-PHARM-COR-106,0,1,1,1,1,0.0,0.0,0,0,LOW,0
CFG-0006116,DEV-DIAG-SWI-032,0,1,1,1,1,0.0,0.0,0,0,LOW,0
CFG-0006117,DEV-CLINIC-VPN-098,0,1,1,1,1,0.0,0.0,0,0,LOW,0
CFG-0006118,DEV-DIAG-EDG-067,0,1,0,1,1,0.3,0.0,0,1,HIGH,2
CFG-0006119,DEV-ONCOLOGY-ACC-016,0,1,1,0,1,0.0,0.5,0,1,MEDIUM,1
CFG-0006120,DEV-PHARM-VPN-004,0,1,1,1,1,0.0,0.0,0,0,LOW,0
CFG-0006121,DEV-CARDIO-COR-063,0,1,0,1,1,0.3,0.0,0,1,HIGH,2
CFG-0006122,DEV-CLINIC-VPN-029,0,1,1,1,1,0.0,0.0,0,0,LOW,0
CFG-0006123,DEV-PHARM-FIR-010,0,1,1,1,1,0.0,0.0,1,0,LOW,0
CFG-0006124,DEV-ADMIN-FIR-093,0,1,1,1,1,0.0,0.0,0,0,LOW,0
CFG-0006125,DEV-CARDIO-COR-063,0,1,1,1,1,0.0,0.0,1,0,LOW,0
CFG-0006126,DEV-PEDS-WIR-040,0,1,1,1,1,0.0,0.0,1,0,LOW,0
CFG-0006127,DEV-PEDS-WIR-040,0,1,1,1,1,0.0,0.0,1,0,LOW,0
CFG-0006128,DEV-DIAG-SWI-092,0,1,1,1,0,0.0,0.5,1,0,LOW,0
CFG-0006129,DEV-DIAG-ACC-103,0,1,1,1,1,0.0,0.0,1,0,LOW,0
CFG-0006130,DEV-ONCOLOGY-WIR-037,0,1,1,1,1,0.0,0.0,0,0,LOW,0
CFG-0006131,DEV-CARDIO-FIR-088,0,1,0,1,1,0.3,0.0,0,1,HIGH,2
CFG-0006132,DEV-ADMIN-EDG-050,0,1,1,1,1,0.0,0.0,0,0,LOW,0
CFG-0006133,DEV-EMERGENCY-FIR-058,0,1,1,1,1,0.0,0.0,0,0,LOW,0
CFG-0006134,DEV-PHARM-FIR-101,0,1,1,1,1,0.0,0.0,0,0,LOW,0
CFG-0006135,DEV-ADMIN-VPN-021,0,1,1,1,1,0.0,0.0,0,0,LOW,0
CFG-0006137,DEV-MAIN-WIR-043,0,1,1,1,1,0.0,0.0,0,0,LOW,0
CFG-0006138,DEV-RESEARCH-FIR-078,0,1,1,1,1,0.0,0.0,1,0,LOW,0
CFG-0006139,DEV-PHARM-FIR-028,0,1,1,1,1,0.0,0.0,0,0,LOW,0
CFG-0006140,DEV-RESEARCH-SWI-020,0,1,1,1,1,0.0,0.0,0,0,LOW,0
CFG-0006141,DEV-MAIN-IOT-018,0,1,1,1,1,0.0,0.0,1,0,LOW,0
CFG-0006142,DEV-EMERGENCY-COR-022,0,1,1,1,1,0.0,0.0,0,0,LOW,0
CFG-0006143,DEV-DIAG-COR-009,0,1,1,1,1,0.0,0.0,0,0,LOW,0
CFG-0006144,DEV-PEDS-FIR-069,1,1,1,1,1,0.4,0.0,0,1,HIGH,2
CFG-0006145,DEV-DIAG-FIR-108,0,1,1,1,1,0.0,0.0,0,0,LOW,0
CFG-0006146,DEV-EMERGENCY-SWI-096,0,1,1,1,1,0.0,0.0,0,0,LOW,0
CFG-0006147,DEV-PHARM-FIR-028,0,1,1,1,1,0.0,0.0,0,0,LOW,0
CFG-0006148,DEV-PHARM-IOT-107,0,1,1,0,1,0.0,0.5,0,1,MEDIUM,1
CFG-0006149,DEV-ADMIN-FIR-024,0,1,1,1,0,0.0,0.5,0,0,LOW,0
CFG-0006150,DEV-MAIN-EDG-014,0,1,1,1,1,0.0,0.0,0,0,LOW,0
CFG-0006151,DEV-MAIN-IOT-018,0,1,1,1,1,0.0,0.0,0,0,LOW,0
CFG-0006152,DEV-RESEARCH-SWI-020,0,1,1,1,1,0.0,0.0,0,0,LOW,0
CFG-0006153,DEV-PEDS-WIR-095,0,1,1,1,1,0.0,0.0,1,0,LOW,0
CFG-0006154,DEV-EMERGENCY-SWI-099,0,1,1,1,1,0.0,0.0,0,0,LOW,0
CFG-0006155,DEV-PHARM-VPN-047,0,1,1,1,1,0.0,0.0,0,0,LOW,0
CFG-0006156,DEV-DIAG-ACC-103,0,1,1,1,1,0.0,0.0,0,0,LOW,0
CFG-0006157,DEV-EMERGENCY-VPN-002,0,1,1,1,1,0.0,0.0,1,0,LOW,0
CFG-0006158,DEV-PEDS-WIR-007,0,1,1,1,0,0.0,0.5,0,0,LOW,0
CFG-0006159,DEV-DIAG-SWI-032,0,1,1,0,1,0.0,0.5,0,1,MEDIUM,1
CFG-0006160,DEV-RESEARCH-EDG-055,0,1,1,1,1,0.0,0.0,0,0,LOW,0
CFG-0006161,DEV-RESEARCH-SWI-001,0,1,1,1,1,0.0,0.0,1,0,LOW,0
CFG-0006162,DEV-RESEARCH-EDG-055,0,1,0,1,1,0.3,0.0,0,1,HIGH,2
CFG-0006163,DEV-RESEARCH-EDG-057,0,1,1,1,1,0.0,0.0,0,0,LOW,0
CFG-0006164,DEV-ADMIN-COR-105,0,1,1,1,1,0.0,0.0,0,0,LOW,0
CFG-0006165,DEV-MAIN-IOT-018,0,1,1,1,1,0.0,0.0,0,0,LOW,0
CFG-0006166,DEV-MAIN-FIR-091,0,1,0,1,1,0.3,0.0,0,1,HIGH,2
CFG-0006167,DEV-PEDS-FIR-069,0,1,1,1,1,0.0,0.0,0,0,LOW,0
CFG-0006168,DEV-MAIN-FIR-091,0,1,1,1,1,0.0,0.0,0,0,LOW,0
CFG-0006169,DEV-MAIN-IOT-005,0,1,1,1,1,0.0,0.0,0,0,LOW,0
CFG-0006170,DEV-PHARM-VPN-023,0,1,1,1,1,0.0,0.0,0,0,LOW,0
CFG-0006171,DEV-PHARM-FIR-010,0,1,1,1,1,0.0,0.0,0,0,LOW,0
CFG-0006172,DEV-RESEARCH-FIR-078,0,1,1,1,1,0.0,0.0,0,0,LOW,0
CFG-0006173,DEV-RESEARCH-SWI-001,0,1,1,1,1,0.0,0.0,0,0,LOW,0
CFG-0006174,DEV-EMERGENCY-VPN-094,0,1,1,1,1,0.0,0.0,0,0,LOW,0
CFG-0006175,DEV-PEDS-WIR-007,0,1,0,1,1,0.3,0.0,0,1,HIGH,2
CFG-0006176,DEV-MAIN-WIR-043,0,1,1,1,1,0.0,0.0,0,0,LOW,0
CFG-0006177,DEV-DIAG-EDG-067,0,1,1,1,1,0.0,0.0,1,0,LOW,0
CFG-0006178,DEV-RESEARCH-SWI-079,0,1,1,1,1,0.0,0.0,0,0,LOW,0
CFG-0006179,DEV-CLINIC-WIR-097,0,1,1,1,1,0.0,0.0,0,0,LOW,0
CFG-0006180,DEV-CLINIC-EDG-048,0,1,1,1,1,0.0,0.0,1,0,LOW,0
CFG-0006181,DEV-ADMIN-SWI-049,0,1,1,1,1,0.0,0.0,1,0,LOW,0
CFG-0006182,DEV-RESEARCH-EDG-057,0,1,1,1,1,0.0,0.0,0,0,LOW,0
CFG-0006183,DEV-ADMIN-COR-105,0,1,1,1,1,0.0,0.0,0,0,LOW,0
CFG-0006184,DEV-EMERGENCY-COR-065,0,1,0,1,1,0.3,0.0,0,1,HIGH,2
CFG-0006185,DEV-ONCOLOGY-ACC-053,0,1,1,1,1,0.0,0.0,0,0,LOW,0
CFG-0006186,DEV-MAIN-SWI-042,1,1,1,1,1,0.4,0.0,1,1,LOW,0
CFG-0006187,DEV-PEDS-WIR-007,0,1,1,1,1,0.0,0.0,0,0,LOW,0
CFG-0006188,DEV-ADMIN-FIR-024,0,1,1,1,1,0.0,0.0,0,0,LOW,0
CFG-0006190,DEV-ADMIN-WIR-013,0,1,1,1,1,0.0,0.0,0,0,LOW,0
CFG-0006191,DEV-RESEARCH-FIR-031,0,1,1,1,1,0.0,0.0,0,0,LOW,0
CFG-0006192,DEV-ADMIN-EDG-050,0,1,1,1,1,0.0,0.0,1,0,LOW,0
CFG-0006193,DEV-ONCOLOGY-VPN-075,0,1,1,1,1,0.0,0.0,0,0,LOW,0
CFG-0006194,DEV-CLINIC-ACC-034,1,1,1,1,1,0.4,0.0,0,1,HIGH,2
CFG-0006195,DEV-ONCOLOGY-FIR-061,0,1,1,1,1,0.0,0.0,0,0,LOW,0
CFG-0006196,DEV-CLINIC-ACC-027,0,1,1,1,1,0.0,0.0,0,0,LOW,0
CFG-0006197,DEV-CLINIC-VPN-051,0,1,1,1,1,0.0,0.0,0,0,LOW,0
CFG-0006198,DEV-MAIN-IOT-005,0,1,1,1,1,0.0,0.0,0,0,LOW,0
CFG-0006199,DEV-ONCOLOGY-WIR-037,1,1,1,1,1,0.4,0.0,0,1,HIGH,2
CFG-0006200,DEV-ADMIN-WIR-013,0,1,1,1,1,0.0,0.0,0,0,LOW,0
CFG-0006201,DEV-ADMIN-FIR-024,0,1,1,1,1,0.0,0.0,0,0,LOW,0
CFG-0006202,DEV-CLINIC-VPN-051,0,1,1,1,1,0.0,0.0,0,0,LOW,0
CFG-0006203,DEV-PHARM-FIR-028,0,1,1,1,1,0.0,0.0,0,0,LOW,0
CFG-0006204,DEV-ADMIN-FIR-093,0,1,1,1,0,0.0,0.5,0,0,LOW,0
CFG-0006205,DEV-EMERGENCY-SWI-081,0,1,1,1,0,0.0,0.5,0,0,LOW,0
CFG-0006206,DEV-RESEARCH-FIR-086,0,1,1,1,0,0.0,0.5,0,0,LOW,0
CFG-0006207,DEV-EMERGENCY-FIR-030,0,1,1,1,1,0.0,0.0,1,0,LOW,0
CFG-0006208,DEV-CLINIC-EDG-048,0,1,1,1,0,0.0,0.5,0,0,LOW,0
CFG-0006209,DEV-ONCOLOGY-ACC-016,0,1,1,1,1,0.0,0.0,0,0,LOW,0
CFG-0006210,DEV-CLINIC-ACC-033,0,1,1,0,1,0.0,0.5,0,1,MEDIUM,1
CFG-0006211,DEV-PHARM-EDG-038,0,1,1,1,1,0.0,0.0,0,0,LOW,0
CFG-0006212,DEV-DIAG-SWI-060,0,1,1,1,1,0.0,0.0,0,0,LOW,0
CFG-0006213,DEV-RESEARCH-FIR-031,0,1,1,1,1,0.0,0.0,0,0,LOW,0
CFG-0006214,DEV-EMERGENCY-VPN-002,0,1,0,1,1,0.3,0.0,1,1,LOW,0
CFG-0006215,DEV-ONCOLOGY-IOT-070,0,1,1,1,1,0.0,0.0,0,0,LOW,0
CFG-0006216,DEV-ONCOLOGY-ACC-053,0,1,1,1,1,0.0,0.0,1,0,LOW,0
CFG-0006217,DEV-RESEARCH-SWI-020,0,1,1,1,1,0.0,0.0,0,0,LOW,0
CFG-0006218,DEV-EMERGENCY-VPN-002,0,1,1,1,0,0.0,0.5,0,0,LOW,0
CFG-0006219,DEV-CLINIC-ACC-109,0,1,1,1,1,0.0,0.0,0,0,LOW,0
CFG-0006220,DEV-MAIN-ACC-090,1,1,1,1,1,0.4,0.0,0,1,HIGH,2
CFG-0006221,DEV-ONCOLOGY-FIR-061,0,1,0,1,1,0.3,0.0,0,1,HIGH,2
CFG-0006222,DEV-DIAG-FIR-108,0,1,0,1,1,0.3,0.0,0,1,HIGH,2
CFG-0006223,DEV-DIAG-FIR-108,0,1,1,1,1,0.0,0.0,0,0,LOW,0
CFG-0006224,DEV-RESEARCH-SWI-079,0,1,1,1,1,0.0,0.0,0,0,LOW,0
CFG-0006225,DEV-MAIN-FIR-064,0,1,1,1,1,0.0,0.0,0,0,LOW,0
CFG-0006226,DEV-PHARM-EDG-038,0,1,0,1,1,0.3,0.0,1,1,LOW,0
CFG-0006227,DEV-RESEARCH-FIR-056,0,1,1,0,1,0.0,0.5,0,1,MEDIUM,1
CFG-0006228,DEV-EMERGENCY-VPN-002,0,1,0,1,1,0.3,0.0,0,1,HIGH,2
CFG-0006229,DEV-CARDIO-FIR-089,0,1,1,1,1,0.0,0.0,0,0,LOW,0
CFG-0006230,DEV-EMERGENCY-IOT-073,0,1,1,1,1,0.0,0.0,0,0,LOW,0
CFG-0006231,DEV-RESEARCH-FIR-086,0,1,1,1,1,0.0,0.0,0,0,LOW,0
CFG-0006232,DEV-DIAG-SWI-060,0,1,1,1,1,0.0,0.0,0,0,LOW,0
CFG-0006233,DEV-RESEARCH-IOT-072,0,1,1,1,1,0.0,0.0,1,0,LOW,0
CFG-0006234,DEV-CLINIC-EDG-048,0,1,1,1,1,0.0,0.0,0,0,LOW,0
CFG-0006235,DEV-MAIN-IOT-018,0,1,1,1,1,0.0,0.0,1,0,LOW,0
CFG-0006236,DEV-CLINIC-SWI-082,0,1,1,1,1,0.0,0.0,0,0,LOW,0
CFG-0006237,DEV-ONCOLOGY-ACC-053,0,1,1,1,1,0.0,0.0,1,0,LOW,0
CFG-0006238,DEV-ADMIN-COR-105,0,1,1,1,1,0.0,0.0,1,0,LOW,0
CFG-0006239,DEV-ADMIN-COR-105,0,1,1,1,1,0.0,0.0,1,0,LOW,0
CFG-0006240,DEV-CARDIO-COR-063,0,1,1,1,1,0.0,0.0,1,0,LOW,0
CFG-0006241,DEV-PHARM-VPN-102,1,1,1,1,1,0.4,0.0,1,1,LOW,0
CFG-0006242,DEV-CARDIO-FIR-089,0,1,1,1,0,0.0,0.5,1,0,LOW,0
CFG-0006243,DEV-CARDIO-VPN-011,0,1,1,1,0,0.0,0.5,0,0,LOW,0
CFG-0006244,DEV-ADMIN-IOT-003,0,1,1,1,1,0.0,0.0,1,0,LOW,0
CFG-0006245,DEV-PEDS-ACC-104,0,1,1,1,1,0.0,0.0,0,0,LOW,0
CFG-0006246,DEV-PEDS-IOT-046,0,1,1,1,1,0.0,0.0,0,0,LOW,0
CFG-0006247,DEV-RESEARCH-EDG-055,0,1,1,1,1,0.0,0.0,0,0,LOW,0
CFG-0006248,DEV-PHARM-VPN-047,0,1,1,1,1,0.0,0.0,1,0,LOW,0
CFG-0006249,DEV-PEDS-WIR-095,0,1,0,1,1,0.3,0.0,1,1,LOW,0
CFG-0006250,DEV-EMERGENCY-SWI-099,1,1,1,1,1,0.4,0.0,0,1,HIGH,2
CFG-0006251,DEV-PHARM-EDG-038,0,1,1,1,1,0.0,0.0,1,0,LOW,0
CFG-0006252,DEV-PEDS-IOT-035,0,1,1,0,1,0.0,0.5,0,1,MEDIUM,1
CFG-0006253,DEV-EMERGENCY-IOT-073,1,1,1,1,1,0.4,0.0,0,1,HIGH,2
CFG-0006254,DEV-ADMIN-EDG-050,0,1,1,1,0,0.0,0.5,0,0,LOW,0
CFG-0006255,DEV-EMERGENCY-SWI-081,0,1,1,1,1,0.0,0.0,0,0,LOW,0
CFG-0006256,DEV-CARDIO-IOT-006,0,1,1,1,1,0.0,0.0,0,0,LOW,0
CFG-0006257,DEV-ONCOLOGY-WIR-037,0,1,1,1,1,0.0,0.0,1,0,LOW,0
CFG-0006258,DEV-ONCOLOGY-WIR-037,0,1,0,1,1,0.3,0.0,1,1,LOW,0
CFG-0006259,DEV-MAIN-EDG-012,1,1,1,1,1,0.4,0.0,1,1,LOW,0
CFG-0006260,DEV-ONCOLOGY-SWI-039,1,1,1,1,1,0.4,0.0,0,1,HIGH,2
CFG-0006261,DEV-MAIN-FIR-091,0,1,1,1,1,0.0,0.0,0,0,LOW,0
CFG-0006262,DEV-DIAG-COR-009,0,1,1,1,1,0.0,0.0,1,0,LOW,0
CFG-0006263,DEV-RESEARCH-EDG-057,1,1,1,1,1,0.4,0.0,0,1,HIGH,2
CFG-0006264,DEV-PHARM-COR-106,0,1,1,1,1,0.0,0.0,0,0,LOW,0
CFG-0006265,DEV-ONCOLOGY-ACC-016,1,1,1,1,1,0.4,0.0,0,1,HIGH,2
CFG-0006266,DEV-CLINIC-SWI-082,0,1,1,1,1,0.0,0.0,1,0,LOW,0
CFG-0006267,DEV-RESEARCH-EDG-055,0,1,1,1,0,0.0,0.5,0,0,LOW,0
CFG-0006268,DEV-ADMIN-FIR-024,0,1,1,1,1,0.0,0.0,0,0,LOW,0
CFG-0006269,DEV-MAIN-WIR-043,0,1,1,1,1,0.0,0.0,0,0,LOW,0
CFG-0006270,DEV-CLINIC-WIR-097,0,1,1,1,1,0.0,0.0,0,0,LOW,0
CFG-0006271,DEV-CLINIC-SWI-082,0,1,1,1,1,0.0,0.0,0,0,LOW,0
CFG-0006272,DEV-EMERGENCY-SWI-052,0,1,1,1,1,0.0,0.0,0,0,LOW,0
CFG-0006273,DEV-PHARM-EDG-038,0,1,1,1,1,0.0,0.0,0,0,LOW,0
CFG-0006274,DEV-ONCOLOGY-FIR-061,0,1,1,1,1,0.0,0.0,1,0,LOW,0
CFG-0006275,DEV-ONCOLOGY-IOT-059,0,1,1,1,1,0.0,0.0,0,0,LOW,0
CFG-0006276,DEV-CARDIO-VPN-011,0,1,1,1,1,0.0,0.0,0,0,LOW,0
CFG-0006277,DEV-MAIN-SWI-017,0,1,1,1,1,0.0,0.0,1,0,LOW,0
CFG-0006278,DEV-CARDIO-ACC-068,0,1,1,1,1,0.0,0.0,0,0,LOW,0
CFG-0006279,DEV-RESEARCH-SWI-100,0,1,1,0,1,0.0,0.5,0,1,MEDIUM,1
CFG-0006280,DEV-CLINIC-VPN-098,0,1,1,1,1,0.0,0.0,0,0,LOW,0
CFG-0006281,DEV-EMERGENCY-SWI-096,1,1,1,1,1,0.4,0.0,1,1,LOW,0
CFG-0006282,DEV-DIAG-EDG-067,0,1,1,1,1,0.0,0.0,0,0,LOW,0
CFG-0006283,DEV-PHARM-VPN-102,0,1,1,0,1,0.0,0.5,0,1,MEDIUM,1
CFG-0006284,DEV-PHARM-ACC-083,0,1,1,1,1,0.0,0.0,0,0,LOW,0
CFG-0006285,DEV-CLINIC-WIR-097,0,1,1,1,1,0.0,0.0,0,0,LOW,0
CFG-0006286,DEV-CLINIC-SWI-082,0,1,1,1,1,0.0,0.0,0,0,LOW,0
CFG-0006287,DEV-PEDS-IOT-035,0,1,1,1,1,0.0,0.0,1,0,LOW,0
CFG-0006288,DEV-RESEARCH-SWI-100,0,1,1,1,1,0.0,0.0,0,0,LOW,0
CFG-0006289,DEV-CLINIC-VPN-098,0,1,1,1,0,0.0,0.5,0,0,LOW,0
CFG-0006290,DEV-ONCOLOGY-WIR-037,0,1,1,1,1,0.0,0.0,0,0,LOW,0
CFG-0006291,DEV-ADMIN-WIR-013,0,1,1,1,1,0.0,0.0,0,0,LOW,0
CFG-0006292,DEV-CLINIC-WIR-097,1,1,1,1,1,0.4,0.0,1,1,LOW,0
CFG-0006293,DEV-PHARM-VPN-023,0,1,1,1,1,0.0,0.0,1,0,LOW,0
CFG-0006294,DEV-PEDS-IOT-035,0,1,1,1,1,0.0,0.0,1,0,LOW,0
CFG-0006295,DEV-MAIN-ACC-090,0,1,1,1,1,0.0,0.0,0,0,LOW,0
CFG-0006296,DEV-MAIN-SWI-017,0,1,1,1,1,0.0,0.0,1,0,LOW,0
CFG-0006297,DEV-ONCOLOGY-WIR-037,0,1,1,1,0,0.0,0.5,0,0,LOW,0
CFG-0006298,DEV-DIAG-SWI-060,0,1,1,1,0,0.0,0.5,0,0,LOW,0
CFG-0006299,DEV-CLINIC-ACC-033,0,1,1,1,1,0.0,0.0,1,0,LOW,0
CFG-0006300,DEV-ADMIN-FIR-093,0,1,1,1,1,0.0,0.0,0,0,LOW,0
CFG-0006301,DEV-ADMIN-COR-105,0,1,1,1,1,0.0,0.0,1,0,LOW,0
CFG-0006302,DEV-EMERGENCY-FIR-058,1,1,1,1,0,0.4,0.5,0,1,HIGH,2
CFG-0006303,DEV-PEDS-COR-019,0,1,1,1,1,0.0,0.0,1,0,LOW,0
CFG-0006304,DEV-DIAG-WIR-084,1,1,1,1,1,0.4,0.0,0,1,HIGH,2
CFG-0006305,DEV-RESEARCH-SWI-100,0,1,1,1,1,0.0,0.0,0,0,LOW,0
CFG-0006306,DEV-PEDS-WIR-007,0,1,1,1,1,0.0,0.0,1,0,LOW,0
CFG-0006307,DEV-ONCOLOGY-VPN-075,0,1,1,1,1,0.0,0.0,0,0,LOW,0
CFG-0006308,DEV-MAIN-WIR-043,0,1,1,1,1,0.0,0.0,1,0,LOW,0
CFG-0006309,DEV-PHARM-VPN-047,0,1,1,1,1,0.0,0.0,0,0,LOW,0
CFG-0006310,DEV-ADMIN-SWI-049,1,1,1,1,1,0.4,0.0,0,1,HIGH,2
CFG-0006311,DEV-DIAG-FIR-108,0,1,1,1,1,0.0,0.0,0,0,LOW,0
CFG-0006312,DEV-PEDS-FIR-069,1,1,1,1,1,0.4,0.0,0,1,HIGH,2
CFG-0006313,DEV-ONCOLOGY-SWI-039,0,1,1,1,1,0.0,0.0,0,0,LOW,0
CFG-0006314,DEV-CLINIC-VPN-098,0,1,0,1,1,0.3,0.0,0,1,HIGH,2
CFG-0006315,DEV-PEDS-COR-019,0,1,1,0,1,0.0,0.5,0,1,MEDIUM,1
CFG-0006316,DEV-PEDS-WIR-095,1,1,1,1,1,0.4,0.0,0,1,HIGH,2
CFG-0006317,DEV-PEDS-COR-019,0,1,1,1,1,0.0,0.0,0,0,LOW,0
CFG-0006318,DEV-DIAG-FIR-108,0,1,1,1,1,0.0,0.0,1,0,LOW,0
CFG-0006319,DEV-ADMIN-IOT-003,1,1,1,1,1,0.4,0.0,1,1,LOW,0
CFG-0006320,DEV-DIAG-SWI-060,0,1,0,1,1,0.3,0.0,0,1,HIGH,2
CFG-0006321,DEV-PHARM-IOT-107,0,1,1,1,1,0.0,0.0,0,0,LOW,0
CFG-0006322,DEV-RESEARCH-SWI-020,0,1,1,1,0,0.0,0.5,0,0,LOW,0
CFG-0006323,DEV-CLINIC-VPN-029,0,1,1,1,1,0.0,0.0,0,0,LOW,0
CFG-0006324,DEV-MAIN-SWI-017,0,1,1,1,1,0.0,0.0,0,0,LOW,0
CFG-0006325,DEV-EMERGENCY-SWI-066,0,1,1,1,0,0.0,0.5,0,0,LOW,0
CFG-0006326,DEV-PEDS-VPN-025,0,1,1,1,1,0.0,0.0,0,0,LOW,0
CFG-0006327,DEV-DIAG-EDG-080,0,1,1,1,1,0.0,0.0,0,0,LOW,0
CFG-0006328,DEV-EMERGENCY-FIR-058,0,1,1,1,1,0.0,0.0,0,0,LOW,0
CFG-0006329,DEV-PEDS-COR-054,0,1,1,1,1,0.0,0.0,0,0,LOW,0
CFG-0006330,DEV-PEDS-VPN-025,0,1,1,1,1,0.0,0.0,0,0,LOW,0
CFG-0006331,DEV-MAIN-SWI-042,0,1,1,1,1,0.0,0.0,0,0,LOW,0
CFG-0006332,DEV-EMERGENCY-COR-022,0,1,1,1,1,0.0,0.0,0,0,LOW,0
CFG-0006333,DEV-CLINIC-SWI-082,0,1,1,1,1,0.0,0.0,0,0,LOW,0
CFG-0006334,DEV-EMERGENCY-FIR-030,0,1,1,1,1,0.0,0.0,0,0,LOW,0
CFG-0006335,DEV-DIAG-SWI-060,0,1,1,0,1,0.0,0.5,0,1,MEDIUM,1
CFG-0006336,DEV-DIAG-SWI-032,0,1,1,1,1,0.0,0.0,0,0,LOW,0
CFG-0006337,DEV-DIAG-ACC-103,0,1,1,1,1,0.0,0.0,0,0,LOW,0
CFG-0006338,DEV-CARDIO-SWI-074,0,1,1,1,1,0.0,0.0,0,0,LOW,0
CFG-0006339,DEV-ADMIN-IOT-003,0,1,0,1,1,0.3,0.0,1,1,LOW,0
CFG-0006340,DEV-CLINIC-EDG-048,0,1,1,1,1,0.0,0.0,0,0,LOW,0
CFG-0006341,DEV-ADMIN-IOT-003,0,1,1,1,1,0.0,0.0,0,0,LOW,0
CFG-0006342,DEV-RESEARCH-SWI-100,0,1,1,1,1,0.0,0.0,0,0,LOW,0
CFG-0006343,DEV-EMERGENCY-VPN-002,0,1,1,1,1,0.0,0.0,1,0,LOW,0
CFG-0006344,DEV-PEDS-WIR-095,0,1,0,1,1,0.3,0.0,1,1,LOW,0
CFG-0006345,DEV-CLINIC-SWI-082,0,1,1,1,1,0.0,0.0,0,0,LOW,0
CFG-0006346,DEV-EMERGENCY-VPN-002,0,1,0,1,1,0.3,0.0,1,1,LOW,0
CFG-0006347,DEV-ADMIN-COR-105,0,1,1,1,1,0.0,0.0,0,0,LOW,0
CFG-0006348,DEV-PHARM-VPN-047,0,1,1,1,1,0.0,0.0,0,0,LOW,0
CFG-0006349,DEV-PHARM-ACC-083,0,1,1,1,1,0.0,0.0,0,0,LOW,0
CFG-0006350,DEV-ONCOLOGY-ACC-053,0,1,1,0,1,0.0,0.5,0,1,MEDIUM,1
CFG-0006351,DEV-MAIN-FIR-064,0,1,1,1,1,0.0,0.0,0,0,LOW,0
CFG-0006352,DEV-MAIN-EDG-014,0,1,1,1,1,0.0,0.0,0,0,LOW,0
CFG-0006353,DEV-ONCOLOGY-ACC-016,0,1,1,1,1,0.0,0.0,0,0,LOW,0
CFG-0006354,DEV-CLINIC-SWI-082,0,1,1,1,1,0.0,0.0,0,0,LOW,0
CFG-0006355,DEV-PEDS-WIR-007,0,1,1,1,1,0.0,0.0,1,0,LOW,0
CFG-0006356,DEV-PEDS-COR-054,0,1,1,1,1,0.0,0.0,0,0,LOW,0
CFG-0006357,DEV-RESEARCH-SWI-001,0,1,1,1,1,0.0,0.0,1,0,LOW,0
CFG-0006358,DEV-ADMIN-IOT-003,0,1,1,1,1,0.0,0.0,1,0,LOW,0
CFG-0006359,DEV-EMERGENCY-IOT-015,0,1,1,1,1,0.0,0.0,0,0,LOW,0
CFG-0006360,DEV-DIAG-FIR-108,0,1,1,1,1,0.0,0.0,0,0,LOW,0
CFG-0006361,DEV-MAIN-FIR-064,0,1,1,1,1,0.0,0.0,1,0,LOW,0
CFG-0006362,DEV-ONCOLOGY-VPN-075,0,1,1,1,1,0.0,0.0,0,0,LOW,0
CFG-0006363,DEV-CLINIC-VPN-029,0,1,1,1,1,0.0,0.0,0,0,LOW,0
CFG-0006364,DEV-CLINIC-WIR-097,0,1,1,1,1,0.0,0.0,0,0,LOW,0
CFG-0006365,DEV-CARDIO-ACC-068,0,1,1,1,1,0.0,0.0,0,0,LOW,0
CFG-0006366,DEV-DIAG-SWI-060,0,1,1,1,1,0.0,0.0,1,0,LOW,0
CFG-0006367,DEV-CLINIC-ACC-027,0,1,0,1,1,0.3,0.0,1,1,LOW,0
CFG-0006368,DEV-CARDIO-FIR-089,0,1,1,1,1,0.0,0.0,1,0,LOW,0
CFG-0006369,DEV-PEDS-VPN-025,0,1,1,1,0,0.0,0.5,0,0,LOW,0
CFG-0006370,DEV-EMERGENCY-VPN-094,0,1,1,1,1,0.0,0.0,0,0,LOW,0
CFG-0006371,DEV-PHARM-VPN-004,0,1,1,1,1,0.0,0.0,1,0,LOW,0
CFG-0006372,DEV-ONCOLOGY-VPN-075,0,1,0,1,1,0.3,0.0,0,1,HIGH,2
CFG-0006373,DEV-RESEARCH-FIR-086,0,1,1,1,1,0.0,0.0,0,0,LOW,0
CFG-0006374,DEV-CLINIC-VPN-051,0,1,1,1,1,0.0,0.0,0,0,LOW,0
CFG-0006375,DEV-MAIN-ACC-090,0,1,1,1,1,0.0,0.0,0,0,LOW,0
CFG-0006376,DEV-RESEARCH-SWI-079,1,1,1,1,1,0.4,0.0,0,1,HIGH,2
CFG-0006377,DEV-MAIN-EDG-014,0,1,1,1,1,0.0,0.0,0,0,LOW,0
CFG-0006378,DEV-CLINIC-VPN-051,0,1,1,1,1,0.0,0.0,0,0,LOW,0
CFG-0006379,DEV-CARDIO-ACC-008,0,1,1,1,1,0.0,0.0,0,0,LOW,0
CFG-0006380,DEV-RESEARCH-IOT-072,0,1,1,1,1,0.0,0.0,0,0,LOW,0
CFG-0006381,DEV-RESEARCH-FIR-031,0,1,0,1,1,0.3,0.0,0,1,HIGH,2
CFG-0006382,DEV-PHARM-COR-106,1,1,1,1,1,0.4,0.0,1,1,LOW,0
CFG-0006383,DEV-RESEARCH-SWI-001,0,1,1,0,1,0.0,0.5,0,1,MEDIUM,1
CFG-0006384,DEV-DIAG-ACC-103,0,1,1,1,1,0.0,0.0,0,0,LOW,0
CFG-0006385,DEV-RESEARCH-FIR-056,0,1,1,1,1,0.0,0.0,0,0,LOW,0
CFG-0006386,DEV-ONCOLOGY-VPN-075,0,1,1,1,1,0.0,0.0,1,0,LOW,0
CFG-0006387,DEV-CARDIO-ACC-068,0,1,1,1,1,0.0,0.0,0,0,LOW,0
CFG-0006388,DEV-MAIN-ACC-090,0,1,1,1,1,0.0,0.0,0,0,LOW,0
CFG-0006389,DEV-MAIN-SWI-042,1,1,1,1,1,0.4,0.0,1,1,LOW,0
CFG-0006390,DEV-PEDS-IOT-046,0,1,1,1,1,0.0,0.0,0,0,LOW,0
CFG-0006391,DEV-MAIN-EDG-071,0,1,1,1,1,0.0,0.0,0,0,LOW,0
CFG-0006392,DEV-EMERGENCY-IOT-073,1,1,1,0,1,0.4,0.5,0,2,HIGH,2
CFG-0006393,DEV-ADMIN-IOT-003,0,1,1,1,1,0.0,0.0,0,0,LOW,0
CFG-0006394,DEV-MAIN-SWI-042,0,1,1,1,0,0.0,0.5,0,0,LOW,0
CFG-0006395,DEV-ONCOLOGY-SWI-039,0,1,1,1,1,0.0,0.0,1,0,LOW,0
CFG-0006396,DEV-CARDIO-COR-063,0,1,1,1,1,0.0,0.0,0,0,LOW,0
CFG-0006397,DEV-CARDIO-SWI-062,0,1,1,1,0,0.0,0.5,1,0,LOW,0
CFG-0006398,DEV-DIAG-FIR-108,0,1,1,1,1,0.0,0.0,1,0,LOW,0
CFG-0006399,DEV-ONCOLOGY-ACC-053,0,1,1,1,1,0.0,0.0,0,0,LOW,0
CFG-0006400,DEV-CLINIC-IOT-041,0,1,1,1,1,0.0,0.0,1,0,LOW,0
CFG-0006401,DEV-MAIN-FIR-091,0,1,1,1,1,0.0,0.0,0,0,LOW,0
CFG-0006402,DEV-ADMIN-WIR-013,0,1,1,1,1,0.0,0.0,0,0,LOW,0
CFG-0006403,DEV-EMERGENCY-VPN-002,0,1,1,1,1,0.0,0.0,0,0,LOW,0
CFG-0006404,DEV-EMERGENCY-COR-065,0,1,1,1,1,0.0,0.0,1,0,LOW,0
CFG-0006405,DEV-RESEARCH-SWI-079,0,1,1,1,0,0.0,0.5,0,0,LOW,0
CFG-0006406,DEV-EMERGENCY-SWI-081,0,1,1,1,0,0.0,0.5,1,0,LOW,0
CFG-0006407,DEV-RESEARCH-EDG-057,0,1,1,1,1,0.0,0.0,0,0,LOW,0
CFG-0006408,DEV-ONCOLOGY-VPN-075,0,1,1,1,1,0.0,0.0,1,0,LOW,0
CFG-0006409,DEV-ADMIN-FIR-093,0,1,1,1,1,0.0,0.0,0,0,LOW,0
CFG-0006410,DEV-CLINIC-IOT-041,0,1,1,1,1,0.0,0.0,0,0,LOW,0
CFG-0006411,DEV-RESEARCH-FIR-086,0,1,1,1,1,0.0,0.0,0,0,LOW,0
CFG-0006412,DEV-CLINIC-ACC-034,0,1,1,1,1,0.0,0.0,1,0,LOW,0
CFG-0006413,DEV-CLINIC-ACC-034,0,1,1,1,1,0.0,0.0,0,0,LOW,0
CFG-0006414,DEV-RESEARCH-FIR-031,0,1,1,1,1,0.0,0.0,0,0,LOW,0
CFG-0006415,DEV-CLINIC-ACC-109,0,1,1,1,1,0.0,0.0,1,0,LOW,0
CFG-0006416,DEV-DIAG-FIR-108,0,1,1,1,1,0.0,0.0,0,0,LOW,0
CFG-0006417,DEV-RESEARCH-EDG-057,0,1,1,1,1,0.0,0.0,0,0,LOW,0
CFG-0006418,DEV-DIAG-ACC-103,1,1,1,1,1,0.4,0.0,0,1,HIGH,2
CFG-0006419,DEV-ADMIN-EDG-050,0,1,1,1,1,0.0,0.0,1,0,LOW,0
CFG-0006420,DEV-ONCOLOGY-VPN-075,0,1,1,1,1,0.0,0.0,0,0,LOW,0
CFG-0006421,DEV-MAIN-SWI-044,0,1,1,1,1,0.0,0.0,0,0,LOW,0
CFG-0006422,DEV-EMERGENCY-VPN-002,0,1,1,1,1,0.0,0.0,0,0,LOW,0
CFG-0006423,DEV-PHARM-FIR-010,0,1,1,1,1,0.0,0.0,0,0,LOW,0
CFG-0006424,DEV-PHARM-ACC-083,0,1,1,1,1,0.0,0.0,0,0,LOW,0
CFG-0006425,DEV-MAIN-VPN-026,0,1,1,1,1,0.0,0.0,0,0,LOW,0
CFG-0006426,DEV-CLINIC-VPN-051,0,1,1,1,0,0.0,0.5,0,0,LOW,0
CFG-0006427,DEV-CLINIC-EDG-048,0,1,1,1,1,0.0,0.0,0,0,LOW,0
CFG-0006428,DEV-ONCOLOGY-SWI-039,0,1,1,1,1,0.0,0.0,0,0,LOW,0
CFG-0006429,DEV-EMERGENCY-IOT-073,0,1,1,1,1,0.0,0.0,0,0,LOW,0
CFG-0006430,DEV-ONCOLOGY-IOT-059,1,1,1,1,1,0.4,0.0,0,1,HIGH,2
CFG-0006431,DEV-MAIN-ACC-090,0,1,1,1,1,0.0,0.0,0,0,LOW,0
CFG-0006432,DEV-CLINIC-ACC-027,0,1,1,1,1,0.0,0.0,0,0,LOW,0
CFG-0006433,DEV-ONCOLOGY-WIR-037,0,1,1,1,0,0.0,0.5,0,0,LOW,0
CFG-0006434,DEV-EMERGENCY-SWI-096,0,1,1,1,1,0.0,0.0,1,0,LOW,0
CFG-0006435,DEV-EMERGENCY-FIR-030,0,1,1,1,1,0.0,0.0,0,0,LOW,0
CFG-0006436,DEV-PEDS-VPN-025,0,1,1,1,1,0.0,0.0,0,0,LOW,0
CFG-0006437,DEV-CLINIC-VPN-029,0,1,1,1,1,0.0,0.0,0,0,LOW,0
CFG-0006438,DEV-RESEARCH-SWI-079,0,1,1,1,1,0.0,0.0,0,0,LOW,0
CFG-0006439,DEV-RESEARCH-FIR-056,0,1,1,1,1,0.0,0.0,1,0,LOW,0
CFG-0006440,DEV-PHARM-ACC-083,0,1,1,1,1,0.0,0.0,1,0,LOW,0
CFG-0006441,DEV-ADMIN-FIR-024,0,1,1,1,1,0.0,0.0,0,0,LOW,0
CFG-0006442,DEV-RESEARCH-FIR-056,0,1,1,1,1,0.0,0.0,0,0,LOW,0
CFG-0006443,DEV-EMERGENCY-VPN-002,0,1,1,1,1,0.0,0.0,0,0,LOW,0
CFG-0006444,DEV-EMERGENCY-IOT-015,0,1,1,1,1,0.0,0.0,0,0,LOW,0
CFG-0006445,DEV-ADMIN-SWI-049,0,1,0,1,1,0.3,0.0,0,1,HIGH,2
CFG-0006446,DEV-CLINIC-FIR-087,0,1,1,1,1,0.0,0.0,0,0,LOW,0
CFG-0006447,DEV-EMERGENCY-SWI-099,0,1,1,1,1,0.0,0.0,0,0,LOW,0
CFG-0006448,DEV-CLINIC-EDG-048,0,1,1,1,1,0.0,0.0,0,0,LOW,0
CFG-0006449,DEV-ONCOLOGY-SWI-039,0,1,1,1,1,0.0,0.0,0,0,LOW,0
CFG-0006450,DEV-MAIN-VPN-026,0,1,1,1,1,0.0,0.0,0,0,LOW,0
CFG-0006451,DEV-RESEARCH-FIR-056,0,1,1,1,1,0.0,0.0,1,0,LOW,0
CFG-0006452,DEV-PHARM-FIR-010,0,1,1,1,1,0.0,0.0,0,0,LOW,0
CFG-0006453,DEV-CARDIO-FIR-089,1,1,1,1,1,0.4,0.0,1,1,LOW,0
CFG-0006454,DEV-ONCOLOGY-VPN-075,0,1,1,1,1,0.0,0.0,1,0,LOW,0
CFG-0006455,DEV-ONCOLOGY-VPN-075,0,1,1,1,1,0.0,0.0,0,0,LOW,0
CFG-0006456,DEV-CARDIO-COR-063,0,1,1,1,1,0.0,0.0,0,0,LOW,0
CFG-0006457,DEV-ONCOLOGY-WIR-037,1,1,1,1,1,0.4,0.0,0,1,HIGH,2
CFG-0006458,DEV-RESEARCH-IOT-072,0,1,1,1,1,0.0,0.0,0,0,LOW,0
CFG-0006459,DEV-ADMIN-VPN-021,0,1,1,1,0,0.0,0.5,0,0,LOW,0
CFG-0006460,DEV-RESEARCH-FIR-031,0,1,1,0,1,0.0,0.5,1,1,LOW,0
CFG-0006461,DEV-CARDIO-FIR-088,0,1,1,0,1,0.0,0.5,0,1,MEDIUM,1
CFG-0006462,DEV-RESEARCH-EDG-057,0,1,1,1,1,0.0,0.0,0,0,LOW,0
CFG-0006463,DEV-RESEARCH-IOT-072,0,1,1,1,1,0.0,0.0,0,0,LOW,0
CFG-0006464,DEV-RESEARCH-EDG-055,0,1,1,1,1,0.0,0.0,1,0,LOW,0
CFG-0006465,DEV-DIAG-ACC-103,0,1,1,1,1,0.0,0.0,0,0,LOW,0
CFG-0006466,DEV-MAIN-EDG-071,0,1,1,0,1,0.0,0.5,1,1,LOW,0
CFG-0006467,DEV-PHARM-VPN-023,0,1,1,1,1,0.0,0.0,0,0,LOW,0
CFG-0006468,DEV-RESEARCH-EDG-055,0,1,1,1,1,0.0,0.0,0,0,LOW,0
CFG-0006469,DEV-CARDIO-ACC-008,0,1,1,1,1,0.0,0.0,0,0,LOW,0
CFG-0006470,DEV-DIAG-SWI-092,0,1,1,1,1,0.0,0.0,0,0,LOW,0
CFG-0006471,DEV-ADMIN-IOT-003,0,1,1,1,1,0.0,0.0,0,0,LOW,0
CFG-0006472,DEV-ONCOLOGY-WIR-037,0,1,1,1,1,0.0,0.0,0,0,LOW,0
CFG-0006473,DEV-RESEARCH-IOT-072,0,1,1,1,1,0.0,0.0,0,0,LOW,0
CFG-0006474,DEV-EMERGENCY-SWI-081,0,1,1,1,1,0.0,0.0,1,0,LOW,0
CFG-0006475,DEV-ADMIN-FIR-024,0,1,1,1,1,0.0,0.0,0,0,LOW,0
CFG-0006476,DEV-ADMIN-FIR-093,0,1,0,1,1,0.3,0.0,1,1,LOW,0
CFG-0006477,DEV-ADMIN-WIR-013,0,1,1,1,1,0.0,0.0,0,0,LOW,0
CFG-0006478,DEV-PEDS-COR-054,0,1,1,1,1,0.0,0.0,0,0,LOW,0
CFG-0006479,DEV-PEDS-ACC-104,0,1,1,1,1,0.0,0.0,0,0,LOW,0
CFG-0006480,DEV-EMERGENCY-SWI-099,0,1,1,1,1,0.0,0.0,0,0,LOW,0
CFG-0006481,DEV-MAIN-SWI-044,0,1,1,1,0,0.0,0.5,0,0,LOW,0
CFG-0006482,DEV-DIAG-FIR-108,0,1,1,1,1,0.0,0.0,0,0,LOW,0
CFG-0006483,DEV-RESEARCH-SWI-100,0,1,1,1,1,0.0,0.0,0,0,LOW,0
CFG-0006484,DEV-EMERGENCY-VPN-002,0,1,1,0,1,0.0,0.5,0,1,MEDIUM,1
CFG-0006485,DEV-MAIN-VPN-026,0,1,1,1,1,0.0,0.0,0,0,LOW,0
CFG-0006486,DEV-RESEARCH-EDG-057,0,1,1,1,1,0.0,0.0,0,0,LOW,0
CFG-0006487,DEV-EMERGENCY-IOT-073,0,1,1,1,1,0.0,0.0,0,0,LOW,0
CFG-0006488,DEV-RESEARCH-SWI-100,0,1,1,1,1,0.0,0.0,0,0,LOW,0
CFG-0006489,DEV-ADMIN-FIR-093,0,1,1,1,1,0.0,0.0,0,0,LOW,0
CFG-0006490,DEV-RESEARCH-SWI-001,0,1,1,1,1,0.0,0.0,1,0,LOW,0
CFG-0006491,DEV-MAIN-FIR-064,0,1,1,1,1,0.0,0.0,1,0,LOW,0
CFG-0006492,DEV-PHARM-ACC-083,0,1,1,1,1,0.0,0.0,0,0,LOW,0
CFG-0006493,DEV-EMERGENCY-VPN-002,0,1,1,1,1,0.0,0.0,1,0,LOW,0
CFG-0006494,DEV-ADMIN-WIR-013,0,1,1,1,0,0.0,0.5,1,0,LOW,0
CFG-0006495,DEV-MAIN-EDG-071,0,1,1,1,1,0.0,0.0,1,0,LOW,0
CFG-0006496,DEV-RESEARCH-EDG-055,0,1,1,1,1,0.0,0.0,0,0,LOW,0
CFG-0006497,DEV-PEDS-FIR-069,0,1,1,1,1,0.0,0.0,1,0,LOW,0
CFG-0006498,DEV-CLINIC-EDG-048,0,1,1,1,1,0.0,0.0,0,0,LOW,0
CFG-0006499,DEV-CLINIC-ACC-033,0,1,1,1,1,0.0,0.0,0,0,LOW,0
CFG-0006500,DEV-EMERGENCY-IOT-073,0,1,1,1,1,0.0,0.0,0,0,LOW,0
CFG-0006501,DEV-PHARM-IOT-107,1,1,1,1,1,0.4,0.0,1,1,LOW,0
CFG-0006502,DEV-CLINIC-VPN-051,0,1,1,1,1,0.0,0.0,0,0,LOW,0
CFG-0006503,DEV-ONCOLOGY-VPN-075,0,1,1,1,1,0.0,0.0,1,0,LOW,0
CFG-0006504,DEV-CARDIO-IOT-110,0,1,1,0,1,0.0,0.5,0,1,MEDIUM,1
CFG-0006505,DEV-EMERGENCY-COR-065,0,1,0,1,1,0.3,0.0,0,1,HIGH,2
CFG-0006506,DEV-PEDS-IOT-035,0,1,0,1,1,0.3,0.0,0,1,HIGH,2
CFG-0006507,DEV-EMERGENCY-SWI-081,0,1,1,0,1,0.0,0.5,0,1,MEDIUM,1
CFG-0006508,DEV-MAIN-IOT-005,1,1,1,1,1,0.4,0.0,0,1,HIGH,2
CFG-0006509,DEV-MAIN-EDG-071,0,1,1,1,1,0.0,0.0,1,0,LOW,0
CFG-0006510,DEV-MAIN-EDG-014,0,1,1,1,1,0.0,0.0,0,0,LOW,0
CFG-0006511,DEV-PHARM-VPN-023,0,1,1,1,1,0.0,0.0,0,0,LOW,0
CFG-0006512,DEV-PEDS-WIR-007,0,1,1,1,1,0.0,0.0,1,0,LOW,0
CFG-0006513,DEV-ONCOLOGY-IOT-059,0,1,1,1,1,0.0,0.0,0,0,LOW,0
CFG-0006514,DEV-PEDS-WIR-007,0,1,1,1,1,0.0,0.0,0,0,LOW,0
CFG-0006515,DEV-PEDS-FIR-069,1,1,1,1,1,0.4,0.0,0,1,HIGH,2
CFG-0006516,DEV-CARDIO-SWI-062,0,1,1,1,1,0.0,0.0,0,0,LOW,0
CFG-0006517,DEV-CARDIO-IOT-006,0,1,1,1,1,0.0,0.0,0,0,LOW,0
CFG-0006518,DEV-ADMIN-SWI-049,0,1,0,1,1,0.3,0.0,0,1,HIGH,2
CFG-0006519,DEV-RESEARCH-SWI-100,0,1,1,1,1,0.0,0.0,0,0,LOW,0
CFG-0006520,DEV-CARDIO-IOT-006,0,1,1,1,1,0.0,0.0,0,0,LOW,0
CFG-0006521,DEV-ONCOLOGY-IOT-059,0,1,1,1,1,0.0,0.0,0,0,LOW,0
CFG-0006522,DEV-EMERGENCY-VPN-002,0,1,1,0,1,0.0,0.5,1,1,LOW,0
CFG-0006523,DEV-PEDS-COR-054,0,1,1,1,1,0.0,0.0,1,0,LOW,0
CFG-0006524,DEV-ADMIN-FIR-024,0,1,1,0,1,0.0,0.5,1,1,LOW,0
CFG-0006525,DEV-CLINIC-SWI-082,0,1,1,1,0,0.0,0.5,0,0,LOW,0
CFG-0006526,DEV-MAIN-EDG-071,0,1,1,1,1,0.0,0.0,0,0,LOW,0
CFG-0006527,DEV-CARDIO-COR-063,0,1,1,1,1,0.0,0.0,1,0,LOW,0
CFG-0006528,DEV-CLINIC-ACC-033,0,1,1,1,0,0.0,0.5,0,0,LOW,0
CFG-0006529,DEV-PHARM-VPN-102,0,1,1,1,1,0.0,0.0,0,0,LOW,0
CFG-0006530,DEV-ADMIN-COR-105,0,1,1,1,1,0.0,0.0,1,0,LOW,0
CFG-0006531,DEV-CARDIO-VPN-011,0,1,1,1,1,0.0,0.0,1,0,LOW,0
CFG-0006532,DEV-EMERGENCY-VPN-002,0,1,1,1,1,0.0,0.0,0,0,LOW,0
CFG-0006533,DEV-PHARM-EDG-038,0,1,0,1,1,0.3,0.0,0,1,HIGH,2
CFG-0006534,DEV-MAIN-EDG-014,0,1,1,1,1,0.0,0.0,1,0,LOW,0
CFG-0006535,DEV-ADMIN-FIR-093,0,1,1,1,1,0.0,0.0,0,0,LOW,0
CFG-0006536,DEV-ONCOLOGY-VPN-075,0,1,1,1,1,0.0,0.0,1,0,LOW,0
CFG-0006537,DEV-CLINIC-EDG-048,0,1,1,1,1,0.0,0.0,0,0,LOW,0
CFG-0006538,DEV-ADMIN-EDG-050,0,1,1,1,1,0.0,0.0,0,0,LOW,0
CFG-0006539,DEV-RESEARCH-IOT-072,0,1,1,1,1,0.0,0.0,1,0,LOW,0
CFG-0006540,DEV-CARDIO-EDG-085,0,1,1,1,1,0.0,0.0,0,0,LOW,0
CFG-0006541,DEV-DIAG-SWI-092,0,1,1,1,1,0.0,0.0,1,0,LOW,0
CFG-0006542,DEV-ONCOLOGY-VPN-075,0,1,1,1,1,0.0,0.0,0,0,LOW,0
CFG-0006543,DEV-EMERGENCY-SWI-096,0,1,1,1,1,0.0,0.0,1,0,LOW,0
CFG-0006544,DEV-CLINIC-ACC-109,0,1,1,1,1,0.0,0.0,0,0,LOW,0
CFG-0006545,DEV-EMERGENCY-VPN-002,0,1,1,1,1,0.0,0.0,1,0,LOW,0
CFG-0006546,DEV-ONCOLOGY-IOT-059,0,1,1,1,1,0.0,0.0,1,0,LOW,0
CFG-0006547,DEV-ONCOLOGY-VPN-075,0,1,1,0,1,0.0,0.5,0,1,MEDIUM,1
CFG-0006548,DEV-EMERGENCY-FIR-030,0,1,1,1,1,0.0,0.0,1,0,LOW,0
CFG-0006549,DEV-MAIN-IOT-005,0,1,1,1,1,0.0,0.0,0,0,LOW,0
CFG-0006550,DEV-EMERGENCY-IOT-073,0,1,1,1,1,0.0,0.0,1,0,LOW,0
CFG-0006551,DEV-PEDS-ACC-104,0,1,1,1,1,0.0,0.0,0,0,LOW,0
CFG-0006552,DEV-PEDS-FIR-069,0,1,1,1,1,0.0,0.0,0,0,LOW,0
CFG-0006553,DEV-CARDIO-SWI-062,0,1,1,1,1,0.0,0.0,1,0,LOW,0
CFG-0006554,DEV-RESEARCH-FIR-078,0,1,1,1,1,0.0,0.0,0,0,LOW,0
CFG-0006555,DEV-DIAG-FIR-108,0,1,1,1,0,0.0,0.5,0,0,LOW,0
CFG-0006556,DEV-RESEARCH-FIR-086,1,1,1,1,1,0.4,0.0,0,1,HIGH,2
CFG-0006557,DEV-MAIN-SWI-042,0,1,1,1,1,0.0,0.0,0,0,LOW,0
CFG-0006558,DEV-PEDS-IOT-035,0,1,1,1,1,0.0,0.0,0,0,LOW,0
CFG-0006559,DEV-MAIN-IOT-005,0,1,1,1,1,0.0,0.0,0,0,LOW,0
CFG-0006560,DEV-PEDS-COR-019,1,1,1,1,1,0.4,0.0,0,1,HIGH,2
CFG-0006561,DEV-RESEARCH-FIR-056,0,1,1,1,1,0.0,0.0,1,0,LOW,0
CFG-0006562,DEV-ADMIN-FIR-024,0,1,1,1,0,0.0,0.5,0,0,LOW,0
CFG-0006563,DEV-CLINIC-WIR-097,0,1,0,1,1,0.3,0.0,1,1,LOW,0
CFG-0006564,DEV-RESEARCH-SWI-001,0,1,1,1,1,0.0,0.0,0,0,LOW,0
CFG-0006565,DEV-MAIN-SWI-017,0,1,1,1,1,0.0,0.0,1,0,LOW,0
CFG-0006566,DEV-RESEARCH-SWI-001,0,1,1,0,1,0.0,0.5,1,1,LOW,0
CFG-0006567,DEV-PHARM-FIR-101,0,1,1,1,1,0.0,0.0,0,0,LOW,0
CFG-0006568,DEV-EMERGENCY-SWI-096,0,1,1,1,1,0.0,0.0,0,0,LOW,0
CFG-0006569,DEV-MAIN-WIR-043,0,1,1,1,1,0.0,0.0,1,0,LOW,0
CFG-0006570,DEV-ONCOLOGY-VPN-075,0,1,0,1,1,0.3,0.0,0,1,HIGH,2
CFG-0006571,DEV-ADMIN-WIR-013,0,1,1,1,1,0.0,0.0,0,0,LOW,0
CFG-0006572,DEV-PHARM-VPN-004,1,1,1,1,1,0.4,0.0,0,1,HIGH,2
CFG-0006573,DEV-RESEARCH-FIR-056,0,1,1,1,1,0.0,0.0,0,0,LOW,0
CFG-0006574,DEV-CARDIO-ACC-008,0,1,1,1,1,0.0,0.0,0,0,LOW,0
CFG-0006575,DEV-ADMIN-FIR-093,0,1,1,1,1,0.0,0.0,0,0,LOW,0
CFG-0006576,DEV-RESEARCH-SWI-001,1,1,1,1,1,0.4,0.0,0,1,HIGH,2
CFG-0006577,DEV-EMERGENCY-SWI-066,0,1,1,1,1,0.0,0.0,1,0,LOW,0
CFG-0006578,DEV-PEDS-COR-019,0,1,1,1,1,0.0,0.0,1,0,LOW,0
CFG-0006579,DEV-PHARM-IOT-107,0,1,1,1,1,0.0,0.0,0,0,LOW,0
CFG-0006580,DEV-PEDS-FIR-069,0,1,1,1,1,0.0,0.0,0,0,LOW,0
CFG-0006581,DEV-PHARM-VPN-102,0,1,1,1,1,0.0,0.0,1,0,LOW,0
CFG-0006582,DEV-PHARM-FIR-010,0,1,1,1,1,0.0,0.0,0,0,LOW,0
CFG-0006583,DEV-EMERGENCY-VPN-094,0,1,1,1,1,0.0,0.0,1,0,LOW,0
CFG-0006584,DEV-ADMIN-FIR-024,1,1,1,1,1,0.4,0.0,0,1,HIGH,2
CFG-0006585,DEV-ONCOLOGY-VPN-075,0,1,0,1,1,0.3,0.0,1,1,LOW,0
CFG-0006586,DEV-EMERGENCY-SWI-052,0,1,1,1,0,0.0,0.5,0,0,LOW,0
CFG-0006587,DEV-CLINIC-ACC-109,0,1,1,1,1,0.0,0.0,0,0,LOW,0
CFG-0006588,DEV-DIAG-COR-009,0,1,1,1,0,0.0,0.5,1,0,LOW,0
CFG-0006589,DEV-PHARM-FIR-010,0,1,1,1,1,0.0,0.0,0,0,LOW,0
CFG-0006590,DEV-ADMIN-FIR-024,0,1,1,1,0,0.0,0.5,1,0,LOW,0
CFG-0006591,DEV-DIAG-SWI-092,0,1,1,1,1,0.0,0.0,0,0,LOW,0
CFG-0006592,DEV-ADMIN-EDG-050,0,1,1,1,1,0.0,0.0,0,0,LOW,0
CFG-0006593,DEV-MAIN-SWI-042,0,1,1,1,1,0.0,0.0,1,0,LOW,0
CFG-0006594,DEV-CARDIO-FIR-088,0,1,1,1,1,0.0,0.0,1,0,LOW,0
CFG-0006595,DEV-DIAG-EDG-080,0,1,1,1,1,0.0,0.0,0,0,LOW,0
CFG-0006596,DEV-PEDS-IOT-035,0,1,1,1,1,0.0,0.0,0,0,LOW,0
CFG-0006597,DEV-DIAG-COR-009,0,1,0,1,1,0.3,0.0,1,1,LOW,0
CFG-0006598,DEV-MAIN-VPN-026,0,1,1,1,1,0.0,0.0,0,0,LOW,0
CFG-0006599,DEV-EMERGENCY-FIR-030,0,1,1,1,1,0.0,0.0,0,0,LOW,0
CFG-0006600,DEV-PEDS-WIR-095,0,1,0,1,1,0.3,0.0,1,1,LOW,0
CFG-0006601,DEV-CLINIC-ACC-027,0,1,1,1,1,0.0,0.0,0,0,LOW,0
CFG-0006602,DEV-DIAG-WIR-084,0,1,1,1,1,0.0,0.0,1,0,LOW,0
CFG-0006603,DEV-ADMIN-IOT-003,0,1,1,1,1,0.0,0.0,0,0,LOW,0
CFG-0006604,DEV-CLINIC-ACC-034,0,1,1,1,1,0.0,0.0,0,0,LOW,0
CFG-0006605,DEV-EMERGENCY-SWI-066,0,1,1,1,1,0.0,0.0,0,0,LOW,0
CFG-0006606,DEV-MAIN-VPN-026,0,1,1,1,1,0.0,0.0,0,0,LOW,0
CFG-0006607,DEV-ADMIN-VPN-021,1,1,1,1,1,0.4,0.0,0,1,HIGH,2
CFG-0006608,DEV-EMERGENCY-IOT-015,1,1,1,1,1,0.4,0.0,0,1,HIGH,2
CFG-0006609,DEV-MAIN-EDG-012,0,1,1,1,1,0.0,0.0,0,0,LOW,0
CFG-0006610,DEV-DIAG-WIR-084,1,1,1,1,1,0.4,0.0,0,1,HIGH,2
CFG-0006611,DEV-CLINIC-WIR-097,0,1,1,1,1,0.0,0.0,0,0,LOW,0
CFG-0006612,DEV-EMERGENCY-SWI-052,0,1,1,0,1,0.0,0.5,0,1,MEDIUM,1
CFG-0006613,DEV-CLINIC-IOT-041,0,1,0,1,1,0.3,0.0,0,1,HIGH,2
CFG-0006614,DEV-ADMIN-IOT-003,0,1,1,1,1,0.0,0.0,0,0,LOW,0
CFG-0006615,DEV-EMERGENCY-SWI-096,0,1,1,1,1,0.0,0.0,0,0,LOW,0
CFG-0006616,DEV-MAIN-IOT-018,0,1,1,1,1,0.0,0.0,0,0,LOW,0
CFG-0006617,DEV-RESEARCH-FIR-031,0,1,1,1,1,0.0,0.0,0,0,LOW,0
CFG-0006618,DEV-ADMIN-SWI-049,1,1,1,1,1,0.4,0.0,0,1,HIGH,2
CFG-0006619,DEV-ONCOLOGY-IOT-070,0,1,1,1,1,0.0,0.0,0,0,LOW,0
CFG-0006620,DEV-EMERGENCY-COR-065,0,1,1,1,1,0.0,0.0,1,0,LOW,0
CFG-0006621,DEV-EMERGENCY-IOT-015,0,1,1,0,1,0.0,0.5,1,1,LOW,0
CFG-0006622,DEV-RESEARCH-SWI-100,0,1,1,1,1,0.0,0.0,0,0,LOW,0
CFG-0006623,DEV-EMERGENCY-FIR-030,0,1,1,1,1,0.0,0.0,1,0,LOW,0
CFG-0006624,DEV-PHARM-VPN-102,0,1,1,1,1,0.0,0.0,0,0,LOW,0
CFG-0006625,DEV-DIAG-ACC-036,0,1,1,1,0,0.0,0.5,0,0,LOW,0
CFG-0006626,DEV-MAIN-EDG-071,0,1,1,1,1,0.0,0.0,0,0,LOW,0
CFG-0006627,DEV-PHARM-ACC-083,0,1,1,1,1,0.0,0.0,0,0,LOW,0
CFG-0006628,DEV-CLINIC-ACC-027,0,1,1,1,1,0.0,0.0,1,0,LOW,0
CFG-0006629,DEV-CLINIC-WIR-097,0,1,1,1,1,0.0,0.0,0,0,LOW,0
CFG-0006630,DEV-CARDIO-ACC-008,0,1,1,1,1,0.0,0.0,1,0,LOW,0
CFG-0006631,DEV-EMERGENCY-SWI-066,0,1,0,1,1,0.3,0.0,1,1,LOW,0
CFG-0006632,DEV-CARDIO-FIR-089,1,1,1,1,1,0.4,0.0,0,1,HIGH,2
CFG-0006633,DEV-CARDIO-FIR-089,0,1,1,1,1,0.0,0.0,0,0,LOW,0
CFG-0006634,DEV-PHARM-VPN-023,0,1,1,1,1,0.0,0.0,0,0,LOW,0
CFG-0006635,DEV-MAIN-ACC-077,0,1,1,0,1,0.0,0.5,0,1,MEDIUM,1
CFG-0006636,DEV-DIAG-ACC-036,0,1,1,1,1,0.0,0.0,0,0,LOW,0
CFG-0006637,DEV-EMERGENCY-SWI-052,0,1,1,1,1,0.0,0.0,1,0,LOW,0
CFG-0006638,DEV-ONCOLOGY-WIR-037,0,1,1,1,1,0.0,0.0,1,0,LOW,0
CFG-0006639,DEV-PEDS-IOT-035,0,1,1,1,1,0.0,0.0,0,0,LOW,0
CFG-0006640,DEV-EMERGENCY-IOT-015,0,1,1,1,0,0.0,0.5,0,0,LOW,0
CFG-0006641,DEV-ADMIN-COR-105,0,1,1,1,1,0.0,0.0,0,0,LOW,0
CFG-0006642,DEV-EMERGENCY-VPN-002,0,1,1,1,1,0.0,0.0,0,0,LOW,0
CFG-0006643,DEV-PEDS-COR-054,0,1,1,1,1,0.0,0.0,0,0,LOW,0
CFG-0006644,DEV-CLINIC-ACC-027,0,1,1,1,1,0.0,0.0,1,0,LOW,0
CFG-0006645,DEV-PEDS-ACC-104,0,1,1,1,1,0.0,0.0,0,0,LOW,0
CFG-0006646,DEV-MAIN-IOT-018,0,1,1,1,0,0.0,0.5,0,0,LOW,0
CFG-0006647,DEV-CARDIO-EDG-085,1,1,1,1,1,0.4,0.0,0,1,HIGH,2
CFG-0006648,DEV-PEDS-VPN-025,0,1,1,1,0,0.0,0.5,0,0,LOW,0
CFG-0006649,DEV-PHARM-VPN-047,0,1,1,1,1,0.0,0.0,0,0,LOW,0
CFG-0006650,DEV-CLINIC-FIR-087,0,1,1,1,1,0.0,0.0,1,0,LOW,0
CFG-0006651,DEV-PEDS-WIR-040,1,1,1,1,1,0.4,0.0,1,1,LOW,0
CFG-0006652,DEV-DIAG-ACC-036,0,1,1,1,1,0.0,0.0,1,0,LOW,0
CFG-0006653,DEV-CLINIC-ACC-034,0,1,1,1,1,0.0,0.0,0,0,LOW,0
CFG-0006654,DEV-EMERGENCY-COR-065,0,1,1,1,1,0.0,0.0,0,0,LOW,0
CFG-0006655,DEV-ONCOLOGY-IOT-059,0,1,1,1,1,0.0,0.0,0,0,LOW,0
CFG-0006656,DEV-CLINIC-ACC-034,0,1,1,1,1,0.0,0.0,0,0,LOW,0
CFG-0006657,DEV-ADMIN-SWI-049,0,1,1,1,1,0.0,0.0,0,0,LOW,0
CFG-0006658,DEV-PEDS-VPN-025,0,1,1,1,1,0.0,0.0,0,0,LOW,0
CFG-0006659,DEV-RESEARCH-SWI-100,0,1,1,1,1,0.0,0.0,0,0,LOW,0
CFG-0006660,DEV-EMERGENCY-FIR-030,0,1,1,1,1,0.0,0.0,0,0,LOW,0
CFG-0006661,DEV-EMERGENCY-VPN-002,0,1,1,1,1,0.0,0.0,0,0,LOW,0
CFG-0006662,DEV-PEDS-VPN-025,0,1,1,1,1,0.0,0.0,0,0,LOW,0
CFG-0006663,DEV-EMERGENCY-SWI-096,0,1,1,0,1,0.0,0.5,0,1,MEDIUM,1
CFG-0006664,DEV-ONCOLOGY-FIR-061,0,1,1,1,1,0.0,0.0,0,0,LOW,0
CFG-0006665,DEV-PEDS-FIR-069,0,1,1,1,1,0.0,0.0,0,0,LOW,0
CFG-0006666,DEV-DIAG-EDG-080,0,1,1,1,1,0.0,0.0,0,0,LOW,0
CFG-0006667,DEV-ONCOLOGY-IOT-059,0,1,1,1,1,0.0,0.0,1,0,LOW,0
CFG-0006668,DEV-EMERGENCY-FIR-030,0,1,1,1,1,0.0,0.0,1,0,LOW,0
CFG-0006669,DEV-CARDIO-IOT-006,0,1,1,1,1,0.0,0.0,0,0,LOW,0
CFG-0006670,DEV-PHARM-FIR-028,0,1,1,1,1,0.0,0.0,0,0,LOW,0
CFG-0006671,DEV-MAIN-WIR-043,1,1,1,1,1,0.4,0.0,0,1,HIGH,2
CFG-0006672,DEV-ONCOLOGY-ACC-053,0,1,1,0,1,0.0,0.5,0,1,MEDIUM,1
CFG-0006673,DEV-PEDS-WIR-040,0,1,1,1,1,0.0,0.0,0,0,LOW,0
CFG-0006674,DEV-EMERGENCY-VPN-002,0,1,0,1,1,0.3,0.0,1,1,LOW,0
CFG-0006675,DEV-ADMIN-SWI-049,0,1,1,0,1,0.0,0.5,0,1,MEDIUM,1
CFG-0006676,DEV-MAIN-VPN-026,0,1,1,1,1,0.0,0.0,0,0,LOW,0
CFG-0006677,DEV-PEDS-VPN-025,0,1,1,1,1,0.0,0.0,1,0,LOW,0
CFG-0006678,DEV-EMERGENCY-SWI-099,0,1,1,0,1,0.0,0.5,0,1,MEDIUM,1
CFG-0006679,DEV-PEDS-COR-054,0,1,1,1,0,0.0,0.5,0,0,LOW,0
CFG-0006681,DEV-ADMIN-FIR-093,0,1,1,1,0,0.0,0.5,0,0,LOW,0
CFG-0006682,DEV-EMERGENCY-FIR-058,0,1,1,1,1,0.0,0.0,1,0,LOW,0
CFG-0006683,DEV-CLINIC-IOT-041,1,1,1,0,1,0.4,0.5,0,2,HIGH,2
CFG-0006684,DEV-ONCOLOGY-SWI-039,0,1,1,1,1,0.0,0.0,0,0,LOW,0
CFG-0006685,DEV-MAIN-SWI-017,0,1,1,1,1,0.0,0.0,0,0,LOW,0
CFG-0006686,DEV-EMERGENCY-SWI-099,0,1,1,1,1,0.0,0.0,0,0,LOW,0
CFG-0006687,DEV-DIAG-COR-009,0,1,0,1,1,0.3,0.0,0,1,HIGH,2
CFG-0006688,DEV-RESEARCH-SWI-001,0,1,1,1,1,0.0,0.0,1,0,LOW,0
CFG-0006689,DEV-MAIN-EDG-012,0,1,1,1,1,0.0,0.0,0,0,LOW,0
CFG-0006690,DEV-ONCOLOGY-WIR-037,0,1,0,1,1,0.3,0.0,1,1,LOW,0
CFG-0006691,DEV-EMERGENCY-VPN-002,0,1,1,1,1,0.0,0.0,1,0,LOW,0
CFG-0006692,DEV-DIAG-FIR-108,0,1,1,1,1,0.0,0.0,0,0,LOW,0
CFG-0006693,DEV-PHARM-VPN-023,1,1,1,1,1,0.4,0.0,0,1,HIGH,2
CFG-0006694,DEV-CLINIC-EDG-048,0,1,1,1,1,0.0,0.0,0,0,LOW,0
CFG-0006695,DEV-ONCOLOGY-ACC-053,0,1,1,1,1,0.0,0.0,0,0,LOW,0
CFG-0006696,DEV-PEDS-COR-054,0,1,1,1,1,0.0,0.0,0,0,LOW,0
CFG-0006697,DEV-DIAG-EDG-080,0,1,1,1,0,0.0,0.5,0,0,LOW,0
CFG-0006698,DEV-DIAG-SWI-092,0,1,1,1,1,0.0,0.0,0,0,LOW,0
CFG-0006699,DEV-PHARM-EDG-038,0,1,1,1,1,0.0,0.0,0,0,LOW,0
CFG-0006700,DEV-DIAG-WIR-084,1,1,1,0,1,0.4,0.5,0,2,HIGH,2
CFG-0006701,DEV-PHARM-FIR-101,0,1,1,1,1,0.0,0.0,0,0,LOW,0
CFG-0006702,DEV-MAIN-SWI-044,0,1,1,1,1,0.0,0.0,1,0,LOW,0
CFG-0006703,DEV-CARDIO-FIR-088,0,1,1,1,0,0.0,0.5,0,0,LOW,0
CFG-0006704,DEV-DIAG-SWI-060,0,1,1,1,1,0.0,0.0,0,0,LOW,0
CFG-0006705,DEV-ONCOLOGY-VPN-075,0,1,0,1,1,0.3,0.0,0,1,HIGH,2
CFG-0006706,DEV-RESEARCH-EDG-057,0,1,1,1,1,0.0,0.0,0,0,LOW,0
CFG-0006707,DEV-CLINIC-ACC-027,0,1,0,1,1,0.3,0.0,0,1,HIGH,2
CFG-0006708,DEV-EMERGENCY-SWI-052,0,1,1,1,1,0.0,0.0,1,0,LOW,0
CFG-0006709,DEV-ADMIN-COR-105,0,1,1,1,0,0.0,0.5,0,0,LOW,0
CFG-0006710,DEV-RESEARCH-IOT-072,0,1,1,1,1,0.0,0.0,1,0,LOW,0
CFG-0006711,DEV-CLINIC-IOT-041,0,1,1,1,1,0.0,0.0,0,0,LOW,0
CFG-0006712,DEV-ONCOLOGY-ACC-053,0,1,1,1,1,0.0,0.0,1,0,LOW,0
CFG-0006713,DEV-CLINIC-VPN-098,0,1,1,1,1,0.0,0.0,0,0,LOW,0
CFG-0006714,DEV-PEDS-FIR-069,1,1,1,1,1,0.4,0.0,0,1,HIGH,2
CFG-0006715,DEV-CARDIO-SWI-074,0,1,1,1,1,0.0,0.0,0,0,LOW,0
CFG-0006716,DEV-MAIN-SWI-017,0,1,1,1,1,0.0,0.0,0,0,LOW,0
CFG-0006717,DEV-RESEARCH-IOT-072,0,1,1,1,0,0.0,0.5,0,0,LOW,0
CFG-0006718,DEV-PHARM-FIR-010,1,1,1,1,1,0.4,0.0,1,1,LOW,0
CFG-0006719,DEV-CLINIC-VPN-098,0,1,1,1,1,0.0,0.0,1,0,LOW,0
CFG-0006720,DEV-ONCOLOGY-IOT-070,0,1,1,1,1,0.0,0.0,0,0,LOW,0
CFG-0006721,DEV-RESEARCH-SWI-020,0,1,1,1,1,0.0,0.0,0,0,LOW,0
CFG-0006722,DEV-PHARM-IOT-107,0,1,1,1,1,0.0,0.0,1,0,LOW,0
CFG-0006723,DEV-EMERGENCY-SWI-096,0,1,1,1,1,0.0,0.0,0,0,LOW,0
CFG-0006724,DEV-PEDS-ACC-104,1,1,1,1,1,0.4,0.0,0,1,HIGH,2
CFG-0006725,DEV-EMERGENCY-VPN-002,0,1,1,1,1,0.0,0.0,1,0,LOW,0
CFG-0006726,DEV-RESEARCH-FIR-078,0,1,1,1,1,0.0,0.0,0,0,LOW,0
CFG-0006727,DEV-MAIN-ACC-077,0,1,1,1,1,0.0,0.0,0,0,LOW,0
CFG-0006728,DEV-CLINIC-IOT-041,0,1,1,1,1,0.0,0.0,1,0,LOW,0
CFG-0006729,DEV-PHARM-VPN-102,1,1,1,1,1,0.4,0.0,1,1,LOW,0
CFG-0006730,DEV-RESEARCH-SWI-100,0,1,1,1,1,0.0,0.0,0,0,LOW,0
CFG-0006731,DEV-RESEARCH-SWI-020,0,1,1,1,1,0.0,0.0,1,0,LOW,0
CFG-0006732,DEV-PHARM-FIR-010,0,1,1,0,1,0.0,0.5,1,1,LOW,0
CFG-0006733,DEV-EMERGENCY-COR-065,0,1,1,1,1,0.0,0.0,1,0,LOW,0
CFG-0006734,DEV-CLINIC-VPN-098,0,1,1,1,1,0.0,0.0,0,0,LOW,0
CFG-0006735,DEV-MAIN-SWI-017,0,1,1,1,1,0.0,0.0,0,0,LOW,0
CFG-0006736,DEV-CARDIO-COR-063,0,1,1,1,1,0.0,0.0,0,0,LOW,0
CFG-0006737,DEV-EMERGENCY-SWI-066,0,1,1,1,1,0.0,0.0,0,0,LOW,0
CFG-0006738,DEV-DIAG-ACC-036,0,1,1,1,1,0.0,0.0,0,0,LOW,0
CFG-0006739,DEV-DIAG-EDG-067,0,1,1,1,1,0.0,0.0,1,0,LOW,0
CFG-0006740,DEV-PHARM-FIR-028,0,1,1,1,1,0.0,0.0,0,0,LOW,0
CFG-0006741,DEV-MAIN-IOT-005,0,1,1,1,1,0.0,0.0,1,0,LOW,0
CFG-0006742,DEV-ONCOLOGY-IOT-059,0,1,1,1,1,0.0,0.0,1,0,LOW,0
CFG-0006743,DEV-ADMIN-SWI-049,0,1,1,1,0,0.0,0.5,0,0,LOW,0
CFG-0006744,DEV-ADMIN-COR-105,0,1,1,1,1,0.0,0.0,0,0,LOW,0
CFG-0006745,DEV-PEDS-IOT-046,0,1,0,1,1,0.3,0.0,0,1,HIGH,2
CFG-0006746,DEV-DIAG-COR-009,0,1,1,1,1,0.0,0.0,0,0,LOW,0
CFG-0006747,DEV-PHARM-ACC-083,0,1,1,0,1,0.0,0.5,0,1,MEDIUM,1
CFG-0006748,DEV-PEDS-IOT-046,0,1,1,1,1,0.0,0.0,0,0,LOW,0
CFG-0006749,DEV-PHARM-FIR-010,0,1,1,1,1,0.0,0.0,0,0,LOW,0
CFG-0006750,DEV-CARDIO-SWI-062,0,1,1,1,1,0.0,0.0,0,0,LOW,0
CFG-0006751,DEV-RESEARCH-SWI-100,0,1,1,1,1,0.0,0.0,0,0,LOW,0
CFG-0006752,DEV-CLINIC-EDG-048,0,1,1,1,1,0.0,0.0,0,0,LOW,0
CFG-0006753,DEV-CARDIO-ACC-008,0,1,1,1,1,0.0,0.0,0,0,LOW,0
CFG-0006754,DEV-MAIN-SWI-042,0,1,1,1,1,0.0,0.0,0,0,LOW,0
CFG-0006755,DEV-MAIN-FIR-064,0,1,1,1,1,0.0,0.0,0,0,LOW,0
CFG-0006756,DEV-DIAG-ACC-103,0,1,1,1,1,0.0,0.0,0,0,LOW,0
CFG-0006757,DEV-CLINIC-ACC-033,0,1,1,1,1,0.0,0.0,0,0,LOW,0
CFG-0006758,DEV-CARDIO-IOT-110,0,1,0,1,1,0.3,0.0,0,1,HIGH,2
CFG-0006759,DEV-PHARM-FIR-028,0,1,1,1,1,0.0,0.0,1,0,LOW,0
CFG-0006760,DEV-ADMIN-EDG-050,0,1,1,1,1,0.0,0.0,0,0,LOW,0
CFG-0006761,DEV-MAIN-EDG-014,0,1,1,1,1,0.0,0.0,0,0,LOW,0
CFG-0006762,DEV-PHARM-VPN-023,0,1,1,1,1,0.0,0.0,0,0,LOW,0
CFG-0006763,DEV-EMERGENCY-FIR-058,0,1,1,1,1,0.0,0.0,0,0,LOW,0
CFG-0006764,DEV-ONCOLOGY-ACC-016,1,1,1,1,1,0.4,0.0,1,1,LOW,0
CFG-0006765,DEV-ONCOLOGY-ACC-053,0,1,1,1,1,0.0,0.0,0,0,LOW,0
CFG-0006766,DEV-CLINIC-VPN-029,0,1,1,1,1,0.0,0.0,0,0,LOW,0
CFG-0006767,DEV-CARDIO-IOT-006,0,1,1,1,1,0.0,0.0,0,0,LOW,0
CFG-0006768,DEV-PHARM-VPN-023,1,1,1,1,1,0.4,0.0,0,1,HIGH,2
CFG-0006769,DEV-CARDIO-IOT-110,0,1,1,1,1,0.0,0.0,0,0,LOW,0
CFG-0006770,DEV-DIAG-EDG-067,0,1,1,1,1,0.0,0.0,1,0,LOW,0
CFG-0006771,DEV-ADMIN-FIR-093,0,1,1,1,1,0.0,0.0,0,0,LOW,0
CFG-0006772,DEV-EMERGENCY-VPN-002,0,1,1,1,1,0.0,0.0,1,0,LOW,0
CFG-0006773,DEV-PHARM-FIR-101,0,1,0,1,1,0.3,0.0,0,1,HIGH,2
CFG-0006774,DEV-CLINIC-ACC-027,0,1,1,1,1,0.0,0.0,0,0,LOW,0
CFG-0006775,DEV-MAIN-IOT-018,0,1,1,1,1,0.0,0.0,0,0,LOW,0
CFG-0006776,DEV-ADMIN-IOT-003,0,1,1,0,1,0.0,0.5,0,1,MEDIUM,1
CFG-0006777,DEV-RESEARCH-SWI-079,0,1,0,1,1,0.3,0.0,0,1,HIGH,2
CFG-0006778,DEV-PHARM-VPN-102,0,1,1,1,1,0.0,0.0,0,0,LOW,0
CFG-0006779,DEV-EMERGENCY-SWI-052,0,1,1,1,1,0.0,0.0,0,0,LOW,0
CFG-0006780,DEV-RESEARCH-FIR-056,0,1,1,1,1,0.0,0.0,0,0,LOW,0
CFG-0006781,DEV-PHARM-VPN-023,0,1,1,1,1,0.0,0.0,1,0,LOW,0
CFG-0006782,DEV-ADMIN-FIR-024,0,1,1,1,1,0.0,0.0,1,0,LOW,0
CFG-0006783,DEV-PEDS-VPN-025,0,1,1,1,1,0.0,0.0,0,0,LOW,0
CFG-0006784,DEV-RESEARCH-SWI-079,0,1,1,1,1,0.0,0.0,1,0,LOW,0
CFG-0006785,DEV-EMERGENCY-VPN-002,0,1,1,1,1,0.0,0.0,0,0,LOW,0
CFG-0006786,DEV-RESEARCH-FIR-031,0,1,1,1,1,0.0,0.0,0,0,LOW,0
CFG-0006787,DEV-EMERGENCY-VPN-094,0,1,1,1,1,0.0,0.0,1,0,LOW,0
CFG-0006788,DEV-ONCOLOGY-ACC-053,0,1,1,1,1,0.0,0.0,0,0,LOW,0
CFG-0006789,DEV-ADMIN-COR-105,0,1,1,1,1,0.0,0.0,0,0,LOW,0
CFG-0006790,DEV-CLINIC-EDG-048,0,1,1,1,1,0.0,0.0,1,0,LOW,0
CFG-0006791,DEV-RESEARCH-VPN-045,0,1,0,1,1,0.3,0.0,0,1,HIGH,2
CFG-0006792,DEV-CLINIC-EDG-048,0,1,1,1,1,0.0,0.0,0,0,LOW,0
CFG-0006793,DEV-MAIN-SWI-042,0,1,0,1,1,0.3,0.0,1,1,LOW,0
CFG-0006794,DEV-MAIN-FIR-091,0,1,1,0,1,0.0,0.5,0,1,MEDIUM,1
CFG-0006795,DEV-PEDS-WIR-007,0,1,1,1,1,0.0,0.0,0,0,LOW,0
CFG-0006796,DEV-EMERGENCY-SWI-052,0,1,1,1,1,0.0,0.0,0,0,LOW,0
CFG-0006797,DEV-MAIN-VPN-026,0,1,1,0,1,0.0,0.5,1,1,LOW,0
CFG-0006798,DEV-CARDIO-IOT-006,0,1,1,1,1,0.0,0.0,0,0,LOW,0
CFG-0006799,DEV-PEDS-WIR-040,0,1,1,1,1,0.0,0.0,0,0,LOW,0
CFG-0006800,DEV-ADMIN-FIR-093,0,1,1,1,1,0.0,0.0,0,0,LOW,0
CFG-0006801,DEV-RESEARCH-SWI-020,0,1,0,1,1,0.3,0.0,0,1,HIGH,2
CFG-0006802,DEV-RESEARCH-VPN-045,0,1,1,1,1,0.0,0.0,1,0,LOW,0
CFG-0006803,DEV-PHARM-VPN-047,0,1,1,1,1,0.0,0.0,0,0,LOW,0
CFG-0006804,DEV-PEDS-ACC-104,0,1,1,1,1,0.0,0.0,0,0,LOW,0
CFG-0006805,DEV-RESEARCH-SWI-079,0,1,1,1,1,0.0,0.0,0,0,LOW,0
CFG-0006806,DEV-EMERGENCY-COR-065,0,1,1,1,1,0.0,0.0,0,0,LOW,0
CFG-0006807,DEV-EMERGENCY-FIR-058,0,1,1,1,1,0.0,0.0,0,0,LOW,0
CFG-0006808,DEV-ONCOLOGY-WIR-037,0,1,1,1,1,0.0,0.0,0,0,LOW,0
CFG-0006809,DEV-PHARM-VPN-023,0,1,1,1,1,0.0,0.0,0,0,LOW,0
CFG-0006810,DEV-ADMIN-EDG-050,0,1,1,1,1,0.0,0.0,0,0,LOW,0
CFG-0006811,DEV-RESEARCH-SWI-001,0,1,1,1,1,0.0,0.0,1,0,LOW,0
CFG-0006812,DEV-DIAG-EDG-080,0,1,1,1,1,0.0,0.0,0,0,LOW,0
CFG-0006813,DEV-ADMIN-EDG-050,0,1,1,1,1,0.0,0.0,1,0,LOW,0
CFG-0006814,DEV-PEDS-COR-019,0,1,1,1,1,0.0,0.0,0,0,LOW,0
CFG-0006815,DEV-EMERGENCY-IOT-073,0,1,1,1,1,0.0,0.0,0,0,LOW,0
CFG-0006816,DEV-ONCOLOGY-ACC-053,0,1,0,1,1,0.3,0.0,0,1,HIGH,2
CFG-0006817,DEV-CLINIC-IOT-041,0,1,1,1,1,0.0,0.0,0,0,LOW,0
CFG-0006818,DEV-DIAG-ACC-036,0,1,1,1,1,0.0,0.0,0,0,LOW,0
CFG-0006819,DEV-ADMIN-EDG-050,0,1,1,1,1,0.0,0.0,0,0,LOW,0
CFG-0006820,DEV-ADMIN-WIR-013,0,1,1,1,1,0.0,0.0,0,0,LOW,0
CFG-0006821,DEV-CARDIO-SWI-074,0,1,1,1,1,0.0,0.0,0,0,LOW,0
CFG-0006822,DEV-CARDIO-VPN-011,0,1,1,1,1,0.0,0.0,0,0,LOW,0
CFG-0006823,DEV-EMERGENCY-IOT-073,0,1,1,1,1,0.0,0.0,0,0,LOW,0
CFG-0006824,DEV-CARDIO-IOT-110,0,1,1,1,1,0.0,0.0,1,0,LOW,0
CFG-0006825,DEV-ONCOLOGY-ACC-053,0,1,1,1,0,0.0,0.5,0,0,LOW,0
CFG-0006826,DEV-ONCOLOGY-ACC-053,0,1,1,1,1,0.0,0.0,0,0,LOW,0
CFG-0006827,DEV-PEDS-WIR-007,0,1,1,1,1,0.0,0.0,0,0,LOW,0
CFG-0006828,DEV-CARDIO-FIR-089,0,1,1,1,1,0.0,0.0,0,0,LOW,0
CFG-0006829,DEV-MAIN-EDG-012,0,1,1,1,1,0.0,0.0,1,0,LOW,0
CFG-0006830,DEV-MAIN-IOT-005,0,1,1,1,1,0.0,0.0,1,0,LOW,0
CFG-0006831,DEV-DIAG-ACC-036,0,1,1,0,1,0.0,0.5,0,1,MEDIUM,1
CFG-0006832,DEV-CLINIC-EDG-048,0,1,1,1,0,0.0,0.5,0,0,LOW,0
CFG-0006833,DEV-EMERGENCY-VPN-094,0,1,1,1,1,0.0,0.0,1,0,LOW,0
CFG-0006834,DEV-CARDIO-ACC-068,0,1,1,1,1,0.0,0.0,0,0,LOW,0
CFG-0006835,DEV-CLINIC-EDG-048,0,1,1,1,1,0.0,0.0,0,0,LOW,0
CFG-0006836,DEV-ADMIN-IOT-003,0,1,1,1,1,0.0,0.0,0,0,LOW,0
CFG-0006837,DEV-ONCOLOGY-IOT-070,0,1,1,1,1,0.0,0.0,1,0,LOW,0
CFG-0006838,DEV-MAIN-VPN-026,0,1,1,0,1,0.0,0.5,0,1,MEDIUM,1
CFG-0006839,DEV-DIAG-FIR-108,1,1,1,1,1,0.4,0.0,0,1,HIGH,2
CFG-0006840,DEV-EMERGENCY-SWI-052,0,1,1,1,1,0.0,0.0,0,0,LOW,0
CFG-0006841,DEV-CLINIC-ACC-034,0,1,1,1,1,0.0,0.0,1,0,LOW,0
CFG-0006842,DEV-ADMIN-IOT-003,0,1,1,1,1,0.0,0.0,0,0,LOW,0
CFG-0006843,DEV-RESEARCH-FIR-031,0,1,1,1,1,0.0,0.0,0,0,LOW,0
CFG-0006844,DEV-MAIN-VPN-026,0,1,1,1,1,0.0,0.0,0,0,LOW,0
CFG-0006845,DEV-DIAG-EDG-080,1,1,1,1,1,0.4,0.0,0,1,HIGH,2
CFG-0006846,DEV-DIAG-EDG-080,1,1,1,1,1,0.4,0.0,0,1,HIGH,2
CFG-0006847,DEV-RESEARCH-SWI-020,0,1,1,1,1,0.0,0.0,0,0,LOW,0
CFG-0006848,DEV-ADMIN-FIR-024,0,1,1,1,1,0.0,0.0,0,0,LOW,0
CFG-0006849,DEV-PEDS-IOT-035,0,1,1,1,0,0.0,0.5,0,0,LOW,0
CFG-0006850,DEV-ONCOLOGY-ACC-053,0,1,1,1,1,0.0,0.0,0,0,LOW,0
CFG-0006851,DEV-DIAG-COR-009,0,1,1,1,1,0.0,0.0,0,0,LOW,0
CFG-0006852,DEV-PHARM-ACC-083,0,1,1,1,1,0.0,0.0,0,0,LOW,0
CFG-0006853,DEV-RESEARCH-FIR-086,0,1,1,1,1,0.0,0.0,1,0,LOW,0
CFG-0006854,DEV-CLINIC-ACC-034,0,1,1,1,0,0.0,0.5,1,0,LOW,0
CFG-0006855,DEV-RESEARCH-EDG-057,0,1,1,1,1,0.0,0.0,1,0,LOW,0
CFG-0006856,DEV-EMERGENCY-COR-022,0,1,1,1,1,0.0,0.0,1,0,LOW,0
CFG-0006857,DEV-ONCOLOGY-WIR-037,0,1,1,1,1,0.0,0.0,0,0,LOW,0
CFG-0006858,DEV-PEDS-WIR-007,0,1,0,1,1,0.3,0.0,0,1,HIGH,2
CFG-0006859,DEV-RESEARCH-SWI-001,0,1,1,1,1,0.0,0.0,0,0,LOW,0
CFG-0006860,DEV-PHARM-FIR-101,0,1,1,1,1,0.0,0.0,0,0,LOW,0
CFG-0006861,DEV-MAIN-EDG-071,0,1,1,1,1,0.0,0.0,0,0,LOW,0
CFG-0006862,DEV-ADMIN-IOT-003,0,1,1,1,1,0.0,0.0,1,0,LOW,0
CFG-0006863,DEV-ONCOLOGY-WIR-037,0,1,1,1,1,0.0,0.0,0,0,LOW,0
CFG-0006864,DEV-ADMIN-VPN-021,0,1,1,1,1,0.0,0.0,1,0,LOW,0
CFG-0006865,DEV-CLINIC-IOT-041,0,1,1,1,1,0.0,0.0,1,0,LOW,0
CFG-0006866,DEV-RESEARCH-SWI-079,0,1,1,1,0,0.0,0.5,0,0,LOW,0
CFG-0006867,DEV-RESEARCH-SWI-001,0,1,1,1,1,0.0,0.0,0,0,LOW,0
CFG-0006868,DEV-EMERGENCY-IOT-015,0,1,1,1,1,0.0,0.0,1,0,LOW,0
CFG-0006869,DEV-ADMIN-FIR-093,0,1,1,0,1,0.0,0.5,0,1,MEDIUM,1
CFG-0006870,DEV-EMERGENCY-SWI-096,0,1,0,1,1,0.3,0.0,0,1,HIGH,2
CFG-0006871,DEV-DIAG-EDG-080,1,1,1,1,1,0.4,0.0,1,1,LOW,0
CFG-0006872,DEV-EMERGENCY-SWI-052,0,1,1,1,1,0.0,0.0,0,0,LOW,0
CFG-0006873,DEV-ADMIN-VPN-021,1,1,1,1,1,0.4,0.0,1,1,LOW,0
CFG-0006874,DEV-ADMIN-VPN-021,0,1,1,1,1,0.0,0.0,0,0,LOW,0
CFG-0006875,DEV-DIAG-ACC-036,0,1,1,1,1,0.0,0.0,0,0,LOW,0
CFG-0006876,DEV-EMERGENCY-COR-022,1,1,1,1,1,0.4,0.0,0,1,HIGH,2
CFG-0006877,DEV-CARDIO-ACC-008,0,1,1,1,1,0.0,0.0,0,0,LOW,0
CFG-0006878,DEV-RESEARCH-FIR-056,0,1,1,1,1,0.0,0.0,1,0,LOW,0
CFG-0006879,DEV-EMERGENCY-IOT-015,0,1,1,1,1,0.0,0.0,0,0,LOW,0
CFG-0006880,DEV-RESEARCH-SWI-001,0,1,1,1,0,0.0,0.5,1,0,LOW,0
CFG-0006881,DEV-MAIN-ACC-077,1,1,1,0,1,0.4,0.5,0,2,HIGH,2
CFG-0006882,DEV-MAIN-SWI-017,0,1,1,1,1,0.0,0.0,0,0,LOW,0
CFG-0006883,DEV-ADMIN-COR-105,0,1,1,1,1,0.0,0.0,0,0,LOW,0
CFG-0006884,DEV-MAIN-WIR-043,0,1,0,1,1,0.3,0.0,0,1,HIGH,2
CFG-0006885,DEV-EMERGENCY-SWI-066,0,1,1,1,1,0.0,0.0,0,0,LOW,0
CFG-0006886,DEV-DIAG-FIR-108,0,1,1,1,1,0.0,0.0,0,0,LOW,0
CFG-0006887,DEV-ONCOLOGY-VPN-075,0,1,1,1,1,0.0,0.0,1,0,LOW,0
CFG-0006888,DEV-MAIN-SWI-017,0,1,1,1,1,0.0,0.0,0,0,LOW,0
CFG-0006889,DEV-PEDS-WIR-040,0,1,1,1,1,0.0,0.0,0,0,LOW,0
CFG-0006890,DEV-DIAG-SWI-092,0,1,1,1,1,0.0,0.0,1,0,LOW,0
CFG-0006891,DEV-RESEARCH-SWI-020,0,1,1,0,1,0.0,0.5,1,1,LOW,0
CFG-0006892,DEV-RESEARCH-FIR-031,1,1,1,1,1,0.4,0.0,1,1,LOW,0
CFG-0006893,DEV-CLINIC-ACC-034,0,1,1,1,1,0.0,0.0,0,0,LOW,0
CFG-0006894,DEV-CLINIC-ACC-109,1,1,1,1,1,0.4,0.0,0,1,HIGH,2
CFG-0006895,DEV-CARDIO-SWI-074,1,1,1,1,1,0.4,0.0,0,1,HIGH,2
CFG-0006896,DEV-CLINIC-EDG-048,0,1,1,1,1,0.0,0.0,0,0,LOW,0
CFG-0006897,DEV-MAIN-SWI-044,1,1,1,1,1,0.4,0.0,0,1,HIGH,2
CFG-0006898,DEV-RESEARCH-FIR-056,1,1,1,1,1,0.4,0.0,1,1,LOW,0
CFG-0006899,DEV-EMERGENCY-IOT-073,0,1,1,1,1,0.0,0.0,0,0,LOW,0
CFG-0006900,DEV-MAIN-SWI-044,0,1,1,1,1,0.0,0.0,1,0,LOW,0
CFG-0006901,DEV-CARDIO-ACC-068,0,1,1,1,1,0.0,0.0,1,0,LOW,0
CFG-0006902,DEV-CLINIC-VPN-098,0,1,1,1,1,0.0,0.0,0,0,LOW,0
CFG-0006903,DEV-ONCOLOGY-FIR-061,0,1,1,1,1,0.0,0.0,0,0,LOW,0
CFG-0006904,DEV-DIAG-COR-009,0,1,1,1,1,0.0,0.0,1,0,LOW,0
CFG-0006905,DEV-PEDS-COR-019,0,1,1,1,1,0.0,0.0,0,0,LOW,0
CFG-0006906,DEV-CARDIO-FIR-088,0,1,1,1,1,0.0,0.0,1,0,LOW,0
CFG-0006907,DEV-CLINIC-ACC-027,0,1,1,1,1,0.0,0.0,0,0,LOW,0
CFG-0006908,DEV-ADMIN-IOT-003,0,1,1,1,1,0.0,0.0,1,0,LOW,0
CFG-0006909,DEV-PEDS-ACC-104,0,1,1,1,1,0.0,0.0,0,0,LOW,0
CFG-0006910,DEV-CARDIO-VPN-011,0,1,1,1,1,0.0,0.0,0,0,LOW,0
CFG-0006911,DEV-PEDS-WIR-040,0,1,1,1,1,0.0,0.0,1,0,LOW,0
CFG-0006912,DEV-EMERGENCY-FIR-030,0,1,1,1,0,0.0,0.5,0,0,LOW,0
CFG-0006913,DEV-RESEARCH-FIR-086,0,1,1,1,1,0.0,0.0,0,0,LOW,0
CFG-0006914,DEV-MAIN-SWI-017,0,1,1,1,1,0.0,0.0,0,0,LOW,0
CFG-0006915,DEV-MAIN-IOT-005,0,1,1,1,1,0.0,0.0,0,0,LOW,0
CFG-0006916,DEV-EMERGENCY-VPN-002,0,1,1,1,1,0.0,0.0,0,0,LOW,0
CFG-0006917,DEV-PHARM-VPN-023,0,1,1,1,1,0.0,0.0,0,0,LOW,0
CFG-0006918,DEV-EMERGENCY-SWI-099,0,1,1,1,1,0.0,0.0,0,0,LOW,0
CFG-0006919,DEV-PEDS-WIR-007,0,1,1,1,1,0.0,0.0,1,0,LOW,0
CFG-0006920,DEV-ONCOLOGY-WIR-037,0,1,1,0,1,0.0,0.5,1,1,LOW,0
CFG-0006921,DEV-CLINIC-VPN-029,0,1,0,1,1,0.3,0.0,0,1,HIGH,2
CFG-0006922,DEV-CLINIC-ACC-033,0,1,1,1,1,0.0,0.0,0,0,LOW,0
CFG-0006923,DEV-MAIN-IOT-018,1,1,1,1,1,0.4,0.0,0,1,HIGH,2
CFG-0006924,DEV-RESEARCH-SWI-001,0,1,1,1,1,0.0,0.0,1,0,LOW,0
CFG-0006925,DEV-MAIN-IOT-005,0,1,0,1,1,0.3,0.0,0,1,HIGH,2
CFG-0006926,DEV-RESEARCH-SWI-001,0,1,1,1,1,0.0,0.0,1,0,LOW,0
CFG-0006927,DEV-PEDS-VPN-025,0,1,1,1,1,0.0,0.0,0,0,LOW,0
CFG-0006928,DEV-RESEARCH-FIR-086,0,1,0,1,1,0.3,0.0,0,1,HIGH,2
CFG-0006929,DEV-CLINIC-VPN-098,0,1,1,1,1,0.0,0.0,0,0,LOW,0
CFG-0006930,DEV-PEDS-ACC-104,0,1,1,1,1,0.0,0.0,0,0,LOW,0
CFG-0006931,DEV-MAIN-SWI-017,1,1,1,1,1,0.4,0.0,0,1,HIGH,2
CFG-0006932,DEV-CARDIO-FIR-088,0,1,1,1,0,0.0,0.5,1,0,LOW,0
CFG-0006933,DEV-CARDIO-COR-063,0,1,1,1,1,0.0,0.0,0,0,LOW,0
CFG-0006934,DEV-ONCOLOGY-VPN-075,0,1,1,1,1,0.0,0.0,0,0,LOW,0
CFG-0006935,DEV-CARDIO-COR-063,0,1,1,1,1,0.0,0.0,0,0,LOW,0
CFG-0006936,DEV-DIAG-WIR-084,0,1,1,1,0,0.0,0.5,0,0,LOW,0
CFG-0006937,DEV-PHARM-FIR-028,0,1,0,1,1,0.3,0.0,0,1,HIGH,2
CFG-0006938,DEV-CLINIC-VPN-098,0,1,1,1,1,0.0,0.0,0,0,LOW,0
CFG-0006939,DEV-ADMIN-WIR-013,1,1,1,1,1,0.4,0.0,1,1,LOW,0
CFG-0006940,DEV-RESEARCH-SWI-001,0,1,1,1,1,0.0,0.0,1,0,LOW,0
CFG-0006941,DEV-EMERGENCY-COR-022,1,1,1,1,1,0.4,0.0,0,1,HIGH,2
CFG-0006942,DEV-RESEARCH-IOT-072,0,1,1,1,1,0.0,0.0,0,0,LOW,0
CFG-0006943,DEV-EMERGENCY-FIR-030,1,1,1,1,1,0.4,0.0,1,1,LOW,0
CFG-0006944,DEV-RESEARCH-SWI-100,0,1,1,1,1,0.0,0.0,1,0,LOW,0
CFG-0006945,DEV-MAIN-WIR-043,1,1,1,1,1,0.4,0.0,1,1,LOW,0
CFG-0006946,DEV-EMERGENCY-COR-022,0,1,1,1,1,0.0,0.0,1,0,LOW,0
CFG-0006947,DEV-CLINIC-VPN-029,1,1,1,1,1,0.4,0.0,0,1,HIGH,2
CFG-0006948,DEV-DIAG-EDG-080,0,1,1,1,1,0.0,0.0,0,0,LOW,0
CFG-0006949,DEV-PEDS-COR-019,1,1,1,1,1,0.4,0.0,1,1,LOW,0
CFG-0006950,DEV-PHARM-COR-106,0,1,1,1,1,0.0,0.0,0,0,LOW,0
CFG-0006951,DEV-RESEARCH-FIR-086,0,1,1,1,1,0.0,0.0,1,0,LOW,0
CFG-0006952,DEV-CLINIC-WIR-097,1,1,1,1,1,0.4,0.0,0,1,HIGH,2
CFG-0006953,DEV-MAIN-IOT-018,0,1,1,1,1,0.0,0.0,0,0,LOW,0
CFG-0006954,DEV-EMERGENCY-VPN-002,1,1,1,1,1,0.4,0.0,1,1,LOW,0
CFG-0006955,DEV-MAIN-ACC-090,1,1,1,1,1,0.4,0.0,0,1,HIGH,2
CFG-0006956,DEV-CARDIO-FIR-088,0,1,1,1,1,0.0,0.0,0,0,LOW,0
CFG-0006957,DEV-MAIN-SWI-042,0,1,1,1,1,0.0,0.0,0,0,LOW,0
CFG-0006958,DEV-MAIN-EDG-071,0,1,1,1,1,0.0,0.0,0,0,LOW,0
CFG-0006959,DEV-CLINIC-VPN-098,0,1,1,1,0,0.0,0.5,0,0,LOW,0
CFG-0006960,DEV-DIAG-ACC-103,0,1,1,1,1,0.0,0.0,0,0,LOW,0
CFG-0006961,DEV-DIAG-EDG-067,1,1,1,1,1,0.4,0.0,1,1,LOW,0
CFG-0006962,DEV-DIAG-EDG-067,0,1,0,1,1,0.3,0.0,0,1,HIGH,2
CFG-0006963,DEV-RESEARCH-FIR-078,0,1,1,1,1,0.0,0.0,1,0,LOW,0
CFG-0006964,DEV-ADMIN-COR-105,0,1,1,1,1,0.0,0.0,1,0,LOW,0
CFG-0006965,DEV-EMERGENCY-IOT-073,0,1,1,1,1,0.0,0.0,0,0,LOW,0
CFG-0006966,DEV-CARDIO-IOT-006,0,1,1,1,1,0.0,0.0,0,0,LOW,0
CFG-0006967,DEV-MAIN-EDG-071,1,1,1,1,1,0.4,0.0,0,1,HIGH,2
CFG-0006968,DEV-PEDS-WIR-040,0,1,1,1,1,0.0,0.0,0,0,LOW,0
CFG-0006969,DEV-MAIN-ACC-077,0,1,1,1,1,0.0,0.0,0,0,LOW,0
CFG-0006970,DEV-RESEARCH-IOT-072,0,1,1,1,0,0.0,0.5,0,0,LOW,0
CFG-0006971,DEV-ONCOLOGY-FIR-061,0,1,1,1,1,0.0,0.0,0,0,LOW,0
CFG-0006972,DEV-EMERGENCY-SWI-052,0,1,1,1,0,0.0,0.5,0,0,LOW,0
CFG-0006973,DEV-CLINIC-WIR-097,0,1,1,1,1,0.0,0.0,1,0,LOW,0
CFG-0006974,DEV-MAIN-EDG-014,0,1,1,0,1,0.0,0.5,0,1,MEDIUM,1
CFG-0006975,DEV-CARDIO-IOT-006,1,1,1,1,1,0.4,0.0,0,1,HIGH,2
CFG-0006976,DEV-RESEARCH-EDG-057,0,1,1,1,1,0.0,0.0,0,0,LOW,0
CFG-0006977,DEV-PHARM-VPN-023,1,1,1,1,1,0.4,0.0,0,1,HIGH,2
CFG-0006978,DEV-DIAG-SWI-032,0,1,1,1,1,0.0,0.0,0,0,LOW,0
CFG-0006979,DEV-EMERGENCY-FIR-030,0,1,1,1,1,0.0,0.0,0,0,LOW,0
CFG-0006980,DEV-EMERGENCY-VPN-002,0,1,1,1,1,0.0,0.0,0,0,LOW,0
CFG-0006981,DEV-DIAG-COR-009,0,1,1,1,1,0.0,0.0,0,0,LOW,0
CFG-0006982,DEV-MAIN-ACC-090,0,1,1,1,1,0.0,0.0,0,0,LOW,0
CFG-0006983,DEV-CLINIC-ACC-033,0,1,1,1,1,0.0,0.0,0,0,LOW,0
CFG-0006984,DEV-EMERGENCY-IOT-015,0,1,1,1,1,0.0,0.0,1,0,LOW,0
CFG-0006985,DEV-EMERGENCY-SWI-099,0,1,1,1,1,0.0,0.0,0,0,LOW,0
CFG-0006986,DEV-DIAG-COR-009,0,1,0,1,1,0.3,0.0,1,1,LOW,0
CFG-0006987,DEV-MAIN-EDG-071,1,1,1,1,1,0.4,0.0,1,1,LOW,0
CFG-0006988,DEV-ADMIN-IOT-003,0,1,1,1,1,0.0,0.0,1,0,LOW,0
CFG-0006989,DEV-CLINIC-WIR-097,0,1,1,1,1,0.0,0.0,0,0,LOW,0
CFG-0006990,DEV-ADMIN-EDG-050,0,1,1,1,1,0.0,0.0,0,0,LOW,0
CFG-0006991,DEV-PHARM-FIR-101,0,1,1,1,1,0.0,0.0,0,0,LOW,0
CFG-0006992,DEV-MAIN-SWI-044,0,1,1,0,1,0.0,0.5,0,1,MEDIUM,1
CFG-0006993,DEV-MAIN-EDG-012,0,1,1,1,1,0.0,0.0,0,0,LOW,0
CFG-0006994,DEV-MAIN-FIR-064,0,1,1,1,1,0.0,0.0,1,0,LOW,0
CFG-0006995,DEV-PHARM-FIR-028,0,1,1,1,1,0.0,0.0,0,0,LOW,0
CFG-0006996,DEV-RESEARCH-FIR-056,0,1,1,1,1,0.0,0.0,1,0,LOW,0
CFG-0006997,DEV-MAIN-SWI-042,0,1,1,1,1,0.0,0.0,0,0,LOW,0
CFG-0006998,DEV-MAIN-EDG-071,1,1,1,1,1,0.4,0.0,0,1,HIGH,2
CFG-0006999,DEV-PEDS-FIR-069,0,1,1,1,1,0.0,0.0,0,0,LOW,0
CFG-0007000,DEV-PEDS-WIR-040,0,1,1,1,0,0.0,0.5,0,0,LOW,0
CFG-0007001,DEV-ONCOLOGY-WIR-037,0,1,1,1,1,0.0,0.0,0,0,LOW,0
CFG-0007002,DEV-RESEARCH-SWI-020,0,1,1,1,1,0.0,0.0,0,0,LOW,0
CFG-0007003,DEV-RESEARCH-EDG-057,0,1,0,1,1,0.3,0.0,0,1,HIGH,2
CFG-0007004,DEV-RESEARCH-SWI-001,0,1,1,1,1,0.0,0.0,1,0,LOW,0
CFG-0007005,DEV-EMERGENCY-FIR-030,1,1,1,1,1,0.4,0.0,1,1,LOW,0
CFG-0007006,DEV-MAIN-SWI-042,1,1,1,1,1,0.4,0.0,0,1,HIGH,2
CFG-0007007,DEV-ADMIN-WIR-013,0,1,1,1,1,0.0,0.0,0,0,LOW,0
CFG-0007008,DEV-DIAG-COR-009,0,1,1,1,1,0.0,0.0,1,0,LOW,0
CFG-0007009,DEV-DIAG-EDG-067,0,1,1,1,1,0.0,0.0,0,0,LOW,0
CFG-0007010,DEV-ADMIN-IOT-003,0,1,1,0,1,0.0,0.5,1,1,LOW,0
CFG-0007011,DEV-PHARM-COR-106,0,1,1,1,1,0.0,0.0,0,0,LOW,0
CFG-0007012,DEV-RESEARCH-SWI-100,0,1,1,1,1,0.0,0.0,0,0,LOW,0
CFG-0007013,DEV-RESEARCH-SWI-079,0,1,1,1,1,0.0,0.0,0,0,LOW,0
CFG-0007014,DEV-CARDIO-COR-063,0,1,1,1,1,0.0,0.0,0,0,LOW,0
CFG-0007015,DEV-EMERGENCY-VPN-094,0,1,1,1,1,0.0,0.0,1,0,LOW,0
CFG-0007016,DEV-EMERGENCY-FIR-058,0,1,1,1,1,0.0,0.0,1,0,LOW,0
CFG-0007017,DEV-DIAG-SWI-032,0,1,1,1,1,0.0,0.0,1,0,LOW,0
CFG-0007018,DEV-PEDS-COR-019,0,1,1,0,1,0.0,0.5,0,1,MEDIUM,1
CFG-0007019,DEV-EMERGENCY-SWI-052,0,1,1,1,1,0.0,0.0,0,0,LOW,0
CFG-0007020,DEV-ADMIN-FIR-093,0,1,0,1,1,0.3,0.0,1,1,LOW,0
CFG-0007021,DEV-EMERGENCY-VPN-002,0,1,1,1,0,0.0,0.5,0,0,LOW,0
CFG-0007022,DEV-MAIN-IOT-018,0,1,1,0,1,0.0,0.5,0,1,MEDIUM,1
CFG-0007023,DEV-RESEARCH-EDG-055,0,1,1,1,1,0.0,0.0,1,0,LOW,0
CFG-0007024,DEV-MAIN-EDG-012,0,1,1,1,1,0.0,0.0,0,0,LOW,0
CFG-0007025,DEV-MAIN-ACC-077,0,1,1,1,1,0.0,0.0,1,0,LOW,0
CFG-0007026,DEV-PHARM-VPN-023,0,1,1,1,1,0.0,0.0,0,0,LOW,0
CFG-0007027,DEV-RESEARCH-SWI-079,0,1,1,1,1,0.0,0.0,1,0,LOW,0
CFG-0007028,DEV-PEDS-VPN-025,0,1,1,1,1,0.0,0.0,1,0,LOW,0
CFG-0007029,DEV-PEDS-FIR-069,0,1,1,1,1,0.0,0.0,0,0,LOW,0
CFG-0007030,DEV-EMERGENCY-SWI-066,0,1,0,1,1,0.3,0.0,0,1,HIGH,2
CFG-0007031,DEV-DIAG-ACC-036,0,1,1,1,1,0.0,0.0,1,0,LOW,0
CFG-0007032,DEV-RESEARCH-SWI-001,0,1,1,1,1,0.0,0.0,1,0,LOW,0
CFG-0007033,DEV-EMERGENCY-FIR-058,0,1,1,0,1,0.0,0.5,0,1,MEDIUM,1
CFG-0007034,DEV-RESEARCH-FIR-086,0,1,1,1,1,0.0,0.0,0,0,LOW,0
CFG-0007035,DEV-ADMIN-VPN-021,0,1,1,1,1,0.0,0.0,1,0,LOW,0
CFG-0007036,DEV-RESEARCH-SWI-079,0,1,1,1,1,0.0,0.0,1,0,LOW,0
CFG-0007037,DEV-PHARM-VPN-023,0,1,1,0,1,0.0,0.5,0,1,MEDIUM,1
CFG-0007038,DEV-CARDIO-IOT-006,0,1,1,0,1,0.0,0.5,0,1,MEDIUM,1
CFG-0007039,DEV-ONCOLOGY-ACC-016,0,1,1,1,1,0.0,0.0,0,0,LOW,0
CFG-0007040,DEV-EMERGENCY-SWI-081,0,1,1,1,1,0.0,0.0,1,0,LOW,0
CFG-0007041,DEV-RESEARCH-SWI-020,1,1,1,1,1,0.4,0.0,1,1,LOW,0
CFG-0007042,DEV-PHARM-VPN-102,0,1,1,1,1,0.0,0.0,0,0,LOW,0
CFG-0007043,DEV-MAIN-SWI-017,0,1,1,1,1,0.0,0.0,0,0,LOW,0
CFG-0007044,DEV-MAIN-EDG-071,0,1,1,1,1,0.0,0.0,0,0,LOW,0
CFG-0007045,DEV-EMERGENCY-COR-022,0,1,1,1,1,0.0,0.0,1,0,LOW,0
CFG-0007046,DEV-CLINIC-VPN-098,0,1,1,1,0,0.0,0.5,0,0,LOW,0
CFG-0007047,DEV-ONCOLOGY-VPN-075,1,1,1,1,1,0.4,0.0,0,1,HIGH,2
CFG-0007048,DEV-MAIN-IOT-018,0,1,1,1,1,0.0,0.0,0,0,LOW,0
CFG-0007049,DEV-MAIN-IOT-005,0,1,1,1,1,0.0,0.0,0,0,LOW,0
CFG-0007050,DEV-ADMIN-FIR-093,0,1,1,1,1,0.0,0.0,0,0,LOW,0
CFG-0007051,DEV-RESEARCH-IOT-072,0,1,1,1,1,0.0,0.0,0,0,LOW,0
CFG-0007052,DEV-ONCOLOGY-ACC-053,0,1,0,1,1,0.3,0.0,0,1,HIGH,2
CFG-0007053,DEV-CLINIC-ACC-109,0,1,1,1,1,0.0,0.0,0,0,LOW,0
CFG-0007054,DEV-ONCOLOGY-ACC-053,0,1,1,1,1,0.0,0.0,0,0,LOW,0
CFG-0007055,DEV-ONCOLOGY-WIR-037,0,1,1,1,0,0.0,0.5,0,0,LOW,0
CFG-0007056,DEV-PEDS-WIR-040,0,1,1,1,0,0.0,0.5,0,0,LOW,0
CFG-0007057,DEV-RESEARCH-SWI-079,0,1,1,1,0,0.0,0.5,0,0,LOW,0
CFG-0007058,DEV-EMERGENCY-VPN-094,0,1,0,1,1,0.3,0.0,1,1,LOW,0
CFG-0007059,DEV-PEDS-ACC-104,0,1,1,1,1,0.0,0.0,0,0,LOW,0
CFG-0007060,DEV-MAIN-FIR-064,1,1,1,1,1,0.4,0.0,0,1,HIGH,2
CFG-0007061,DEV-RESEARCH-SWI-020,0,1,1,1,1,0.0,0.0,1,0,LOW,0
CFG-0007062,DEV-PHARM-VPN-047,0,1,1,1,1,0.0,0.0,0,0,LOW,0
CFG-0007063,DEV-ADMIN-FIR-024,0,1,1,1,1,0.0,0.0,0,0,LOW,0
CFG-0007064,DEV-PEDS-WIR-095,0,1,0,1,1,0.3,0.0,0,1,HIGH,2
CFG-0007065,DEV-ADMIN-EDG-050,1,1,1,1,1,0.4,0.0,1,1,LOW,0
CFG-0007066,DEV-PEDS-WIR-007,1,1,1,1,0,0.4,0.5,0,1,HIGH,2
CFG-0007067,DEV-RESEARCH-FIR-056,0,1,1,1,1,0.0,0.0,0,0,LOW,0
CFG-0007068,DEV-EMERGENCY-VPN-094,0,1,1,1,1,0.0,0.0,1,0,LOW,0
CFG-0007069,DEV-DIAG-SWI-092,0,1,1,0,1,0.0,0.5,1,1,LOW,0
CFG-0007070,DEV-CARDIO-ACC-008,0,1,1,1,1,0.0,0.0,0,0,LOW,0
CFG-0007071,DEV-ADMIN-EDG-050,0,1,1,1,1,0.0,0.0,0,0,LOW,0
CFG-0007072,DEV-CARDIO-IOT-110,0,1,1,1,1,0.0,0.0,0,0,LOW,0
CFG-0007073,DEV-PEDS-WIR-040,0,1,1,1,1,0.0,0.0,0,0,LOW,0
CFG-0007074,DEV-ONCOLOGY-VPN-075,0,1,1,1,1,0.0,0.0,0,0,LOW,0
CFG-0007075,DEV-EMERGENCY-SWI-081,0,1,1,1,1,0.0,0.0,1,0,LOW,0
CFG-0007076,DEV-PHARM-EDG-038,0,1,1,1,1,0.0,0.0,1,0,LOW,0
CFG-0007077,DEV-MAIN-SWI-044,0,1,1,1,1,0.0,0.0,0,0,LOW,0
CFG-0007078,DEV-EMERGENCY-SWI-066,0,1,1,1,0,0.0,0.5,0,0,LOW,0
CFG-0007079,DEV-CLINIC-ACC-027,0,1,1,1,1,0.0,0.0,0,0,LOW,0
CFG-0007080,DEV-EMERGENCY-VPN-094,1,1,1,1,1,0.4,0.0,0,1,HIGH,2
CFG-0007081,DEV-ONCOLOGY-FIR-061,0,1,1,1,1,0.0,0.0,0,0,LOW,0
CFG-0007082,DEV-PEDS-ACC-104,0,1,1,1,1,0.0,0.0,0,0,LOW,0
CFG-0007083,DEV-MAIN-SWI-044,0,1,1,1,1,0.0,0.0,0,0,LOW,0
CFG-0007084,DEV-PHARM-FIR-010,0,1,1,0,1,0.0,0.5,0,1,MEDIUM,1
CFG-0007085,DEV-CARDIO-IOT-110,1,1,1,1,1,0.4,0.0,0,1,HIGH,2
CFG-0007086,DEV-ONCOLOGY-IOT-059,0,1,1,1,1,0.0,0.0,0,0,LOW,0
CFG-0007087,DEV-MAIN-SWI-044,1,1,1,1,1,0.4,0.0,0,1,HIGH,2
CFG-0007088,DEV-RESEARCH-FIR-086,0,1,1,1,1,0.0,0.0,1,0,LOW,0
CFG-0007089,DEV-DIAG-EDG-080,0,1,1,1,1,0.0,0.0,0,0,LOW,0
CFG-0007090,DEV-ONCOLOGY-SWI-039,0,1,1,1,1,0.0,0.0,0,0,LOW,0
CFG-0007091,DEV-PHARM-FIR-010,0,1,1,1,1,0.0,0.0,0,0,LOW,0
CFG-0007092,DEV-DIAG-EDG-067,0,1,1,1,1,0.0,0.0,1,0,LOW,0
CFG-0007093,DEV-MAIN-SWI-017,0,1,1,1,1,0.0,0.0,0,0,LOW,0
CFG-0007094,DEV-PHARM-FIR-010,0,1,1,1,1,0.0,0.0,0,0,LOW,0
CFG-0007095,DEV-ADMIN-FIR-024,0,1,1,1,1,0.0,0.0,1,0,LOW,0
CFG-0007096,DEV-PEDS-WIR-040,0,1,1,1,1,0.0,0.0,0,0,LOW,0
CFG-0007097,DEV-EMERGENCY-FIR-030,0,1,1,1,0,0.0,0.5,1,0,LOW,0
CFG-0007098,DEV-PHARM-ACC-083,0,1,1,1,1,0.0,0.0,1,0,LOW,0
CFG-0007099,DEV-EMERGENCY-SWI-066,0,1,1,1,1,0.0,0.0,0,0,LOW,0
CFG-0007100,DEV-ADMIN-FIR-024,0,1,1,1,0,0.0,0.5,1,0,LOW,0
CFG-0007101,DEV-ONCOLOGY-WIR-037,0,1,1,1,0,0.0,0.5,1,0,LOW,0
CFG-0007102,DEV-MAIN-IOT-018,0,1,1,1,1,0.0,0.0,0,0,LOW,0
CFG-0007103,DEV-PHARM-VPN-102,0,1,1,1,1,0.0,0.0,1,0,LOW,0
CFG-0007104,DEV-MAIN-EDG-014,0,1,1,1,1,0.0,0.0,1,0,LOW,0
CFG-0007105,DEV-DIAG-ACC-103,0,1,0,1,1,0.3,0.0,0,1,HIGH,2
CFG-0007106,DEV-CARDIO-FIR-089,0,1,1,1,1,0.0,0.0,1,0,LOW,0
CFG-0007107,DEV-ONCOLOGY-IOT-070,0,1,1,1,1,0.0,0.0,1,0,LOW,0
CFG-0007108,DEV-PEDS-WIR-007,0,1,0,1,1,0.3,0.0,0,1,HIGH,2
CFG-0007109,DEV-CLINIC-VPN-051,0,1,1,1,1,0.0,0.0,1,0,LOW,0
CFG-0007110,DEV-PHARM-IOT-107,1,1,1,1,1,0.4,0.0,0,1,HIGH,2
CFG-0007111,DEV-EMERGENCY-IOT-015,0,1,1,1,1,0.0,0.0,1,0,LOW,0
CFG-0007112,DEV-CLINIC-SWI-082,0,1,0,1,1,0.3,0.0,0,1,HIGH,2
CFG-0007113,DEV-PHARM-ACC-083,0,1,1,1,1,0.0,0.0,0,0,LOW,0
CFG-0007114,DEV-DIAG-EDG-067,0,1,1,1,1,0.0,0.0,0,0,LOW,0
CFG-0007115,DEV-PEDS-WIR-040,0,1,1,1,1,0.0,0.0,1,0,LOW,0
CFG-0007116,DEV-ADMIN-FIR-024,0,1,1,1,1,0.0,0.0,0,0,LOW,0
CFG-0007117,DEV-PEDS-COR-054,0,1,1,1,1,0.0,0.0,0,0,LOW,0
CFG-0007118,DEV-CARDIO-FIR-089,0,1,1,1,1,0.0,0.0,1,0,LOW,0
CFG-0007119,DEV-DIAG-EDG-067,0,1,1,1,1,0.0,0.0,0,0,LOW,0
CFG-0007120,DEV-RESEARCH-VPN-045,0,1,1,1,1,0.0,0.0,1,0,LOW,0
CFG-0007121,DEV-PEDS-VPN-025,0,1,1,1,1,0.0,0.0,0,0,LOW,0
CFG-0007122,DEV-PHARM-VPN-004,0,1,1,1,1,0.0,0.0,0,0,LOW,0
CFG-0007123,DEV-RESEARCH-SWI-079,0,1,1,1,1,0.0,0.0,0,0,LOW,0
CFG-0007124,DEV-MAIN-ACC-090,0,1,1,1,1,0.0,0.0,0,0,LOW,0
CFG-0007125,DEV-RESEARCH-FIR-078,0,1,1,1,1,0.0,0.0,1,0,LOW,0
CFG-0007126,DEV-ADMIN-IOT-003,0,1,1,1,1,0.0,0.0,1,0,LOW,0
CFG-0007127,DEV-MAIN-WIR-043,0,1,1,1,1,0.0,0.0,0,0,LOW,0
CFG-0007128,DEV-EMERGENCY-IOT-073,0,1,1,1,1,0.0,0.0,0,0,LOW,0
CFG-0007129,DEV-MAIN-IOT-018,0,1,1,1,1,0.0,0.0,1,0,LOW,0
CFG-0007130,DEV-MAIN-VPN-026,0,1,1,1,1,0.0,0.0,0,0,LOW,0
CFG-0007131,DEV-MAIN-FIR-091,1,1,1,1,1,0.4,0.0,1,1,LOW,0
CFG-0007132,DEV-MAIN-EDG-071,0,1,1,1,1,0.0,0.0,0,0,LOW,0
CFG-0007133,DEV-ONCOLOGY-IOT-059,1,1,1,1,1,0.4,0.0,1,1,LOW,0
CFG-0007134,DEV-PHARM-ACC-083,0,1,1,1,1,0.0,0.0,0,0,LOW,0
CFG-0007136,DEV-PHARM-VPN-047,0,1,1,1,1,0.0,0.0,0,0,LOW,0
CFG-0007137,DEV-CLINIC-ACC-034,0,1,1,1,1,0.0,0.0,1,0,LOW,0
CFG-0007138,DEV-ADMIN-FIR-093,0,1,1,0,1,0.0,0.5,0,1,MEDIUM,1
CFG-0007139,DEV-EMERGENCY-SWI-099,0,1,1,1,1,0.0,0.0,0,0,LOW,0
CFG-0007140,DEV-PEDS-COR-019,0,1,1,1,1,0.0,0.0,0,0,LOW,0
CFG-0007141,DEV-PEDS-WIR-040,0,1,1,1,1,0.0,0.0,1,0,LOW,0
CFG-0007142,DEV-CLINIC-VPN-098,0,1,1,1,1,0.0,0.0,0,0,LOW,0
CFG-0007143,DEV-RESEARCH-SWI-001,0,1,0,1,1,0.3,0.0,0,1,HIGH,2
CFG-0007144,DEV-PHARM-COR-106,0,1,1,1,1,0.0,0.0,0,0,LOW,0
CFG-0007145,DEV-RESEARCH-SWI-079,0,1,1,1,1,0.0,0.0,0,0,LOW,0
CFG-0007146,DEV-PEDS-COR-019,1,1,1,1,1,0.4,0.0,0,1,HIGH,2
CFG-0007147,DEV-PHARM-FIR-101,0,1,1,1,1,0.0,0.0,1,0,LOW,0
CFG-0007148,DEV-MAIN-WIR-043,0,1,1,1,1,0.0,0.0,0,0,LOW,0
CFG-0007149,DEV-EMERGENCY-FIR-058,0,1,1,1,1,0.0,0.0,0,0,LOW,0
CFG-0007150,DEV-ONCOLOGY-VPN-075,1,1,1,1,1,0.4,0.0,0,1,HIGH,2
CFG-0007151,DEV-RESEARCH-VPN-045,0,1,1,1,1,0.0,0.0,1,0,LOW,0
CFG-0007152,DEV-PHARM-FIR-028,1,1,1,1,1,0.4,0.0,0,1,HIGH,2
CFG-0007153,DEV-MAIN-ACC-077,0,1,1,1,1,0.0,0.0,0,0,LOW,0
CFG-0007154,DEV-DIAG-ACC-103,0,1,1,1,1,0.0,0.0,0,0,LOW,0
CFG-0007155,DEV-CLINIC-VPN-051,0,1,1,1,1,0.0,0.0,0,0,LOW,0
CFG-0007156,DEV-EMERGENCY-COR-065,0,1,1,1,1,0.0,0.0,0,0,LOW,0
CFG-0007157,DEV-DIAG-FIR-108,0,1,0,1,1,0.3,0.0,1,1,LOW,0
CFG-0007158,DEV-MAIN-FIR-091,0,1,1,1,1,0.0,0.0,0,0,LOW,0
CFG-0007159,DEV-CARDIO-FIR-088,0,1,1,1,1,0.0,0.0,0,0,LOW,0
CFG-0007160,DEV-PEDS-WIR-095,0,1,1,0,1,0.0,0.5,0,1,MEDIUM,1
CFG-0007161,DEV-CARDIO-ACC-068,0,1,1,1,1,0.0,0.0,0,0,LOW,0
CFG-0007162,DEV-MAIN-ACC-077,0,1,1,1,1,0.0,0.0,0,0,LOW,0
CFG-0007163,DEV-EMERGENCY-FIR-030,0,1,1,1,1,0.0,0.0,1,0,LOW,0
CFG-0007164,DEV-ONCOLOGY-IOT-059,0,1,1,1,1,0.0,0.0,0,0,LOW,0
CFG-0007165,DEV-PEDS-WIR-095,0,1,0,1,1,0.3,0.0,1,1,LOW,0
CFG-0007166,DEV-CARDIO-FIR-088,0,1,1,1,1,0.0,0.0,0,0,LOW,0
CFG-0007167,DEV-ADMIN-EDG-050,1,1,1,1,1,0.4,0.0,0,1,HIGH,2
CFG-0007168,DEV-ADMIN-FIR-093,0,1,1,1,1,0.0,0.0,1,0,LOW,0
CFG-0007169,DEV-EMERGENCY-FIR-058,0,1,1,1,1,0.0,0.0,0,0,LOW,0
CFG-0007170,DEV-DIAG-ACC-103,0,1,1,1,1,0.0,0.0,0,0,LOW,0
CFG-0007171,DEV-RESEARCH-SWI-001,1,1,1,1,1,0.4,0.0,0,1,HIGH,2
CFG-0007172,DEV-ONCOLOGY-WIR-037,0,1,1,1,1,0.0,0.0,0,0,LOW,0
CFG-0007173,DEV-CARDIO-FIR-089,0,1,1,1,1,0.0,0.0,0,0,LOW,0
CFG-0007174,DEV-MAIN-FIR-091,0,1,1,1,1,0.0,0.0,0,0,LOW,0
CFG-0007175,DEV-DIAG-WIR-084,0,1,1,1,1,0.0,0.0,0,0,LOW,0
CFG-0007176,DEV-CARDIO-ACC-068,0,1,1,0,1,0.0,0.5,0,1,MEDIUM,1
CFG-0007177,DEV-ADMIN-SWI-049,0,1,1,1,1,0.0,0.0,0,0,LOW,0
CFG-0007178,DEV-CLINIC-VPN-098,1,1,1,1,1,0.4,0.0,0,1,HIGH,2
CFG-0007179,DEV-EMERGENCY-VPN-094,0,1,0,1,1,0.3,0.0,1,1,LOW,0
CFG-0007180,DEV-ONCOLOGY-ACC-053,0,1,1,1,1,0.0,0.0,0,0,LOW,0
CFG-0007181,DEV-CARDIO-SWI-074,0,1,1,0,1,0.0,0.5,0,1,MEDIUM,1
CFG-0007182,DEV-ONCOLOGY-ACC-016,0,1,1,1,0,0.0,0.5,0,0,LOW,0
CFG-0007183,DEV-CARDIO-FIR-089,0,1,1,1,1,0.0,0.0,0,0,LOW,0
CFG-0007184,DEV-EMERGENCY-IOT-015,0,1,1,1,1,0.0,0.0,1,0,LOW,0
CFG-0007185,DEV-MAIN-SWI-044,0,1,1,1,1,0.0,0.0,0,0,LOW,0
CFG-0007186,DEV-PHARM-EDG-038,0,1,1,1,1,0.0,0.0,0,0,LOW,0
CFG-0007187,DEV-RESEARCH-EDG-055,0,1,1,1,1,0.0,0.0,0,0,LOW,0
CFG-0007188,DEV-EMERGENCY-SWI-096,0,1,1,1,1,0.0,0.0,0,0,LOW,0
CFG-0007189,DEV-ONCOLOGY-ACC-053,0,1,1,1,1,0.0,0.0,1,0,LOW,0
CFG-0007190,DEV-EMERGENCY-VPN-002,0,1,0,1,1,0.3,0.0,1,1,LOW,0
CFG-0007191,DEV-ONCOLOGY-SWI-039,0,1,1,1,1,0.0,0.0,0,0,LOW,0
CFG-0007192,DEV-PEDS-WIR-007,0,1,1,1,1,0.0,0.0,1,0,LOW,0
CFG-0007193,DEV-ONCOLOGY-ACC-053,0,1,1,1,1,0.0,0.0,1,0,LOW,0
CFG-0007194,DEV-CLINIC-WIR-097,0,1,0,1,1,0.3,0.0,1,1,LOW,0
CFG-0007195,DEV-DIAG-FIR-108,1,1,1,1,1,0.4,0.0,0,1,HIGH,2
CFG-0007196,DEV-DIAG-WIR-084,0,1,1,1,1,0.0,0.0,0,0,LOW,0
CFG-0007197,DEV-RESEARCH-SWI-079,0,1,1,1,0,0.0,0.5,1,0,LOW,0
CFG-0007198,DEV-RESEARCH-SWI-001,0,1,1,1,1,0.0,0.0,0,0,LOW,0
CFG-0007199,DEV-EMERGENCY-IOT-073,0,1,1,1,1,0.0,0.0,1,0,LOW,0
CFG-0007200,DEV-CLINIC-WIR-097,0,1,1,1,1,0.0,0.0,0,0,LOW,0
CFG-0007201,DEV-ONCOLOGY-ACC-016,0,1,1,1,1,0.0,0.0,0,0,LOW,0
CFG-0007202,DEV-CARDIO-FIR-088,0,1,1,1,1,0.0,0.0,0,0,LOW,0
CFG-0007203,DEV-DIAG-FIR-108,0,1,1,1,1,0.0,0.0,1,0,LOW,0
CFG-0007204,DEV-PHARM-IOT-107,0,1,1,1,1,0.0,0.0,0,0,LOW,0
CFG-0007205,DEV-PHARM-FIR-010,0,1,1,1,1,0.0,0.0,1,0,LOW,0
CFG-0007206,DEV-RESEARCH-SWI-001,0,1,1,1,1,0.0,0.0,1,0,LOW,0
CFG-0007207,DEV-ADMIN-FIR-024,0,1,1,1,1,0.0,0.0,1,0,LOW,0
CFG-0007208,DEV-CARDIO-IOT-110,0,1,1,1,1,0.0,0.0,0,0,LOW,0
CFG-0007209,DEV-ADMIN-EDG-050,1,1,0,1,1,0.7,0.0,0,2,CRITICAL,3
CFG-0007210,DEV-ONCOLOGY-IOT-070,0,1,1,1,1,0.0,0.0,0,0,LOW,0
CFG-0007211,DEV-PEDS-WIR-095,0,1,1,0,1,0.0,0.5,0,1,MEDIUM,1
CFG-0007212,DEV-EMERGENCY-VPN-002,0,1,1,1,1,0.0,0.0,1,0,LOW,0
CFG-0007213,DEV-CARDIO-COR-063,0,1,1,1,1,0.0,0.0,0,0,LOW,0
CFG-0007214,DEV-DIAG-WIR-084,0,1,1,1,1,0.0,0.0,1,0,LOW,0
CFG-0007215,DEV-MAIN-IOT-005,0,1,1,1,1,0.0,0.0,0,0,LOW,0
CFG-0007216,DEV-PHARM-COR-106,0,1,1,1,1,0.0,0.0,1,0,LOW,0
CFG-0007217,DEV-EMERGENCY-SWI-096,1,1,1,1,1,0.4,0.0,0,1,HIGH,2
CFG-0007218,DEV-RESEARCH-FIR-031,1,1,1,1,1,0.4,0.0,0,1,HIGH,2
CFG-0007219,DEV-DIAG-SWI-092,1,1,1,1,1,0.4,0.0,0,1,HIGH,2
CFG-0007220,DEV-PHARM-VPN-102,0,1,0,1,1,0.3,0.0,0,1,HIGH,2
CFG-0007221,DEV-ADMIN-FIR-024,0,1,1,1,1,0.0,0.0,0,0,LOW,0
CFG-0007222,DEV-CLINIC-FIR-087,0,1,1,1,1,0.0,0.0,0,0,LOW,0
CFG-0007223,DEV-CARDIO-VPN-011,0,1,1,0,1,0.0,0.5,0,1,MEDIUM,1
CFG-0007224,DEV-PEDS-WIR-095,0,1,1,1,1,0.0,0.0,0,0,LOW,0
CFG-0007225,DEV-EMERGENCY-VPN-094,0,1,1,1,0,0.0,0.5,0,0,LOW,0
CFG-0007226,DEV-MAIN-SWI-017,0,1,1,1,1,0.0,0.0,0,0,LOW,0
CFG-0007227,DEV-ADMIN-FIR-093,1,1,1,1,1,0.4,0.0,0,1,HIGH,2
CFG-0007228,DEV-DIAG-FIR-108,0,1,1,1,1,0.0,0.0,0,0,LOW,0
CFG-0007229,DEV-RESEARCH-EDG-057,0,1,1,1,1,0.0,0.0,1,0,LOW,0
CFG-0007230,DEV-DIAG-WIR-084,0,1,1,1,1,0.0,0.0,1,0,LOW,0
CFG-0007231,DEV-CLINIC-ACC-109,0,1,1,1,1,0.0,0.0,0,0,LOW,0
CFG-0007232,DEV-EMERGENCY-COR-065,0,1,1,1,1,0.0,0.0,0,0,LOW,0
CFG-0007233,DEV-CARDIO-ACC-068,0,1,1,1,1,0.0,0.0,1,0,LOW,0
CFG-0007234,DEV-ONCOLOGY-FIR-061,1,1,1,1,1,0.4,0.0,1,1,LOW,0
CFG-0007235,DEV-ADMIN-IOT-003,1,1,1,1,1,0.4,0.0,1,1,LOW,0
CFG-0007236,DEV-PHARM-ACC-083,0,1,1,1,1,0.0,0.0,1,0,LOW,0
CFG-0007237,DEV-EMERGENCY-SWI-099,0,1,1,1,1,0.0,0.0,0,0,LOW,0
CFG-0007238,DEV-ADMIN-COR-105,0,1,0,1,1,0.3,0.0,0,1,HIGH,2
CFG-0007239,DEV-CARDIO-ACC-008,1,1,1,1,1,0.4,0.0,0,1,HIGH,2
CFG-0007240,DEV-CARDIO-ACC-008,0,1,1,1,1,0.0,0.0,0,0,LOW,0
CFG-0007241,DEV-CLINIC-EDG-048,0,1,1,1,1,0.0,0.0,0,0,LOW,0
CFG-0007242,DEV-DIAG-EDG-080,0,1,1,1,1,0.0,0.0,0,0,LOW,0
CFG-0007243,DEV-PHARM-FIR-028,0,1,1,1,1,0.0,0.0,0,0,LOW,0
CFG-0007244,DEV-CLINIC-VPN-098,1,1,1,1,1,0.4,0.0,0,1,HIGH,2
CFG-0007245,DEV-CLINIC-EDG-048,0,1,1,1,1,0.0,0.0,0,0,LOW,0
CFG-0007246,DEV-ADMIN-FIR-093,0,1,1,1,1,0.0,0.0,0,0,LOW,0
CFG-0007247,DEV-DIAG-EDG-067,0,1,1,1,1,0.0,0.0,0,0,LOW,0
CFG-0007248,DEV-RESEARCH-SWI-020,0,1,1,1,1,0.0,0.0,1,0,LOW,0
CFG-0007249,DEV-ADMIN-COR-105,0,1,1,1,1,0.0,0.0,0,0,LOW,0
CFG-0007250,DEV-MAIN-IOT-005,0,1,1,1,1,0.0,0.0,0,0,LOW,0
CFG-0007251,DEV-PEDS-WIR-040,0,1,1,1,1,0.0,0.0,0,0,LOW,0
CFG-0007252,DEV-PHARM-FIR-028,0,1,1,0,1,0.0,0.5,0,1,MEDIUM,1
CFG-0007253,DEV-PEDS-ACC-104,0,1,1,1,1,0.0,0.0,1,0,LOW,0
CFG-0007254,DEV-ADMIN-SWI-049,0,1,1,1,1,0.0,0.0,0,0,LOW,0
CFG-0007255,DEV-PHARM-FIR-028,0,1,1,1,1,0.0,0.0,0,0,LOW,0
CFG-0007256,DEV-CARDIO-COR-063,0,1,1,1,1,0.0,0.0,0,0,LOW,0
CFG-0007257,DEV-ONCOLOGY-SWI-039,0,1,1,0,1,0.0,0.5,0,1,MEDIUM,1
CFG-0007258,DEV-MAIN-EDG-071,0,1,1,1,1,0.0,0.0,0,0,LOW,0
CFG-0007259,DEV-CLINIC-SWI-082,0,1,1,1,1,0.0,0.0,1,0,LOW,0
CFG-0007260,DEV-CLINIC-ACC-033,0,1,1,1,1,0.0,0.0,0,0,LOW,0
CFG-0007261,DEV-ADMIN-IOT-003,0,1,1,0,1,0.0,0.5,0,1,MEDIUM,1
CFG-0007262,DEV-ADMIN-COR-105,0,1,1,1,1,0.0,0.0,0,0,LOW,0
CFG-0007263,DEV-CLINIC-VPN-098,0,1,1,1,1,0.0,0.0,0,0,LOW,0
CFG-0007264,DEV-EMERGENCY-SWI-052,1,1,1,1,1,0.4,0.0,0,1,HIGH,2
CFG-0007265,DEV-ADMIN-VPN-021,0,1,1,1,1,0.0,0.0,0,0,LOW,0
CFG-0007266,DEV-CLINIC-ACC-034,0,1,1,0,1,0.0,0.5,1,1,LOW,0
CFG-0007267,DEV-DIAG-EDG-080,0,1,1,1,1,0.0,0.0,1,0,LOW,0
CFG-0007268,DEV-RESEARCH-SWI-020,0,1,1,1,1,0.0,0.0,0,0,LOW,0
CFG-0007269,DEV-RESEARCH-FIR-086,0,1,1,1,1,0.0,0.0,0,0,LOW,0
CFG-0007270,DEV-ONCOLOGY-WIR-037,0,1,1,1,1,0.0,0.0,0,0,LOW,0
CFG-0007271,DEV-CLINIC-ACC-109,0,1,1,0,1,0.0,0.5,1,1,LOW,0
CFG-0007272,DEV-CARDIO-FIR-088,0,1,1,1,0,0.0,0.5,1,0,LOW,0
CFG-0007273,DEV-EMERGENCY-SWI-099,0,1,1,1,1,0.0,0.0,0,0,LOW,0
CFG-0007274,DEV-DIAG-EDG-080,0,1,1,1,1,0.0,0.0,1,0,LOW,0
CFG-0007275,DEV-EMERGENCY-COR-022,0,1,1,1,1,0.0,0.0,0,0,LOW,0
CFG-0007276,DEV-CLINIC-ACC-109,0,1,1,1,1,0.0,0.0,0,0,LOW,0
CFG-0007277,DEV-EMERGENCY-SWI-066,0,1,1,1,1,0.0,0.0,1,0,LOW,0
CFG-0007278,DEV-CARDIO-COR-063,0,1,1,1,1,0.0,0.0,0,0,LOW,0
CFG-0007279,DEV-PEDS-VPN-025,0,1,1,1,1,0.0,0.0,0,0,LOW,0
CFG-0007280,DEV-DIAG-FIR-108,1,1,1,1,1,0.4,0.0,0,1,HIGH,2
CFG-0007281,DEV-PHARM-VPN-047,0,1,1,1,1,0.0,0.0,1,0,LOW,0
CFG-0007282,DEV-MAIN-EDG-014,0,1,1,1,1,0.0,0.0,0,0,LOW,0
CFG-0007283,DEV-EMERGENCY-IOT-073,0,1,0,1,1,0.3,0.0,0,1,HIGH,2
CFG-0007284,DEV-ADMIN-WIR-013,0,1,1,0,1,0.0,0.5,0,1,MEDIUM,1
CFG-0007285,DEV-EMERGENCY-VPN-094,0,1,1,1,1,0.0,0.0,0,0,LOW,0
CFG-0007286,DEV-MAIN-EDG-012,0,1,1,1,1,0.0,0.0,0,0,LOW,0
CFG-0007287,DEV-CARDIO-ACC-068,0,1,1,1,1,0.0,0.0,0,0,LOW,0
CFG-0007288,DEV-PEDS-VPN-025,0,1,1,1,1,0.0,0.0,0,0,LOW,0
CFG-0007289,DEV-RESEARCH-IOT-072,0,1,1,0,1,0.0,0.5,0,1,MEDIUM,1
CFG-0007290,DEV-CARDIO-SWI-074,0,1,1,1,1,0.0,0.0,0,0,LOW,0
CFG-0007291,DEV-MAIN-SWI-017,0,1,1,1,1,0.0,0.0,0,0,LOW,0
CFG-0007292,DEV-ADMIN-FIR-093,0,1,1,1,1,0.0,0.0,0,0,LOW,0
CFG-0007293,DEV-MAIN-EDG-071,0,1,1,1,1,0.0,0.0,0,0,LOW,0
CFG-0007294,DEV-PEDS-COR-054,0,1,1,1,0,0.0,0.5,0,0,LOW,0
CFG-0007295,DEV-CLINIC-SWI-082,0,1,1,1,1,0.0,0.0,0,0,LOW,0
CFG-0007296,DEV-MAIN-EDG-014,0,1,1,1,1,0.0,0.0,0,0,LOW,0
CFG-0007297,DEV-PEDS-COR-054,0,1,1,1,0,0.0,0.5,1,0,LOW,0
CFG-0007298,DEV-RESEARCH-EDG-057,0,1,1,1,1,0.0,0.0,0,0,LOW,0
CFG-0007299,DEV-EMERGENCY-SWI-066,0,1,0,1,1,0.3,0.0,1,1,LOW,0
CFG-0007300,DEV-ONCOLOGY-IOT-070,0,1,1,1,1,0.0,0.0,1,0,LOW,0
CFG-0007301,DEV-ONCOLOGY-SWI-039,0,1,1,1,1,0.0,0.0,1,0,LOW,0
CFG-0007302,DEV-ADMIN-WIR-013,0,1,1,1,0,0.0,0.5,0,0,LOW,0
CFG-0007303,DEV-PHARM-VPN-004,0,1,1,1,1,0.0,0.0,0,0,LOW,0
CFG-0007304,DEV-EMERGENCY-VPN-002,0,1,0,1,1,0.3,0.0,1,1,LOW,0
CFG-0007305,DEV-MAIN-WIR-043,1,1,1,1,1,0.4,0.0,1,1,LOW,0
CFG-0007306,DEV-CARDIO-IOT-006,1,1,1,1,0,0.4,0.5,0,1,HIGH,2
CFG-0007307,DEV-MAIN-IOT-018,0,1,1,1,1,0.0,0.0,1,0,LOW,0
CFG-0007308,DEV-CLINIC-ACC-109,0,1,1,1,1,0.0,0.0,1,0,LOW,0
CFG-0007309,DEV-EMERGENCY-SWI-099,0,1,1,1,1,0.0,0.0,0,0,LOW,0
CFG-0007310,DEV-PHARM-ACC-083,0,1,1,1,1,0.0,0.0,0,0,LOW,0
CFG-0007311,DEV-DIAG-SWI-032,0,1,1,1,1,0.0,0.0,0,0,LOW,0
CFG-0007312,DEV-ADMIN-COR-105,0,1,1,1,1,0.0,0.0,0,0,LOW,0
CFG-0007313,DEV-MAIN-FIR-091,0,1,1,1,1,0.0,0.0,0,0,LOW,0
CFG-0007314,DEV-CLINIC-WIR-097,0,1,1,1,1,0.0,0.0,0,0,LOW,0
CFG-0007315,DEV-ADMIN-FIR-093,0,1,1,0,1,0.0,0.5,0,1,MEDIUM,1
CFG-0007316,DEV-DIAG-SWI-032,0,1,1,0,1,0.0,0.5,0,1,MEDIUM,1
CFG-0007317,DEV-PEDS-COR-019,0,1,1,1,1,0.0,0.0,1,0,LOW,0
CFG-0007318,DEV-MAIN-VPN-026,0,1,1,1,1,0.0,0.0,1,0,LOW,0
CFG-0007319,DEV-MAIN-ACC-090,0,1,1,1,1,0.0,0.0,1,0,LOW,0
CFG-0007320,DEV-MAIN-SWI-044,1,1,1,1,1,0.4,0.0,1,1,LOW,0
CFG-0007321,DEV-ONCOLOGY-ACC-053,0,1,1,1,1,0.0,0.0,0,0,LOW,0
CFG-0007322,DEV-PHARM-FIR-010,0,1,1,0,1,0.0,0.5,0,1,MEDIUM,1
CFG-0007323,DEV-ADMIN-IOT-003,1,1,1,1,1,0.4,0.0,0,1,HIGH,2
CFG-0007324,DEV-ONCOLOGY-WIR-037,0,1,1,1,1,0.0,0.0,0,0,LOW,0
CFG-0007325,DEV-PEDS-COR-019,0,1,1,1,1,0.0,0.0,0,0,LOW,0
CFG-0007326,DEV-PEDS-FIR-069,0,1,1,1,1,0.0,0.0,1,0,LOW,0
CFG-0007327,DEV-ADMIN-FIR-093,0,1,1,1,1,0.0,0.0,1,0,LOW,0
CFG-0007328,DEV-MAIN-SWI-017,0,1,1,1,1,0.0,0.0,0,0,LOW,0
CFG-0007329,DEV-EMERGENCY-COR-022,0,1,1,1,1,0.0,0.0,0,0,LOW,0
CFG-0007330,DEV-ADMIN-VPN-021,0,1,1,1,1,0.0,0.0,0,0,LOW,0
CFG-0007331,DEV-ONCOLOGY-WIR-037,0,1,1,1,1,0.0,0.0,0,0,LOW,0
CFG-0007332,DEV-MAIN-SWI-044,0,1,1,1,1,0.0,0.0,0,0,LOW,0
CFG-0007333,DEV-MAIN-SWI-042,0,1,1,1,1,0.0,0.0,1,0,LOW,0
CFG-0007334,DEV-PHARM-VPN-102,0,1,1,1,1,0.0,0.0,0,0,LOW,0
CFG-0007335,DEV-PEDS-VPN-025,0,1,1,1,1,0.0,0.0,0,0,LOW,0
CFG-0007336,DEV-CARDIO-EDG-085,0,1,0,1,1,0.3,0.0,1,1,LOW,0
CFG-0007337,DEV-CLINIC-VPN-051,0,1,1,1,1,0.0,0.0,0,0,LOW,0
CFG-0007338,DEV-MAIN-WIR-043,0,1,1,0,1,0.0,0.5,0,1,MEDIUM,1
CFG-0007339,DEV-CARDIO-IOT-110,1,1,1,1,1,0.4,0.0,0,1,HIGH,2
CFG-0007340,DEV-CLINIC-ACC-033,0,1,1,1,1,0.0,0.0,0,0,LOW,0
CFG-0007341,DEV-CARDIO-ACC-008,0,1,1,1,1,0.0,0.0,0,0,LOW,0
CFG-0007342,DEV-PEDS-FIR-069,0,1,1,1,1,0.0,0.0,0,0,LOW,0
CFG-0007343,DEV-CLINIC-ACC-109,0,1,1,1,1,0.0,0.0,0,0,LOW,0
CFG-0007344,DEV-EMERGENCY-FIR-030,0,1,1,1,1,0.0,0.0,0,0,LOW,0
CFG-0007345,DEV-RESEARCH-SWI-100,0,1,1,1,1,0.0,0.0,0,0,LOW,0
CFG-0007346,DEV-ADMIN-SWI-049,0,1,1,1,1,0.0,0.0,1,0,LOW,0
CFG-0007348,DEV-PEDS-WIR-007,0,1,1,1,1,0.0,0.0,0,0,LOW,0
CFG-0007349,DEV-MAIN-EDG-012,0,1,1,1,1,0.0,0.0,0,0,LOW,0
CFG-0007350,DEV-PEDS-IOT-046,1,1,1,0,1,0.4,0.5,0,2,HIGH,2
CFG-0007351,DEV-RESEARCH-IOT-072,0,1,0,1,1,0.3,0.0,0,1,HIGH,2
CFG-0007352,DEV-EMERGENCY-SWI-096,0,1,1,1,1,0.0,0.0,0,0,LOW,0
CFG-0007353,DEV-ADMIN-IOT-003,0,1,1,1,1,0.0,0.0,0,0,LOW,0
CFG-0007354,DEV-RESEARCH-EDG-057,0,1,1,1,1,0.0,0.0,0,0,LOW,0
CFG-0007355,DEV-EMERGENCY-IOT-015,0,1,1,1,1,0.0,0.0,0,0,LOW,0
CFG-0007356,DEV-CLINIC-FIR-087,0,1,1,1,1,0.0,0.0,1,0,LOW,0
CFG-0007357,DEV-ADMIN-FIR-024,0,1,1,1,1,0.0,0.0,1,0,LOW,0
CFG-0007358,DEV-MAIN-IOT-018,0,1,1,1,1,0.0,0.0,0,0,LOW,0
CFG-0007359,DEV-MAIN-FIR-064,0,1,1,0,1,0.0,0.5,0,1,MEDIUM,1
CFG-0007361,DEV-CLINIC-VPN-029,1,1,0,1,1,0.7,0.0,0,2,CRITICAL,3
CFG-0007362,DEV-RESEARCH-EDG-055,0,1,1,1,1,0.0,0.0,0,0,LOW,0
CFG-0007363,DEV-PHARM-VPN-047,0,1,1,1,1,0.0,0.0,0,0,LOW,0
CFG-0007364,DEV-ONCOLOGY-VPN-075,0,1,1,1,1,0.0,0.0,0,0,LOW,0
CFG-0007366,DEV-PEDS-VPN-025,1,1,1,1,1,0.4,0.0,1,1,LOW,0
CFG-0007367,DEV-RESEARCH-VPN-045,1,1,1,1,1,0.4,0.0,0,1,HIGH,2
CFG-0007368,DEV-RESEARCH-FIR-056,1,1,1,1,1,0.4,0.0,0,1,HIGH,2
CFG-0007369,DEV-CLINIC-WIR-097,0,1,0,1,1,0.3,0.0,1,1,LOW,0
CFG-0007370,DEV-RESEARCH-EDG-057,0,1,1,1,1,0.0,0.0,1,0,LOW,0
CFG-0007371,DEV-CARDIO-IOT-006,0,1,1,1,0,0.0,0.5,0,0,LOW,0
CFG-0007372,DEV-CARDIO-COR-063,0,1,1,1,0,0.0,0.5,0,0,LOW,0
CFG-0007373,DEV-DIAG-EDG-067,0,1,1,1,0,0.0,0.5,0,0,LOW,0
CFG-0007374,DEV-ADMIN-FIR-024,0,1,1,1,1,0.0,0.0,0,0,LOW,0
CFG-0007375,DEV-CLINIC-ACC-109,0,1,1,1,1,0.0,0.0,0,0,LOW,0
CFG-0007376,DEV-MAIN-ACC-090,0,1,1,1,0,0.0,0.5,1,0,LOW,0
CFG-0007377,DEV-RESEARCH-SWI-001,0,1,1,1,1,0.0,0.0,1,0,LOW,0
CFG-0007378,DEV-MAIN-ACC-090,0,1,1,1,1,0.0,0.0,1,0,LOW,0
CFG-0007379,DEV-CLINIC-SWI-082,0,1,1,1,1,0.0,0.0,1,0,LOW,0
CFG-0007380,DEV-MAIN-SWI-044,0,1,1,1,0,0.0,0.5,0,0,LOW,0
CFG-0007381,DEV-MAIN-FIR-064,1,1,1,1,1,0.4,0.0,0,1,HIGH,2
CFG-0007382,DEV-CLINIC-IOT-041,0,1,1,1,1,0.0,0.0,0,0,LOW,0
CFG-0007383,DEV-MAIN-FIR-064,0,1,1,1,1,0.0,0.0,1,0,LOW,0
CFG-0007384,DEV-MAIN-SWI-017,0,1,1,1,1,0.0,0.0,1,0,LOW,0
CFG-0007385,DEV-EMERGENCY-SWI-081,0,1,1,1,1,0.0,0.0,0,0,LOW,0
CFG-0007386,DEV-MAIN-EDG-012,0,1,1,1,1,0.0,0.0,0,0,LOW,0
CFG-0007387,DEV-RESEARCH-SWI-079,0,1,1,1,1,0.0,0.0,1,0,LOW,0
CFG-0007388,DEV-CARDIO-ACC-008,0,1,1,1,1,0.0,0.0,0,0,LOW,0
CFG-0007389,DEV-PHARM-FIR-010,0,1,1,1,1,0.0,0.0,0,0,LOW,0
CFG-0007390,DEV-PEDS-IOT-035,0,1,1,1,0,0.0,0.5,0,0,LOW,0
CFG-0007391,DEV-ADMIN-IOT-003,0,1,1,1,1,0.0,0.0,1,0,LOW,0
CFG-0007392,DEV-EMERGENCY-IOT-073,0,1,1,1,1,0.0,0.0,1,0,LOW,0
CFG-0007393,DEV-DIAG-FIR-108,0,1,1,1,1,0.0,0.0,0,0,LOW,0
CFG-0007394,DEV-CLINIC-VPN-029,0,1,1,0,1,0.0,0.5,0,1,MEDIUM,1
CFG-0007395,DEV-PHARM-VPN-047,0,1,1,1,1,0.0,0.0,0,0,LOW,0
CFG-0007396,DEV-PHARM-VPN-102,0,1,1,1,1,0.0,0.0,1,0,LOW,0
CFG-0007397,DEV-EMERGENCY-SWI-052,0,1,1,1,1,0.0,0.0,0,0,LOW,0
CFG-0007398,DEV-MAIN-WIR-043,0,1,1,1,1,0.0,0.0,1,0,LOW,0
CFG-0007399,DEV-MAIN-SWI-042,0,1,1,1,1,0.0,0.0,1,0,LOW,0
CFG-0007400,DEV-CARDIO-SWI-062,0,1,1,1,1,0.0,0.0,0,0,LOW,0
CFG-0007401,DEV-MAIN-EDG-014,1,1,1,1,1,0.4,0.0,0,1,HIGH,2
CFG-0007402,DEV-ADMIN-VPN-021,0,1,1,1,1,0.0,0.0,0,0,LOW,0
CFG-0007403,DEV-EMERGENCY-FIR-030,0,1,1,1,1,0.0,0.0,0,0,LOW,0
CFG-0007404,DEV-CLINIC-ACC-033,0,1,1,1,1,0.0,0.0,0,0,LOW,0
CFG-0007405,DEV-CLINIC-ACC-033,0,1,1,1,1,0.0,0.0,0,0,LOW,0
CFG-0007406,DEV-ONCOLOGY-IOT-070,1,1,1,1,1,0.4,0.0,0,1,HIGH,2
CFG-0007407,DEV-CARDIO-ACC-068,0,1,1,1,1,0.0,0.0,0,0,LOW,0
CFG-0007408,DEV-CLINIC-IOT-041,0,1,1,1,1,0.0,0.0,1,0,LOW,0
CFG-0007409,DEV-EMERGENCY-SWI-081,0,1,0,1,1,0.3,0.0,0,1,HIGH,2
CFG-0007410,DEV-MAIN-VPN-026,0,1,1,1,1,0.0,0.0,0,0,LOW,0
CFG-0007411,DEV-DIAG-FIR-108,0,1,1,1,1,0.0,0.0,1,0,LOW,0
CFG-0007412,DEV-CARDIO-IOT-006,0,1,1,1,1,0.0,0.0,0,0,LOW,0
CFG-0007413,DEV-CLINIC-EDG-048,0,1,1,1,0,0.0,0.5,0,0,LOW,0
CFG-0007414,DEV-PHARM-COR-106,0,1,1,1,1,0.0,0.0,0,0,LOW,0
CFG-0007415,DEV-PEDS-WIR-095,0,1,1,1,1,0.0,0.0,0,0,LOW,0
CFG-0007416,DEV-PEDS-VPN-025,0,1,1,0,1,0.0,0.5,0,1,MEDIUM,1
CFG-0007417,DEV-MAIN-IOT-018,0,1,1,1,1,0.0,0.0,1,0,LOW,0
CFG-0007418,DEV-CLINIC-FIR-087,1,1,1,1,1,0.4,0.0,0,1,HIGH,2
CFG-0007419,DEV-DIAG-EDG-067,0,1,1,1,1,0.0,0.0,1,0,LOW,0
CFG-0007420,DEV-MAIN-ACC-077,0,1,1,1,1,0.0,0.0,0,0,LOW,0
CFG-0007421,DEV-PEDS-ACC-104,0,1,1,1,1,0.0,0.0,1,0,LOW,0
CFG-0007422,DEV-PHARM-VPN-047,0,1,1,1,1,0.0,0.0,0,0,LOW,0
CFG-0007423,DEV-DIAG-ACC-036,1,1,1,1,1,0.4,0.0,1,1,LOW,0
CFG-0007424,DEV-ADMIN-IOT-003,1,1,1,1,1,0.4,0.0,0,1,HIGH,2
CFG-0007425,DEV-CLINIC-IOT-041,0,1,1,1,1,0.0,0.0,0,0,LOW,0
CFG-0007426,DEV-MAIN-SWI-017,0,1,1,1,1,0.0,0.0,0,0,LOW,0
CFG-0007427,DEV-MAIN-SWI-017,1,1,1,1,1,0.4,0.0,0,1,HIGH,2
CFG-0007428,DEV-CARDIO-IOT-006,0,1,0,1,1,0.3,0.0,0,1,HIGH,2
CFG-0007429,DEV-EMERGENCY-VPN-094,0,1,1,1,1,0.0,0.0,0,0,LOW,0
CFG-0007430,DEV-CARDIO-VPN-011,0,1,1,1,1,0.0,0.0,0,0,LOW,0
CFG-0007431,DEV-CARDIO-ACC-068,0,1,1,1,1,0.0,0.0,0,0,LOW,0
CFG-0007432,DEV-CARDIO-FIR-089,0,1,1,1,1,0.0,0.0,0,0,LOW,0
CFG-0007433,DEV-CARDIO-FIR-088,0,1,1,1,1,0.0,0.0,0,0,LOW,0
CFG-0007434,DEV-CLINIC-VPN-051,0,1,1,1,1,0.0,0.0,0,0,LOW,0
CFG-0007435,DEV-EMERGENCY-FIR-030,0,1,1,1,1,0.0,0.0,1,0,LOW,0
CFG-0007436,DEV-PEDS-COR-054,0,1,1,1,1,0.0,0.0,0,0,LOW,0
CFG-0007437,DEV-ADMIN-FIR-093,0,1,0,1,1,0.3,0.0,1,1,LOW,0
CFG-0007438,DEV-ONCOLOGY-FIR-061,0,1,1,1,1,0.0,0.0,1,0,LOW,0
CFG-0007439,DEV-EMERGENCY-SWI-081,1,1,1,1,1,0.4,0.0,1,1,LOW,0
CFG-0007440,DEV-CLINIC-FIR-087,0,1,1,1,1,0.0,0.0,0,0,LOW,0
CFG-0007441,DEV-ONCOLOGY-IOT-059,0,1,1,1,1,0.0,0.0,0,0,LOW,0
CFG-0007442,DEV-CARDIO-VPN-011,0,1,1,1,1,0.0,0.0,0,0,LOW,0
CFG-0007443,DEV-MAIN-SWI-017,0,1,1,1,1,0.0,0.0,1,0,LOW,0
CFG-0007445,DEV-EMERGENCY-SWI-066,0,1,1,1,1,0.0,0.0,1,0,LOW,0
CFG-0007446,DEV-CLINIC-SWI-082,0,1,1,1,1,0.0,0.0,0,0,LOW,0
CFG-0007447,DEV-ONCOLOGY-VPN-075,0,1,1,1,0,0.0,0.5,1,0,LOW,0
CFG-0007448,DEV-EMERGENCY-VPN-002,0,1,1,1,1,0.0,0.0,1,0,LOW,0
CFG-0007449,DEV-CARDIO-VPN-011,1,1,1,1,1,0.4,0.0,0,1,HIGH,2
CFG-0007450,DEV-MAIN-IOT-018,0,1,1,1,1,0.0,0.0,0,0,LOW,0
CFG-0007451,DEV-CLINIC-EDG-048,0,1,0,1,1,0.3,0.0,0,1,HIGH,2
CFG-0007452,DEV-EMERGENCY-VPN-094,0,1,1,1,1,0.0,0.0,0,0,LOW,0
CFG-0007453,DEV-RESEARCH-SWI-079,0,1,1,1,1,0.0,0.0,0,0,LOW,0
CFG-0007454,DEV-ADMIN-COR-105,1,1,1,1,1,0.4,0.0,0,1,HIGH,2
CFG-0007455,DEV-ADMIN-FIR-024,0,1,1,1,1,0.0,0.0,0,0,LOW,0
CFG-0007456,DEV-EMERGENCY-SWI-066,0,1,1,1,1,0.0,0.0,0,0,LOW,0
CFG-0007457,DEV-RESEARCH-SWI-100,0,1,1,1,1,0.0,0.0,0,0,LOW,0
CFG-0007458,DEV-RESEARCH-FIR-086,0,1,1,1,1,0.0,0.0,0,0,LOW,0
CFG-0007459,DEV-ONCOLOGY-ACC-016,0,1,1,1,1,0.0,0.0,0,0,LOW,0
CFG-0007460,DEV-ONCOLOGY-FIR-061,1,1,0,1,1,0.7,0.0,0,2,CRITICAL,3
CFG-0007461,DEV-DIAG-SWI-060,0,1,1,1,1,0.0,0.0,1,0,LOW,0
CFG-0007462,DEV-PEDS-COR-019,1,1,1,1,1,0.4,0.0,0,1,HIGH,2
CFG-0007463,DEV-MAIN-IOT-018,0,1,0,1,1,0.3,0.0,1,1,LOW,0
CFG-0007464,DEV-MAIN-VPN-026,0,1,1,1,1,0.0,0.0,1,0,LOW,0
CFG-0007465,DEV-DIAG-ACC-103,0,1,1,1,1,0.0,0.0,0,0,LOW,0
CFG-0007466,DEV-PHARM-FIR-101,1,1,1,1,1,0.4,0.0,0,1,HIGH,2
CFG-0007467,DEV-CARDIO-VPN-011,0,1,1,1,1,0.0,0.0,1,0,LOW,0
CFG-0007468,DEV-RESEARCH-SWI-001,0,1,1,1,1,0.0,0.0,1,0,LOW,0
CFG-0007469,DEV-CLINIC-VPN-051,0,1,1,1,1,0.0,0.0,0,0,LOW,0
CFG-0007470,DEV-PHARM-ACC-083,0,1,1,1,0,0.0,0.5,0,0,LOW,0
CFG-0007471,DEV-MAIN-SWI-042,0,1,1,1,1,0.0,0.0,1,0,LOW,0
CFG-0007472,DEV-PEDS-VPN-025,0,1,1,1,1,0.0,0.0,0,0,LOW,0
CFG-0007473,DEV-ADMIN-SWI-049,0,1,1,1,1,0.0,0.0,0,0,LOW,0
CFG-0007474,DEV-PEDS-COR-019,0,1,1,1,1,0.0,0.0,1,0,LOW,0
CFG-0007475,DEV-DIAG-ACC-103,0,1,1,1,1,0.0,0.0,0,0,LOW,0
CFG-0007476,DEV-EMERGENCY-SWI-081,0,1,1,1,1,0.0,0.0,1,0,LOW,0
CFG-0007477,DEV-CLINIC-VPN-098,1,1,1,1,1,0.4,0.0,0,1,HIGH,2
CFG-0007478,DEV-ONCOLOGY-WIR-037,0,1,1,1,1,0.0,0.0,0,0,LOW,0
CFG-0007479,DEV-PEDS-WIR-007,0,1,1,1,1,0.0,0.0,1,0,LOW,0
CFG-0007480,DEV-CLINIC-ACC-033,1,1,1,1,1,0.4,0.0,0,1,HIGH,2
CFG-0007481,DEV-PHARM-ACC-083,0,1,1,1,1,0.0,0.0,0,0,LOW,0
CFG-0007482,DEV-CARDIO-ACC-008,0,1,1,1,0,0.0,0.5,0,0,LOW,0
CFG-0007483,DEV-PEDS-COR-054,0,1,1,1,1,0.0,0.0,0,0,LOW,0
CFG-0007484,DEV-CLINIC-ACC-033,1,1,1,1,1,0.4,0.0,0,1,HIGH,2
CFG-0007485,DEV-DIAG-SWI-092,0,1,1,1,1,0.0,0.0,0,0,LOW,0
CFG-0007486,DEV-RESEARCH-FIR-056,0,1,1,1,1,0.0,0.0,0,0,LOW,0
CFG-0007487,DEV-CLINIC-ACC-033,0,1,1,1,1,0.0,0.0,0,0,LOW,0
CFG-0007488,DEV-MAIN-FIR-064,0,1,1,0,1,0.0,0.5,0,1,MEDIUM,1
CFG-0007489,DEV-DIAG-ACC-036,0,1,1,1,1,0.0,0.0,1,0,LOW,0
CFG-0007490,DEV-CLINIC-IOT-041,0,1,1,1,1,0.0,0.0,0,0,LOW,0
CFG-0007491,DEV-MAIN-FIR-064,0,1,1,1,1,0.0,0.0,0,0,LOW,0
CFG-0007492,DEV-DIAG-FIR-108,0,1,1,1,0,0.0,0.5,1,0,LOW,0
CFG-0007493,DEV-PHARM-IOT-107,0,1,1,1,0,0.0,0.5,1,0,LOW,0
CFG-0007494,DEV-MAIN-EDG-012,0,1,1,1,1,0.0,0.0,0,0,LOW,0
CFG-0007495,DEV-RESEARCH-SWI-001,0,1,1,1,1,0.0,0.0,1,0,LOW,0
CFG-0007496,DEV-PEDS-COR-054,0,1,1,1,1,0.0,0.0,0,0,LOW,0
CFG-0007497,DEV-RESEARCH-SWI-001,0,1,1,1,1,0.0,0.0,0,0,LOW,0
CFG-0007498,DEV-MAIN-EDG-012,0,1,1,1,1,0.0,0.0,0,0,LOW,0
CFG-0007499,DEV-MAIN-IOT-018,0,1,1,1,1,0.0,0.0,0,0,LOW,0
CFG-0007500,DEV-ONCOLOGY-ACC-016,0,1,1,1,1,0.0,0.0,0,0,LOW,0
CFG-0007501,DEV-RESEARCH-SWI-001,0,1,1,1,1,0.0,0.0,1,0,LOW,0
CFG-0007502,DEV-ADMIN-FIR-024,0,1,1,1,0,0.0,0.5,1,0,LOW,0
CFG-0007503,DEV-ONCOLOGY-ACC-016,0,1,1,1,0,0.0,0.5,0,0,LOW,0
CFG-0007504,DEV-ONCOLOGY-IOT-059,0,1,1,0,1,0.0,0.5,1,1,LOW,0
CFG-0007505,DEV-PHARM-VPN-023,0,1,1,1,1,0.0,0.0,1,0,LOW,0
CFG-0007506,DEV-CARDIO-SWI-062,0,1,1,1,1,0.0,0.0,0,0,LOW,0
CFG-0007507,DEV-EMERGENCY-FIR-058,0,1,1,1,1,0.0,0.0,0,0,LOW,0
CFG-0007508,DEV-CARDIO-SWI-074,0,1,1,1,1,0.0,0.0,1,0,LOW,0
CFG-0007509,DEV-PHARM-EDG-038,0,1,1,1,1,0.0,0.0,0,0,LOW,0
CFG-0007510,DEV-MAIN-ACC-090,0,1,1,1,1,0.0,0.0,0,0,LOW,0
CFG-0007511,DEV-MAIN-FIR-091,1,1,1,1,1,0.4,0.0,1,1,LOW,0
CFG-0007512,DEV-ADMIN-FIR-093,0,1,1,1,1,0.0,0.0,0,0,LOW,0
CFG-0007513,DEV-RESEARCH-SWI-001,1,1,1,1,1,0.4,0.0,1,1,LOW,0
CFG-0007514,DEV-CLINIC-WIR-097,0,1,1,1,0,0.0,0.5,1,0,LOW,0
CFG-0007515,DEV-MAIN-EDG-012,0,1,1,1,1,0.0,0.0,1,0,LOW,0
CFG-0007516,DEV-EMERGENCY-VPN-002,0,1,0,1,1,0.3,0.0,1,1,LOW,0
CFG-0007517,DEV-RESEARCH-FIR-086,1,1,1,1,1,0.4,0.0,0,1,HIGH,2
CFG-0007518,DEV-CARDIO-VPN-011,0,1,1,1,1,0.0,0.0,0,0,LOW,0
CFG-0007519,DEV-CARDIO-COR-063,0,1,1,1,1,0.0,0.0,0,0,LOW,0
CFG-0007520,DEV-ADMIN-WIR-013,1,1,1,1,1,0.4,0.0,0,1,HIGH,2
CFG-0007521,DEV-EMERGENCY-COR-022,0,1,1,1,1,0.0,0.0,1,0,LOW,0
CFG-0007522,DEV-CLINIC-ACC-034,0,1,1,1,1,0.0,0.0,0,0,LOW,0
CFG-0007523,DEV-MAIN-ACC-090,0,1,1,1,1,0.0,0.0,1,0,LOW,0
CFG-0007524,DEV-CLINIC-VPN-098,0,1,1,1,1,0.0,0.0,0,0,LOW,0
CFG-0007525,DEV-CLINIC-WIR-097,0,1,1,1,0,0.0,0.5,0,0,LOW,0
CFG-0007526,DEV-EMERGENCY-IOT-073,0,1,0,1,1,0.3,0.0,0,1,HIGH,2
CFG-0007527,DEV-ADMIN-SWI-049,0,1,1,1,1,0.0,0.0,0,0,LOW,0
CFG-0007528,DEV-CLINIC-ACC-027,0,1,1,1,1,0.0,0.0,0,0,LOW,0
CFG-0007529,DEV-ONCOLOGY-IOT-059,0,1,1,1,0,0.0,0.5,0,0,LOW,0
CFG-0007530,DEV-ADMIN-FIR-093,1,1,1,1,1,0.4,0.0,0,1,HIGH,2
CFG-0007531,DEV-MAIN-FIR-064,0,1,1,1,1,0.0,0.0,0,0,LOW,0
CFG-0007532,DEV-CLINIC-VPN-098,0,1,1,1,1,0.0,0.0,1,0,LOW,0
CFG-0007533,DEV-CLINIC-ACC-034,0,1,1,1,1,0.0,0.0,0,0,LOW,0
CFG-0007534,DEV-PHARM-VPN-023,0,1,1,1,1,0.0,0.0,0,0,LOW,0
CFG-0007535,DEV-CLINIC-VPN-098,0,1,0,1,1,0.3,0.0,0,1,HIGH,2
CFG-0007536,DEV-PHARM-VPN-023,1,1,1,1,1,0.4,0.0,1,1,LOW,0
CFG-0007537,DEV-ONCOLOGY-SWI-039,0,1,1,1,0,0.0,0.5,0,0,LOW,0
CFG-0007538,DEV-MAIN-ACC-077,0,1,1,1,0,0.0,0.5,1,0,LOW,0
CFG-0007539,DEV-CARDIO-FIR-089,0,1,1,1,1,0.0,0.0,0,0,LOW,0
CFG-0007540,DEV-CLINIC-EDG-048,0,1,1,1,1,0.0,0.0,1,0,LOW,0
CFG-0007541,DEV-EMERGENCY-COR-022,0,1,1,1,1,0.0,0.0,1,0,LOW,0
CFG-0007542,DEV-DIAG-SWI-060,0,1,1,1,0,0.0,0.5,0,0,LOW,0
CFG-0007543,DEV-ONCOLOGY-ACC-016,1,1,1,1,1,0.4,0.0,0,1,HIGH,2
CFG-0007544,DEV-DIAG-FIR-108,0,1,1,1,1,0.0,0.0,0,0,LOW,0
CFG-0007545,DEV-MAIN-EDG-014,0,1,1,1,1,0.0,0.0,0,0,LOW,0
CFG-0007546,DEV-RESEARCH-FIR-078,0,1,1,1,0,0.0,0.5,1,0,LOW,0
CFG-0007547,DEV-ONCOLOGY-WIR-037,0,1,1,1,1,0.0,0.0,0,0,LOW,0
CFG-0007548,DEV-DIAG-WIR-084,0,1,1,0,1,0.0,0.5,0,1,MEDIUM,1
CFG-0007549,DEV-CARDIO-ACC-008,0,1,1,1,1,0.0,0.0,0,0,LOW,0
CFG-0007550,DEV-PHARM-VPN-047,0,1,1,1,1,0.0,0.0,0,0,LOW,0
CFG-0007551,DEV-ONCOLOGY-FIR-061,0,1,1,1,1,0.0,0.0,1,0,LOW,0
CFG-0007552,DEV-PHARM-FIR-101,0,1,1,1,1,0.0,0.0,1,0,LOW,0
CFG-0007553,DEV-RESEARCH-SWI-001,0,1,1,1,1,0.0,0.0,1,0,LOW,0
CFG-0007554,DEV-DIAG-EDG-080,0,1,1,1,1,0.0,0.0,1,0,LOW,0
CFG-0007555,DEV-RESEARCH-FIR-086,0,1,1,1,1,0.0,0.0,0,0,LOW,0
CFG-0007556,DEV-PHARM-VPN-047,0,1,1,1,1,0.0,0.0,1,0,LOW,0
CFG-0007557,DEV-DIAG-EDG-067,0,1,1,1,1,0.0,0.0,0,0,LOW,0
CFG-0007558,DEV-PEDS-ACC-104,0,1,1,1,1,0.0,0.0,0,0,LOW,0
CFG-0007559,DEV-EMERGENCY-FIR-030,0,1,1,1,1,0.0,0.0,0,0,LOW,0
CFG-0007560,DEV-CARDIO-SWI-074,0,1,1,1,1,0.0,0.0,0,0,LOW,0
CFG-0007561,DEV-RESEARCH-SWI-001,0,1,1,1,1,0.0,0.0,0,0,LOW,0
CFG-0007562,DEV-PEDS-WIR-007,0,1,1,1,0,0.0,0.5,0,0,LOW,0
CFG-0007563,DEV-ADMIN-IOT-003,0,1,1,1,1,0.0,0.0,0,0,LOW,0
CFG-0007564,DEV-PHARM-ACC-083,0,1,1,1,1,0.0,0.0,1,0,LOW,0
CFG-0007565,DEV-PHARM-EDG-038,0,1,1,1,1,0.0,0.0,1,0,LOW,0
CFG-0007566,DEV-CLINIC-VPN-029,1,1,1,1,1,0.4,0.0,0,1,HIGH,2
CFG-0007567,DEV-CARDIO-IOT-110,0,1,1,1,1,0.0,0.0,1,0,LOW,0
CFG-0007568,DEV-EMERGENCY-VPN-002,0,1,1,1,1,0.0,0.0,0,0,LOW,0
CFG-0007569,DEV-DIAG-ACC-036,0,1,1,1,1,0.0,0.0,0,0,LOW,0
CFG-0007570,DEV-CLINIC-ACC-033,0,1,1,1,1,0.0,0.0,0,0,LOW,0
CFG-0007571,DEV-CLINIC-IOT-041,0,1,1,1,1,0.0,0.0,0,0,LOW,0
CFG-0007572,DEV-CARDIO-FIR-089,0,1,1,1,1,0.0,0.0,0,0,LOW,0
CFG-0007573,DEV-RESEARCH-SWI-100,0,1,1,1,1,0.0,0.0,0,0,LOW,0
CFG-0007574,DEV-RESEARCH-SWI-001,0,1,1,1,1,0.0,0.0,1,0,LOW,0
CFG-0007575,DEV-DIAG-FIR-108,0,1,1,1,1,0.0,0.0,0,0,LOW,0
CFG-0007576,DEV-EMERGENCY-FIR-058,0,1,1,1,1,0.0,0.0,0,0,LOW,0
CFG-0007577,DEV-EMERGENCY-FIR-030,0,1,1,1,1,0.0,0.0,0,0,LOW,0
CFG-0007578,DEV-CARDIO-FIR-089,0,1,1,1,1,0.0,0.0,0,0,LOW,0
CFG-0007579,DEV-ADMIN-WIR-013,0,1,1,1,1,0.0,0.0,0,0,LOW,0
CFG-0007580,DEV-PEDS-FIR-069,0,1,1,1,1,0.0,0.0,0,0,LOW,0
CFG-0007581,DEV-RESEARCH-SWI-079,0,1,1,1,1,0.0,0.0,1,0,LOW,0
CFG-0007582,DEV-CARDIO-IOT-110,0,1,1,1,1,0.0,0.0,0,0,LOW,0
CFG-0007583,DEV-DIAG-FIR-108,0,1,1,1,1,0.0,0.0,1,0,LOW,0
CFG-0007584,DEV-RESEARCH-SWI-020,0,1,1,1,0,0.0,0.5,1,0,LOW,0
CFG-0007585,DEV-CLINIC-WIR-097,0,1,1,1,0,0.0,0.5,0,0,LOW,0
CFG-0007586,DEV-MAIN-ACC-090,0,1,1,1,0,0.0,0.5,0,0,LOW,0
CFG-0007587,DEV-EMERGENCY-VPN-094,0,1,1,1,1,0.0,0.0,0,0,LOW,0
CFG-0007588,DEV-MAIN-ACC-090,0,1,1,1,0,0.0,0.5,0,0,LOW,0
CFG-0007589,DEV-EMERGENCY-SWI-096,0,1,1,0,1,0.0,0.5,0,1,MEDIUM,1
CFG-0007590,DEV-PHARM-VPN-047,1,1,1,1,1,0.4,0.0,1,1,LOW,0
CFG-0007591,DEV-PEDS-ACC-104,0,1,1,0,1,0.0,0.5,0,1,MEDIUM,1
CFG-0007592,DEV-MAIN-ACC-077,0,1,1,1,1,0.0,0.0,0,0,LOW,0
CFG-0007593,DEV-MAIN-FIR-064,0,1,1,1,1,0.0,0.0,0,0,LOW,0
CFG-0007594,DEV-EMERGENCY-IOT-015,0,1,1,1,1,0.0,0.0,0,0,LOW,0
CFG-0007595,DEV-PHARM-ACC-083,0,1,1,1,1,0.0,0.0,0,0,LOW,0
CFG-0007596,DEV-CARDIO-EDG-085,0,1,1,1,1,0.0,0.0,0,0,LOW,0
CFG-0007597,DEV-RESEARCH-SWI-001,0,1,1,1,0,0.0,0.5,0,0,LOW,0
CFG-0007598,DEV-MAIN-EDG-071,0,1,1,1,1,0.0,0.0,0,0,LOW,0
CFG-0007599,DEV-ADMIN-FIR-024,1,1,1,1,1,0.4,0.0,0,1,HIGH,2
CFG-0007600,DEV-RESEARCH-FIR-078,0,1,1,1,1,0.0,0.0,0,0,LOW,0
CFG-0007601,DEV-ADMIN-SWI-049,0,1,1,1,1,0.0,0.0,0,0,LOW,0
CFG-0007602,DEV-PEDS-IOT-046,0,1,1,1,1,0.0,0.0,0,0,LOW,0
CFG-0007603,DEV-EMERGENCY-IOT-015,0,1,1,1,1,0.0,0.0,0,0,LOW,0
CFG-0007604,DEV-EMERGENCY-COR-065,0,1,1,1,1,0.0,0.0,1,0,LOW,0
CFG-0007605,DEV-PEDS-IOT-046,0,1,1,1,1,0.0,0.0,0,0,LOW,0
CFG-0007606,DEV-PEDS-VPN-025,0,1,1,1,1,0.0,0.0,0,0,LOW,0
CFG-0007607,DEV-MAIN-ACC-090,1,1,1,1,1,0.4,0.0,0,1,HIGH,2
CFG-0007608,DEV-PEDS-COR-019,0,1,1,0,1,0.0,0.5,0,1,MEDIUM,1
CFG-0007609,DEV-MAIN-IOT-018,1,1,1,1,1,0.4,0.0,0,1,HIGH,2
CFG-0007610,DEV-PHARM-VPN-102,0,1,1,1,1,0.0,0.0,0,0,LOW,0
CFG-0007611,DEV-CARDIO-SWI-074,0,1,0,1,1,0.3,0.0,1,1,LOW,0
CFG-0007612,DEV-DIAG-SWI-092,0,1,1,1,1,0.0,0.0,0,0,LOW,0
CFG-0007613,DEV-CLINIC-ACC-027,0,1,1,1,1,0.0,0.0,0,0,LOW,0
CFG-0007614,DEV-CARDIO-FIR-089,0,1,1,1,1,0.0,0.0,0,0,LOW,0
CFG-0007615,DEV-RESEARCH-FIR-056,0,1,1,1,1,0.0,0.0,0,0,LOW,0
CFG-0007616,DEV-MAIN-SWI-017,0,1,1,1,1,0.0,0.0,1,0,LOW,0
CFG-0007617,DEV-MAIN-WIR-043,0,1,1,1,1,0.0,0.0,0,0,LOW,0
CFG-0007618,DEV-RESEARCH-FIR-031,0,1,1,1,1,0.0,0.0,0,0,LOW,0
CFG-0007619,DEV-MAIN-IOT-005,0,1,1,1,1,0.0,0.0,1,0,LOW,0
CFG-0007620,DEV-EMERGENCY-FIR-058,1,1,0,1,1,0.7,0.0,0,2,CRITICAL,3
CFG-0007621,DEV-ONCOLOGY-ACC-053,1,1,1,1,1,0.4,0.0,1,1,LOW,0
CFG-0007622,DEV-CARDIO-SWI-074,0,1,1,1,1,0.0,0.0,1,0,LOW,0
CFG-0007623,DEV-CARDIO-COR-063,0,1,1,1,1,0.0,0.0,0,0,LOW,0
CFG-0007624,DEV-DIAG-COR-009,0,1,1,1,0,0.0,0.5,0,0,LOW,0
CFG-0007625,DEV-CARDIO-ACC-068,0,1,1,1,1,0.0,0.0,0,0,LOW,0
CFG-0007626,DEV-CARDIO-FIR-088,0,1,1,1,0,0.0,0.5,1,0,LOW,0
CFG-0007627,DEV-PHARM-COR-106,0,1,1,1,1,0.0,0.0,0,0,LOW,0
CFG-0007628,DEV-ONCOLOGY-IOT-059,1,1,1,1,1,0.4,0.0,1,1,LOW,0
CFG-0007629,DEV-ONCOLOGY-VPN-075,0,1,1,1,1,0.0,0.0,0,0,LOW,0
CFG-0007630,DEV-CARDIO-VPN-011,0,1,1,1,1,0.0,0.0,1,0,LOW,0
CFG-0007631,DEV-CARDIO-EDG-085,0,1,0,1,1,0.3,0.0,1,1,LOW,0
CFG-0007632,DEV-PEDS-VPN-025,0,1,1,1,1,0.0,0.0,0,0,LOW,0
CFG-0007633,DEV-EMERGENCY-SWI-066,0,1,1,0,1,0.0,0.5,0,1,MEDIUM,1
CFG-0007634,DEV-PEDS-COR-054,0,1,1,1,1,0.0,0.0,0,0,LOW,0
CFG-0007635,DEV-PHARM-VPN-047,0,1,1,1,1,0.0,0.0,0,0,LOW,0
CFG-0007636,DEV-PEDS-WIR-040,0,1,1,1,1,0.0,0.0,0,0,LOW,0
CFG-0007637,DEV-RESEARCH-SWI-001,0,1,1,1,0,0.0,0.5,1,0,LOW,0
CFG-0007638,DEV-DIAG-ACC-036,0,1,1,1,1,0.0,0.0,0,0,LOW,0
CFG-0007639,DEV-PEDS-IOT-035,0,1,1,1,0,0.0,0.5,1,0,LOW,0
CFG-0007640,DEV-ONCOLOGY-VPN-075,0,1,1,1,1,0.0,0.0,0,0,LOW,0
CFG-0007641,DEV-EMERGENCY-VPN-002,1,1,1,1,1,0.4,0.0,1,1,LOW,0
CFG-0007642,DEV-CLINIC-VPN-029,0,1,1,1,1,0.0,0.0,1,0,LOW,0
CFG-0007643,DEV-CARDIO-FIR-089,0,1,1,1,1,0.0,0.0,0,0,LOW,0
CFG-0007644,DEV-DIAG-SWI-092,0,1,1,1,1,0.0,0.0,0,0,LOW,0
CFG-0007645,DEV-RESEARCH-EDG-057,0,1,1,1,1,0.0,0.0,0,0,LOW,0
CFG-0007646,DEV-MAIN-VPN-026,0,1,1,1,0,0.0,0.5,1,0,LOW,0
CFG-0007647,DEV-DIAG-SWI-092,0,1,1,1,1,0.0,0.0,0,0,LOW,0
CFG-0007648,DEV-DIAG-COR-009,0,1,0,1,1,0.3,0.0,0,1,HIGH,2
CFG-0007649,DEV-DIAG-EDG-067,0,1,1,1,1,0.0,0.0,1,0,LOW,0
CFG-0007650,DEV-CARDIO-IOT-006,0,1,1,1,0,0.0,0.5,1,0,LOW,0
CFG-0007651,DEV-CARDIO-ACC-008,0,1,1,0,1,0.0,0.5,0,1,MEDIUM,1
CFG-0007652,DEV-PEDS-FIR-069,0,1,1,1,1,0.0,0.0,1,0,LOW,0
CFG-0007653,DEV-RESEARCH-IOT-072,0,1,1,1,1,0.0,0.0,0,0,LOW,0
CFG-0007654,DEV-MAIN-ACC-077,0,1,1,1,1,0.0,0.0,1,0,LOW,0
CFG-0007655,DEV-MAIN-IOT-005,0,1,1,1,1,0.0,0.0,0,0,LOW,0
CFG-0007656,DEV-CLINIC-ACC-034,0,1,1,1,1,0.0,0.0,0,0,LOW,0
CFG-0007657,DEV-PHARM-FIR-101,0,1,1,1,1,0.0,0.0,0,0,LOW,0
CFG-0007658,DEV-ADMIN-VPN-021,0,1,1,1,1,0.0,0.0,1,0,LOW,0
CFG-0007659,DEV-MAIN-SWI-044,0,1,1,1,1,0.0,0.0,0,0,LOW,0
CFG-0007660,DEV-RESEARCH-VPN-045,0,1,1,1,1,0.0,0.0,0,0,LOW,0
CFG-0007661,DEV-ONCOLOGY-ACC-053,0,1,1,1,1,0.0,0.0,0,0,LOW,0
CFG-0007662,DEV-MAIN-EDG-012,0,1,1,1,1,0.0,0.0,0,0,LOW,0
CFG-0007663,DEV-RESEARCH-EDG-055,0,1,1,1,1,0.0,0.0,0,0,LOW,0
CFG-0007664,DEV-CLINIC-ACC-034,0,1,1,1,1,0.0,0.0,0,0,LOW,0
CFG-0007665,DEV-PHARM-FIR-010,0,1,1,1,1,0.0,0.0,0,0,LOW,0
CFG-0007666,DEV-RESEARCH-EDG-057,0,1,1,1,0,0.0,0.5,0,0,LOW,0
CFG-0007667,DEV-EMERGENCY-FIR-058,0,1,1,1,1,0.0,0.0,0,0,LOW,0
CFG-0007668,DEV-PEDS-IOT-046,0,1,0,1,1,0.3,0.0,1,1,LOW,0
CFG-0007669,DEV-RESEARCH-FIR-078,0,1,1,1,1,0.0,0.0,0,0,LOW,0
CFG-0007670,DEV-DIAG-ACC-103,0,1,1,0,1,0.0,0.5,0,1,MEDIUM,1
CFG-0007671,DEV-EMERGENCY-COR-065,0,1,1,1,1,0.0,0.0,0,0,LOW,0
CFG-0007672,DEV-CARDIO-ACC-008,0,1,1,1,0,0.0,0.5,0,0,LOW,0
CFG-0007673,DEV-EMERGENCY-SWI-052,0,1,1,1,1,0.0,0.0,0,0,LOW,0
CFG-0007674,DEV-DIAG-SWI-092,0,1,1,1,1,0.0,0.0,0,0,LOW,0
CFG-0007675,DEV-ONCOLOGY-IOT-059,0,1,1,1,1,0.0,0.0,1,0,LOW,0
CFG-0007676,DEV-RESEARCH-SWI-100,0,1,1,1,1,0.0,0.0,0,0,LOW,0
CFG-0007677,DEV-DIAG-EDG-080,0,1,1,1,1,0.0,0.0,0,0,LOW,0
CFG-0007678,DEV-CARDIO-FIR-088,0,1,1,1,1,0.0,0.0,0,0,LOW,0
CFG-0007679,DEV-ONCOLOGY-WIR-037,0,1,1,1,1,0.0,0.0,0,0,LOW,0
CFG-0007680,DEV-CARDIO-EDG-085,0,1,1,1,1,0.0,0.0,1,0,LOW,0
CFG-0007681,DEV-PHARM-VPN-047,0,1,1,1,0,0.0,0.5,0,0,LOW,0
CFG-0007682,DEV-RESEARCH-VPN-045,0,1,1,1,0,0.0,0.5,0,0,LOW,0
CFG-0007683,DEV-PEDS-WIR-040,0,1,1,1,1,0.0,0.0,0,0,LOW,0
CFG-0007684,DEV-PHARM-VPN-023,0,1,1,1,1,0.0,0.0,0,0,LOW,0
CFG-0007685,DEV-CARDIO-EDG-085,0,1,1,1,1,0.0,0.0,0,0,LOW,0
CFG-0007686,DEV-ADMIN-IOT-003,1,1,1,1,1,0.4,0.0,1,1,LOW,0
CFG-0007687,DEV-PHARM-ACC-083,0,1,0,1,1,0.3,0.0,0,1,HIGH,2
CFG-0007688,DEV-ADMIN-FIR-093,0,1,1,0,1,0.0,0.5,1,1,LOW,0
CFG-0007689,DEV-ONCOLOGY-IOT-070,0,1,0,1,1,0.3,0.0,1,1,LOW,0
CFG-0007690,DEV-ONCOLOGY-VPN-075,0,1,1,1,1,0.0,0.0,1,0,LOW,0
CFG-0007691,DEV-CARDIO-COR-063,0,1,1,1,1,0.0,0.0,0,0,LOW,0
CFG-0007692,DEV-ONCOLOGY-VPN-075,0,1,1,1,1,0.0,0.0,1,0,LOW,0
CFG-0007693,DEV-RESEARCH-EDG-055,0,1,1,1,1,0.0,0.0,0,0,LOW,0
CFG-0007694,DEV-ONCOLOGY-SWI-039,0,1,1,1,1,0.0,0.0,0,0,LOW,0
CFG-0007695,DEV-PHARM-FIR-010,0,1,1,1,1,0.0,0.0,1,0,LOW,0
CFG-0007696,DEV-ADMIN-IOT-003,0,1,1,1,1,0.0,0.0,0,0,LOW,0
CFG-0007697,DEV-PHARM-VPN-004,0,1,1,1,1,0.0,0.0,0,0,LOW,0
CFG-0007698,DEV-PHARM-EDG-038,0,1,1,1,1,0.0,0.0,0,0,LOW,0
CFG-0007699,DEV-CARDIO-FIR-088,0,1,1,1,1,0.0,0.0,1,0,LOW,0
CFG-0007700,DEV-PHARM-FIR-010,0,1,1,1,1,0.0,0.0,0,0,LOW,0
CFG-0007701,DEV-ONCOLOGY-SWI-039,0,1,1,1,1,0.0,0.0,0,0,LOW,0
CFG-0007702,DEV-CLINIC-VPN-098,0,1,1,1,0,0.0,0.5,0,0,LOW,0
CFG-0007703,DEV-EMERGENCY-IOT-015,0,1,1,1,1,0.0,0.0,0,0,LOW,0
CFG-0007704,DEV-CARDIO-IOT-006,0,1,1,1,1,0.0,0.0,0,0,LOW,0
CFG-0007705,DEV-CLINIC-VPN-051,0,1,1,1,1,0.0,0.0,0,0,LOW,0
CFG-0007706,DEV-EMERGENCY-FIR-030,0,1,0,1,1,0.3,0.0,0,1,HIGH,2
CFG-0007707,DEV-CLINIC-FIR-087,0,1,1,1,1,0.0,0.0,0,0,LOW,0
CFG-0007708,DEV-EMERGENCY-VPN-094,0,1,1,1,1,0.0,0.0,0,0,LOW,0
CFG-0007709,DEV-DIAG-WIR-084,0,1,1,1,1,0.0,0.0,0,0,LOW,0
CFG-0007710,DEV-RESEARCH-EDG-057,0,1,1,1,1,0.0,0.0,1,0,LOW,0
CFG-0007711,DEV-CLINIC-SWI-082,0,1,1,1,1,0.0,0.0,0,0,LOW,0
CFG-0007712,DEV-CLINIC-SWI-082,1,1,1,1,1,0.4,0.0,0,1,HIGH,2
CFG-0007713,DEV-MAIN-SWI-044,0,1,1,1,1,0.0,0.0,0,0,LOW,0
CFG-0007714,DEV-RESEARCH-SWI-001,0,1,1,1,1,0.0,0.0,0,0,LOW,0
CFG-0007715,DEV-RESEARCH-FIR-086,0,1,1,1,0,0.0,0.5,1,0,LOW,0
CFG-0007716,DEV-CLINIC-WIR-097,0,1,1,1,0,0.0,0.5,0,0,LOW,0
CFG-0007717,DEV-PHARM-FIR-101,0,1,1,1,1,0.0,0.0,0,0,LOW,0
CFG-0007718,DEV-PHARM-EDG-038,0,1,1,1,1,0.0,0.0,0,0,LOW,0
CFG-0007719,DEV-DIAG-SWI-092,0,1,1,1,1,0.0,0.0,1,0,LOW,0
CFG-0007720,DEV-CARDIO-COR-063,0,1,1,1,1,0.0,0.0,1,0,LOW,0
CFG-0007721,DEV-EMERGENCY-SWI-081,0,1,1,1,1,0.0,0.0,1,0,LOW,0
CFG-0007722,DEV-CLINIC-ACC-033,1,1,1,1,1,0.4,0.0,0,1,HIGH,2
CFG-0007723,DEV-EMERGENCY-SWI-096,0,1,1,1,1,0.0,0.0,1,0,LOW,0
CFG-0007724,DEV-RESEARCH-FIR-031,0,1,1,1,1,0.0,0.0,0,0,LOW,0
CFG-0007725,DEV-ONCOLOGY-WIR-037,0,1,1,1,1,0.0,0.0,0,0,LOW,0
CFG-0007726,DEV-DIAG-SWI-060,0,1,1,1,1,0.0,0.0,0,0,LOW,0
CFG-0007727,DEV-CLINIC-ACC-033,0,1,1,1,1,0.0,0.0,1,0,LOW,0
CFG-0007728,DEV-PHARM-FIR-010,0,1,1,1,1,0.0,0.0,0,0,LOW,0
CFG-0007729,DEV-CLINIC-ACC-033,0,1,1,1,1,0.0,0.0,1,0,LOW,0
CFG-0007730,DEV-ADMIN-WIR-013,1,1,1,1,1,0.4,0.0,0,1,HIGH,2
CFG-0007731,DEV-CARDIO-IOT-006,0,1,1,1,1,0.0,0.0,1,0,LOW,0
CFG-0007732,DEV-MAIN-SWI-017,0,1,1,1,1,0.0,0.0,1,0,LOW,0
CFG-0007733,DEV-ONCOLOGY-SWI-039,0,1,1,1,1,0.0,0.0,0,0,LOW,0
CFG-0007734,DEV-EMERGENCY-SWI-096,0,1,1,1,1,0.0,0.0,0,0,LOW,0
CFG-0007735,DEV-CLINIC-VPN-051,0,1,1,1,1,0.0,0.0,0,0,LOW,0
CFG-0007736,DEV-RESEARCH-FIR-078,0,1,1,1,1,0.0,0.0,0,0,LOW,0
CFG-0007737,DEV-CARDIO-EDG-085,0,1,1,1,0,0.0,0.5,0,0,LOW,0
CFG-0007738,DEV-CLINIC-IOT-041,0,1,0,1,1,0.3,0.0,0,1,HIGH,2
CFG-0007739,DEV-PHARM-ACC-083,0,1,1,1,1,0.0,0.0,0,0,LOW,0
CFG-0007740,DEV-CLINIC-VPN-098,0,1,1,1,1,0.0,0.0,0,0,LOW,0
CFG-0007741,DEV-CARDIO-ACC-068,0,1,1,1,1,0.0,0.0,0,0,LOW,0
CFG-0007742,DEV-MAIN-VPN-026,0,1,1,1,1,0.0,0.0,0,0,LOW,0
CFG-0007743,DEV-MAIN-EDG-012,0,1,1,1,1,0.0,0.0,0,0,LOW,0
CFG-0007744,DEV-CLINIC-VPN-051,0,1,1,1,1,0.0,0.0,0,0,LOW,0
CFG-0007745,DEV-PEDS-ACC-104,0,1,1,1,1,0.0,0.0,0,0,LOW,0
CFG-0007746,DEV-RESEARCH-SWI-020,1,1,1,1,1,0.4,0.0,1,1,LOW,0
CFG-0007747,DEV-MAIN-VPN-026,0,1,1,1,0,0.0,0.5,0,0,LOW,0
CFG-0007748,DEV-MAIN-ACC-077,0,1,1,1,1,0.0,0.0,0,0,LOW,0
CFG-0007749,DEV-RESEARCH-FIR-056,0,1,1,1,1,0.0,0.0,0,0,LOW,0
CFG-0007750,DEV-PHARM-VPN-102,1,1,1,1,1,0.4,0.0,1,1,LOW,0
CFG-0007751,DEV-RESEARCH-SWI-001,1,1,1,1,1,0.4,0.0,0,1,HIGH,2
CFG-0007752,DEV-CARDIO-ACC-068,0,1,1,0,1,0.0,0.5,0,1,MEDIUM,1
CFG-0007753,DEV-MAIN-WIR-043,0,1,1,1,1,0.0,0.0,0,0,LOW,0
CFG-0007754,DEV-MAIN-VPN-026,0,1,1,1,0,0.0,0.5,0,0,LOW,0
CFG-0007755,DEV-CLINIC-WIR-097,0,1,1,1,1,0.0,0.0,0,0,LOW,0
CFG-0007756,DEV-ONCOLOGY-IOT-070,0,1,1,1,1,0.0,0.0,0,0,LOW,0
CFG-0007757,DEV-MAIN-WIR-043,0,1,1,1,1,0.0,0.0,1,0,LOW,0
CFG-0007758,DEV-ADMIN-IOT-003,0,1,1,1,0,0.0,0.5,0,0,LOW,0
CFG-0007759,DEV-ADMIN-WIR-013,0,1,1,1,1,0.0,0.0,1,0,LOW,0
CFG-0007760,DEV-RESEARCH-SWI-020,0,1,1,1,1,0.0,0.0,0,0,LOW,0
CFG-0007761,DEV-PEDS-WIR-040,0,1,1,0,1,0.0,0.5,0,1,MEDIUM,1
CFG-0007762,DEV-MAIN-FIR-064,0,1,1,1,1,0.0,0.0,0,0,LOW,0
CFG-0007763,DEV-DIAG-EDG-080,0,1,1,1,1,0.0,0.0,0,0,LOW,0
CFG-0007764,DEV-CLINIC-ACC-027,0,1,1,1,1,0.0,0.0,1,0,LOW,0
CFG-0007765,DEV-CARDIO-SWI-062,0,1,1,0,1,0.0,0.5,0,1,MEDIUM,1
CFG-0007766,DEV-RESEARCH-SWI-001,0,1,1,0,1,0.0,0.5,1,1,LOW,0
CFG-0007767,DEV-CLINIC-FIR-087,0,1,1,1,0,0.0,0.5,0,0,LOW,0
CFG-0007768,DEV-ADMIN-FIR-093,0,1,1,1,1,0.0,0.0,1,0,LOW,0
CFG-0007769,DEV-EMERGENCY-SWI-096,0,1,1,1,1,0.0,0.0,0,0,LOW,0
CFG-0007770,DEV-CLINIC-IOT-041,0,1,1,1,1,0.0,0.0,1,0,LOW,0
CFG-0007771,DEV-PEDS-ACC-104,0,1,1,1,1,0.0,0.0,0,0,LOW,0
CFG-0007772,DEV-PHARM-EDG-038,0,1,1,1,1,0.0,0.0,0,0,LOW,0
CFG-0007773,DEV-ONCOLOGY-IOT-070,0,1,1,1,1,0.0,0.0,0,0,LOW,0
CFG-0007774,DEV-CARDIO-COR-063,0,1,1,1,1,0.0,0.0,0,0,LOW,0
CFG-0007775,DEV-ADMIN-FIR-024,0,1,0,1,1,0.3,0.0,0,1,HIGH,2
CFG-0007776,DEV-PHARM-VPN-047,0,1,1,0,1,0.0,0.5,0,1,MEDIUM,1
CFG-0007777,DEV-ONCOLOGY-FIR-061,1,1,1,1,1,0.4,0.0,1,1,LOW,0
CFG-0007778,DEV-MAIN-IOT-018,0,1,1,1,1,0.0,0.0,0,0,LOW,0
CFG-0007779,DEV-EMERGENCY-FIR-058,0,1,0,1,1,0.3,0.0,0,1,HIGH,2
CFG-0007780,DEV-CARDIO-IOT-006,0,1,1,1,1,0.0,0.0,1,0,LOW,0
CFG-0007781,DEV-ADMIN-IOT-003,0,1,1,1,1,0.0,0.0,0,0,LOW,0
CFG-0007782,DEV-CLINIC-ACC-027,0,1,1,1,1,0.0,0.0,0,0,LOW,0
CFG-0007783,DEV-PHARM-VPN-102,0,1,1,1,1,0.0,0.0,1,0,LOW,0
CFG-0007784,DEV-CLINIC-SWI-082,0,1,1,1,1,0.0,0.0,0,0,LOW,0
CFG-0007785,DEV-RESEARCH-VPN-045,0,1,1,1,1,0.0,0.0,0,0,LOW,0
CFG-0007786,DEV-PHARM-VPN-004,0,1,1,1,1,0.0,0.0,0,0,LOW,0
CFG-0007787,DEV-PHARM-COR-106,0,1,1,1,1,0.0,0.0,0,0,LOW,0
CFG-0007788,DEV-CLINIC-ACC-109,0,1,1,1,1,0.0,0.0,0,0,LOW,0
CFG-0007789,DEV-EMERGENCY-SWI-099,0,1,1,1,1,0.0,0.0,0,0,LOW,0
CFG-0007790,DEV-ADMIN-EDG-050,0,1,1,1,1,0.0,0.0,0,0,LOW,0
CFG-0007791,DEV-ADMIN-IOT-003,0,1,1,1,1,0.0,0.0,1,0,LOW,0
CFG-0007792,DEV-EMERGENCY-SWI-081,0,1,0,1,1,0.3,0.0,0,1,HIGH,2
CFG-0007793,DEV-PEDS-COR-019,0,1,1,1,0,0.0,0.5,0,0,LOW,0
CFG-0007794,DEV-DIAG-EDG-080,0,1,1,1,1,0.0,0.0,0,0,LOW,0
CFG-0007795,DEV-EMERGENCY-VPN-002,0,1,1,1,1,0.0,0.0,0,0,LOW,0
CFG-0007796,DEV-EMERGENCY-SWI-099,0,1,1,1,1,0.0,0.0,0,0,LOW,0
CFG-0007797,DEV-EMERGENCY-SWI-099,0,1,1,1,1,0.0,0.0,0,0,LOW,0
CFG-0007798,DEV-MAIN-VPN-026,0,1,1,0,1,0.0,0.5,1,1,LOW,0
CFG-0007799,DEV-CARDIO-ACC-008,0,1,1,1,1,0.0,0.0,1,0,LOW,0
CFG-0007800,DEV-MAIN-WIR-043,0,1,1,1,1,0.0,0.0,0,0,LOW,0
CFG-0007801,DEV-ADMIN-IOT-003,0,1,1,1,1,0.0,0.0,0,0,LOW,0
CFG-0007802,DEV-RESEARCH-EDG-055,0,1,1,1,0,0.0,0.5,0,0,LOW,0
CFG-0007804,DEV-ADMIN-FIR-093,0,1,0,1,1,0.3,0.0,0,1,HIGH,2
CFG-0007805,DEV-CARDIO-EDG-085,0,1,1,1,1,0.0,0.0,0,0,LOW,0
CFG-0007806,DEV-EMERGENCY-SWI-066,0,1,1,1,1,0.0,0.0,0,0,LOW,0
CFG-0007807,DEV-CLINIC-SWI-082,0,1,1,1,1,0.0,0.0,0,0,LOW,0
CFG-0007808,DEV-MAIN-SWI-042,0,1,1,1,1,0.0,0.0,0,0,LOW,0
CFG-0007809,DEV-RESEARCH-FIR-056,0,1,1,1,1,0.0,0.0,1,0,LOW,0
CFG-0007810,DEV-EMERGENCY-SWI-096,0,1,1,1,1,0.0,0.0,0,0,LOW,0
CFG-0007811,DEV-PEDS-ACC-104,0,1,1,1,1,0.0,0.0,0,0,LOW,0
CFG-0007812,DEV-CLINIC-VPN-051,0,1,1,1,0,0.0,0.5,0,0,LOW,0
CFG-0007813,DEV-DIAG-EDG-067,0,1,1,1,1,0.0,0.0,1,0,LOW,0
CFG-0007814,DEV-DIAG-SWI-060,0,1,1,1,1,0.0,0.0,0,0,LOW,0
CFG-0007815,DEV-MAIN-VPN-026,0,1,1,1,1,0.0,0.0,0,0,LOW,0
CFG-0007816,DEV-PEDS-IOT-035,0,1,1,1,1,0.0,0.0,0,0,LOW,0
CFG-0007817,DEV-CARDIO-SWI-062,0,1,1,1,1,0.0,0.0,0,0,LOW,0
CFG-0007818,DEV-PHARM-COR-106,0,1,0,1,1,0.3,0.0,0,1,HIGH,2
CFG-0007819,DEV-MAIN-EDG-012,0,1,1,1,1,0.0,0.0,0,0,LOW,0
CFG-0007820,DEV-ONCOLOGY-ACC-016,0,1,1,1,1,0.0,0.0,1,0,LOW,0
CFG-0007821,DEV-CLINIC-VPN-051,0,1,1,1,1,0.0,0.0,0,0,LOW,0
CFG-0007822,DEV-ADMIN-VPN-021,0,1,1,1,1,0.0,0.0,1,0,LOW,0
CFG-0007823,DEV-EMERGENCY-IOT-015,1,1,1,1,1,0.4,0.0,0,1,HIGH,2
CFG-0007824,DEV-EMERGENCY-IOT-073,0,1,1,1,1,0.0,0.0,0,0,LOW,0
CFG-0007825,DEV-PEDS-WIR-007,0,1,1,1,1,0.0,0.0,0,0,LOW,0
CFG-0007826,DEV-PHARM-VPN-004,0,1,1,1,1,0.0,0.0,0,0,LOW,0
CFG-0007827,DEV-RESEARCH-SWI-079,0,1,1,1,0,0.0,0.5,1,0,LOW,0
CFG-0007828,DEV-EMERGENCY-COR-022,1,1,1,1,1,0.4,0.0,0,1,HIGH,2
CFG-0007829,DEV-DIAG-SWI-060,0,1,1,1,1,0.0,0.0,0,0,LOW,0
CFG-0007830,DEV-CLINIC-WIR-097,1,1,1,1,1,0.4,0.0,0,1,HIGH,2
CFG-0007831,DEV-PHARM-FIR-028,0,1,1,1,1,0.0,0.0,0,0,LOW,0
CFG-0007832,DEV-MAIN-EDG-012,0,1,1,1,1,0.0,0.0,0,0,LOW,0
CFG-0007833,DEV-PEDS-WIR-007,0,1,0,1,1,0.3,0.0,0,1,HIGH,2
CFG-0007834,DEV-CARDIO-COR-063,0,1,1,1,1,0.0,0.0,0,0,LOW,0
CFG-0007835,DEV-MAIN-EDG-014,0,1,1,1,1,0.0,0.0,0,0,LOW,0
CFG-0007836,DEV-CARDIO-COR-063,1,1,1,1,1,0.4,0.0,1,1,LOW,0
CFG-0007837,DEV-RESEARCH-IOT-072,1,1,1,1,1,0.4,0.0,0,1,HIGH,2
CFG-0007838,DEV-ADMIN-EDG-050,0,1,1,1,1,0.0,0.0,1,0,LOW,0
CFG-0007839,DEV-EMERGENCY-VPN-002,0,1,1,1,1,0.0,0.0,0,0,LOW,0
CFG-0007840,DEV-ADMIN-FIR-093,0,1,1,1,1,0.0,0.0,0,0,LOW,0
CFG-0007841,DEV-EMERGENCY-SWI-081,0,1,1,1,1,0.0,0.0,0,0,LOW,0
CFG-0007842,DEV-EMERGENCY-SWI-096,0,1,1,1,1,0.0,0.0,1,0,LOW,0
CFG-0007843,DEV-MAIN-SWI-017,0,1,1,0,1,0.0,0.5,0,1,MEDIUM,1
CFG-0007844,DEV-EMERGENCY-VPN-002,0,1,1,1,1,0.0,0.0,0,0,LOW,0
CFG-0007845,DEV-ONCOLOGY-ACC-016,0,1,0,1,1,0.3,0.0,0,1,HIGH,2
CFG-0007846,DEV-ONCOLOGY-ACC-053,0,1,1,1,1,0.0,0.0,1,0,LOW,0
CFG-0007847,DEV-PEDS-ACC-104,0,1,1,1,1,0.0,0.0,0,0,LOW,0
CFG-0007848,DEV-ADMIN-COR-105,0,1,1,1,1,0.0,0.0,0,0,LOW,0
CFG-0007849,DEV-ONCOLOGY-ACC-016,0,1,1,1,1,0.0,0.0,0,0,LOW,0
CFG-0007850,DEV-MAIN-ACC-077,0,1,1,1,1,0.0,0.0,0,0,LOW,0
CFG-0007851,DEV-DIAG-SWI-060,0,1,1,1,1,0.0,0.0,0,0,LOW,0
CFG-0007852,DEV-PEDS-WIR-007,0,1,1,1,1,0.0,0.0,0,0,LOW,0
CFG-0007853,DEV-DIAG-FIR-108,0,1,1,1,1,0.0,0.0,1,0,LOW,0
CFG-0007854,DEV-CARDIO-COR-063,0,1,1,1,1,0.0,0.0,0,0,LOW,0
CFG-0007855,DEV-ADMIN-IOT-003,1,1,1,1,1,0.4,0.0,1,1,LOW,0
CFG-0007856,DEV-ONCOLOGY-IOT-070,0,1,1,1,1,0.0,0.0,0,0,LOW,0
CFG-0007857,DEV-PEDS-WIR-007,1,1,1,1,1,0.4,0.0,0,1,HIGH,2
CFG-0007858,DEV-ADMIN-COR-105,0,1,1,1,1,0.0,0.0,0,0,LOW,0
CFG-0007859,DEV-CARDIO-SWI-062,0,1,1,1,0,0.0,0.5,1,0,LOW,0
CFG-0007860,DEV-PHARM-VPN-023,1,1,1,1,1,0.4,0.0,0,1,HIGH,2
CFG-0007861,DEV-PHARM-FIR-028,0,1,1,1,1,0.0,0.0,0,0,LOW,0
CFG-0007862,DEV-EMERGENCY-SWI-099,0,1,1,1,1,0.0,0.0,0,0,LOW,0
CFG-0007863,DEV-ONCOLOGY-SWI-039,1,1,1,1,1,0.4,0.0,0,1,HIGH,2
CFG-0007864,DEV-PHARM-COR-106,0,1,1,1,1,0.0,0.0,1,0,LOW,0
CFG-0007865,DEV-RESEARCH-SWI-100,0,1,1,1,1,0.0,0.0,0,0,LOW,0
CFG-0007866,DEV-RESEARCH-FIR-078,0,1,1,1,1,0.0,0.0,1,0,LOW,0
CFG-0007867,DEV-CLINIC-VPN-051,0,1,1,1,1,0.0,0.0,0,0,LOW,0
CFG-0007868,DEV-CLINIC-ACC-034,0,1,1,1,1,0.0,0.0,0,0,LOW,0
CFG-0007869,DEV-CLINIC-VPN-098,0,1,1,1,1,0.0,0.0,0,0,LOW,0
CFG-0007870,DEV-PEDS-COR-054,0,1,1,1,1,0.0,0.0,0,0,LOW,0
CFG-0007871,DEV-DIAG-WIR-084,0,1,1,0,1,0.0,0.5,0,1,MEDIUM,1
CFG-0007872,DEV-EMERGENCY-VPN-094,0,1,1,1,1,0.0,0.0,0,0,LOW,0
CFG-0007873,DEV-MAIN-EDG-012,0,1,1,1,1,0.0,0.0,1,0,LOW,0
CFG-0007874,DEV-EMERGENCY-COR-065,1,1,1,1,1,0.4,0.0,0,1,HIGH,2
CFG-0007875,DEV-ONCOLOGY-SWI-039,0,1,1,1,1,0.0,0.0,0,0,LOW,0
CFG-0007876,DEV-PHARM-VPN-047,0,1,1,1,1,0.0,0.0,1,0,LOW,0
CFG-0007877,DEV-DIAG-FIR-108,0,1,1,1,1,0.0,0.0,0,0,LOW,0
CFG-0007878,DEV-EMERGENCY-IOT-015,0,1,1,1,1,0.0,0.0,0,0,LOW,0
CFG-0007879,DEV-EMERGENCY-SWI-066,0,1,1,1,1,0.0,0.0,0,0,LOW,0
CFG-0007880,DEV-EMERGENCY-IOT-073,0,1,1,1,1,0.0,0.0,0,0,LOW,0
CFG-0007881,DEV-RESEARCH-SWI-001,0,1,1,1,1,0.0,0.0,1,0,LOW,0
CFG-0007882,DEV-PEDS-WIR-095,0,1,1,1,1,0.0,0.0,0,0,LOW,0
CFG-0007883,DEV-DIAG-SWI-060,0,1,1,1,1,0.0,0.0,0,0,LOW,0
CFG-0007884,DEV-CARDIO-IOT-006,0,1,1,1,1,0.0,0.0,0,0,LOW,0
CFG-0007885,DEV-PHARM-VPN-102,0,1,1,1,1,0.0,0.0,0,0,LOW,0
CFG-0007886,DEV-DIAG-WIR-084,0,1,1,1,1,0.0,0.0,0,0,LOW,0
CFG-0007887,DEV-RESEARCH-SWI-020,0,1,1,1,1,0.0,0.0,0,0,LOW,0
CFG-0007888,DEV-ONCOLOGY-FIR-061,0,1,1,1,1,0.0,0.0,0,0,LOW,0
CFG-0007889,DEV-MAIN-EDG-012,0,1,1,1,1,0.0,0.0,0,0,LOW,0
CFG-0007890,DEV-PEDS-WIR-007,0,1,1,1,1,0.0,0.0,1,0,LOW,0
CFG-0007891,DEV-PEDS-WIR-007,0,1,1,1,1,0.0,0.0,1,0,LOW,0
CFG-0007892,DEV-DIAG-COR-009,0,1,1,1,1,0.0,0.0,1,0,LOW,0
CFG-0007893,DEV-PEDS-IOT-046,0,1,1,1,1,0.0,0.0,0,0,LOW,0
CFG-0007894,DEV-DIAG-SWI-032,0,1,1,1,1,0.0,0.0,0,0,LOW,0
CFG-0007895,DEV-RESEARCH-FIR-078,0,1,0,1,1,0.3,0.0,0,1,HIGH,2
CFG-0007896,DEV-ONCOLOGY-FIR-061,0,1,1,1,1,0.0,0.0,1,0,LOW,0
CFG-0007897,DEV-CLINIC-SWI-082,0,1,1,1,1,0.0,0.0,1,0,LOW,0
CFG-0007898,DEV-CARDIO-SWI-062,0,1,1,1,1,0.0,0.0,1,0,LOW,0
CFG-0007899,DEV-PEDS-WIR-095,0,1,0,1,1,0.3,0.0,0,1,HIGH,2
CFG-0007900,DEV-EMERGENCY-VPN-002,0,1,1,1,1,0.0,0.0,1,0,LOW,0
CFG-0007901,DEV-CARDIO-COR-063,0,1,1,1,1,0.0,0.0,0,0,LOW,0
CFG-0007902,DEV-PHARM-VPN-004,0,1,1,1,0,0.0,0.5,1,0,LOW,0
CFG-0007903,DEV-CLINIC-EDG-048,0,1,1,1,1,0.0,0.0,1,0,LOW,0
CFG-0007904,DEV-EMERGENCY-FIR-030,0,1,1,1,0,0.0,0.5,0,0,LOW,0
CFG-0007905,DEV-CLINIC-VPN-051,0,1,1,1,0,0.0,0.5,1,0,LOW,0
CFG-0007906,DEV-CARDIO-IOT-110,0,1,1,1,1,0.0,0.0,0,0,LOW,0
CFG-0007907,DEV-MAIN-FIR-064,0,1,1,1,0,0.0,0.5,0,0,LOW,0
CFG-0007908,DEV-CARDIO-FIR-088,0,1,1,1,1,0.0,0.0,0,0,LOW,0
CFG-0007909,DEV-PEDS-COR-019,0,1,1,1,0,0.0,0.5,1,0,LOW,0
CFG-0007910,DEV-PHARM-EDG-038,0,1,1,1,1,0.0,0.0,1,0,LOW,0
CFG-0007911,DEV-RESEARCH-SWI-079,0,1,1,1,1,0.0,0.0,0,0,LOW,0
CFG-0007912,DEV-MAIN-VPN-026,0,1,1,1,1,0.0,0.0,1,0,LOW,0
CFG-0007913,DEV-PEDS-WIR-040,0,1,1,1,1,0.0,0.0,1,0,LOW,0
CFG-0007914,DEV-EMERGENCY-COR-065,0,1,1,1,1,0.0,0.0,0,0,LOW,0
CFG-0007915,DEV-PHARM-FIR-010,0,1,1,1,1,0.0,0.0,0,0,LOW,0
CFG-0007916,DEV-DIAG-SWI-092,1,1,1,1,1,0.4,0.0,1,1,LOW,0
CFG-0007917,DEV-EMERGENCY-SWI-066,0,1,0,1,1,0.3,0.0,0,1,HIGH,2
CFG-0007918,DEV-CLINIC-EDG-048,1,1,1,1,1,0.4,0.0,0,1,HIGH,2
CFG-0007919,DEV-MAIN-FIR-091,0,1,0,1,1,0.3,0.0,1,1,LOW,0
CFG-0007920,DEV-PEDS-WIR-007,0,1,1,1,1,0.0,0.0,0,0,LOW,0
CFG-0007921,DEV-EMERGENCY-SWI-096,0,1,1,1,1,0.0,0.0,0,0,LOW,0
CFG-0007922,DEV-CLINIC-ACC-109,0,1,1,1,1,0.0,0.0,0,0,LOW,0
CFG-0007923,DEV-EMERGENCY-VPN-094,0,1,1,1,1,0.0,0.0,0,0,LOW,0
CFG-0007924,DEV-RESEARCH-SWI-079,0,1,1,1,1,0.0,0.0,0,0,LOW,0
CFG-0007925,DEV-CLINIC-VPN-098,0,1,1,1,1,0.0,0.0,0,0,LOW,0
CFG-0007926,DEV-CARDIO-SWI-074,0,1,1,1,1,0.0,0.0,0,0,LOW,0
CFG-0007927,DEV-RESEARCH-FIR-078,0,1,1,1,1,0.0,0.0,0,0,LOW,0
CFG-0007928,DEV-CLINIC-ACC-027,0,1,1,1,1,0.0,0.0,1,0,LOW,0
CFG-0007929,DEV-RESEARCH-FIR-086,0,1,1,1,1,0.0,0.0,0,0,LOW,0
CFG-0007930,DEV-EMERGENCY-SWI-052,0,1,1,1,1,0.0,0.0,1,0,LOW,0
CFG-0007931,DEV-DIAG-WIR-084,0,1,1,1,1,0.0,0.0,1,0,LOW,0
CFG-0007932,DEV-PEDS-COR-054,0,1,1,1,1,0.0,0.0,1,0,LOW,0
CFG-0007933,DEV-DIAG-SWI-032,0,1,0,1,1,0.3,0.0,0,1,HIGH,2
CFG-0007934,DEV-RESEARCH-SWI-079,0,1,1,1,1,0.0,0.0,0,0,LOW,0
CFG-0007935,DEV-CARDIO-FIR-088,0,1,1,1,1,0.0,0.0,0,0,LOW,0
CFG-0007936,DEV-ONCOLOGY-SWI-039,0,1,1,1,0,0.0,0.5,0,0,LOW,0
CFG-0007937,DEV-CARDIO-COR-063,0,1,1,1,1,0.0,0.0,1,0,LOW,0
CFG-0007938,DEV-ADMIN-SWI-049,0,1,0,1,1,0.3,0.0,0,1,HIGH,2
CFG-0007939,DEV-CLINIC-WIR-097,0,1,1,1,1,0.0,0.0,1,0,LOW,0
CFG-0007940,DEV-RESEARCH-FIR-056,0,1,1,1,1,0.0,0.0,0,0,LOW,0
CFG-0007941,DEV-RESEARCH-IOT-072,0,1,0,1,1,0.3,0.0,1,1,LOW,0
CFG-0007942,DEV-EMERGENCY-VPN-002,0,1,1,1,1,0.0,0.0,1,0,LOW,0
CFG-0007943,DEV-MAIN-SWI-042,0,1,0,1,1,0.3,0.0,0,1,HIGH,2
CFG-0007944,DEV-DIAG-SWI-032,0,1,1,1,1,0.0,0.0,0,0,LOW,0
CFG-0007945,DEV-DIAG-COR-009,0,1,1,0,1,0.0,0.5,1,1,LOW,0
CFG-0007946,DEV-RESEARCH-SWI-001,1,1,1,1,1,0.4,0.0,1,1,LOW,0
CFG-0007947,DEV-ONCOLOGY-IOT-059,0,1,1,1,0,0.0,0.5,0,0,LOW,0
CFG-0007948,DEV-PEDS-WIR-095,0,1,1,1,1,0.0,0.0,0,0,LOW,0
CFG-0007949,DEV-EMERGENCY-COR-022,1,1,1,1,1,0.4,0.0,0,1,HIGH,2
CFG-0007950,DEV-CLINIC-VPN-051,0,1,1,1,1,0.0,0.0,0,0,LOW,0
CFG-0007951,DEV-ADMIN-FIR-093,0,1,1,1,1,0.0,0.0,0,0,LOW,0
CFG-0007952,DEV-PHARM-FIR-028,0,1,1,1,1,0.0,0.0,0,0,LOW,0
CFG-0007953,DEV-EMERGENCY-FIR-030,0,1,1,1,1,0.0,0.0,0,0,LOW,0
CFG-0007954,DEV-EMERGENCY-FIR-058,0,1,1,1,1,0.0,0.0,1,0,LOW,0
CFG-0007955,DEV-CLINIC-ACC-027,0,1,1,1,1,0.0,0.0,0,0,LOW,0
CFG-0007956,DEV-PEDS-WIR-095,0,1,1,1,1,0.0,0.0,1,0,LOW,0
CFG-0007957,DEV-EMERGENCY-SWI-052,0,1,0,1,1,0.3,0.0,0,1,HIGH,2
CFG-0007958,DEV-CLINIC-ACC-034,0,1,1,1,1,0.0,0.0,0,0,LOW,0
CFG-0007959,DEV-EMERGENCY-IOT-015,0,1,1,0,1,0.0,0.5,0,1,MEDIUM,1
CFG-0007960,DEV-ADMIN-IOT-003,0,1,1,1,1,0.0,0.0,0,0,LOW,0
CFG-0007961,DEV-CARDIO-COR-063,0,1,1,0,1,0.0,0.5,0,1,MEDIUM,1
CFG-0007962,DEV-EMERGENCY-SWI-081,0,1,0,1,1,0.3,0.0,0,1,HIGH,2
CFG-0007963,DEV-CLINIC-ACC-033,0,1,1,1,1,0.0,0.0,0,0,LOW,0
CFG-0007964,DEV-MAIN-VPN-026,0,1,1,1,1,0.0,0.0,0,0,LOW,0
CFG-0007965,DEV-ONCOLOGY-FIR-061,0,1,1,1,0,0.0,0.5,0,0,LOW,0
CFG-0007966,DEV-DIAG-EDG-080,0,1,1,1,0,0.0,0.5,1,0,LOW,0
CFG-0007967,DEV-ADMIN-FIR-024,0,1,1,1,1,0.0,0.0,0,0,LOW,0
CFG-0007968,DEV-ONCOLOGY-SWI-039,0,1,1,1,1,0.0,0.0,1,0,LOW,0
CFG-0007969,DEV-ADMIN-FIR-024,0,1,1,1,1,0.0,0.0,0,0,LOW,0
CFG-0007970,DEV-MAIN-EDG-071,0,1,1,1,1,0.0,0.0,0,0,LOW,0
CFG-0007971,DEV-CARDIO-ACC-008,0,1,1,1,1,0.0,0.0,1,0,LOW,0
CFG-0007972,DEV-PHARM-FIR-028,1,1,1,1,1,0.4,0.0,0,1,HIGH,2
CFG-0007973,DEV-CARDIO-VPN-011,0,1,1,1,0,0.0,0.5,0,0,LOW,0
CFG-0007974,DEV-PHARM-COR-106,0,1,1,1,1,0.0,0.0,0,0,LOW,0
CFG-0007975,DEV-EMERGENCY-SWI-099,0,1,0,1,1,0.3,0.0,0,1,HIGH,2
CFG-0007976,DEV-CLINIC-ACC-109,0,1,1,0,1,0.0,0.5,0,1,MEDIUM,1
CFG-0007977,DEV-CLINIC-WIR-097,0,1,1,1,1,0.0,0.0,0,0,LOW,0
CFG-0007978,DEV-CARDIO-SWI-074,0,1,1,1,1,0.0,0.0,0,0,LOW,0
CFG-0007979,DEV-RESEARCH-FIR-078,0,1,1,1,1,0.0,0.0,0,0,LOW,0
CFG-0007980,DEV-CARDIO-IOT-006,0,1,1,1,1,0.0,0.0,0,0,LOW,0
CFG-0007981,DEV-ADMIN-EDG-050,0,1,1,1,1,0.0,0.0,0,0,LOW,0
CFG-0007982,DEV-CLINIC-ACC-033,0,1,1,0,1,0.0,0.5,0,1,MEDIUM,1
CFG-0007983,DEV-DIAG-SWI-032,0,1,1,1,1,0.0,0.0,0,0,LOW,0
CFG-0007984,DEV-PEDS-IOT-035,0,1,1,1,1,0.0,0.0,0,0,LOW,0
CFG-0007985,DEV-CLINIC-VPN-051,0,1,1,1,1,0.0,0.0,0,0,LOW,0
CFG-0007986,DEV-RESEARCH-FIR-031,0,1,1,1,1,0.0,0.0,0,0,LOW,0
CFG-0007987,DEV-CLINIC-IOT-041,0,1,1,1,0,0.0,0.5,0,0,LOW,0
CFG-0007988,DEV-CARDIO-FIR-089,0,1,1,1,1,0.0,0.0,1,0,LOW,0
CFG-0007989,DEV-CLINIC-SWI-082,0,1,1,1,1,0.0,0.0,0,0,LOW,0
CFG-0007990,DEV-EMERGENCY-IOT-073,0,1,1,1,1,0.0,0.0,0,0,LOW,0
CFG-0007991,DEV-RESEARCH-SWI-001,0,1,1,1,1,0.0,0.0,0,0,LOW,0
CFG-0007992,DEV-PHARM-FIR-028,0,1,1,1,1,0.0,0.0,0,0,LOW,0
CFG-0007993,DEV-PHARM-FIR-101,0,1,1,1,1,0.0,0.0,0,0,LOW,0
CFG-0007994,DEV-RESEARCH-FIR-078,0,1,1,0,1,0.0,0.5,0,1,MEDIUM,1
CFG-0007995,DEV-PEDS-WIR-095,0,1,1,1,1,0.0,0.0,0,0,LOW,0
CFG-0007996,DEV-EMERGENCY-VPN-002,0,1,1,1,1,0.0,0.0,1,0,LOW,0
CFG-0007997,DEV-RESEARCH-SWI-001,0,1,1,1,1,0.0,0.0,0,0,LOW,0
CFG-0007998,DEV-EMERGENCY-COR-022,0,1,1,1,1,0.0,0.0,1,0,LOW,0
CFG-0007999,DEV-PHARM-FIR-010,0,1,0,1,1,0.3,0.0,0,1,HIGH,2
CFG-0008000,DEV-ADMIN-VPN-021,0,1,1,1,1,0.0,0.0,0,0,LOW,0
CFG-0008001,DEV-CLINIC-EDG-048,0,1,1,1,1,0.0,0.0,0,0,LOW,0
CFG-0008002,DEV-PEDS-COR-019,0,1,1,1,1,0.0,0.0,0,0,LOW,0
CFG-0008003,DEV-PEDS-WIR-007,0,1,1,1,1,0.0,0.0,0,0,LOW,0
CFG-0008004,DEV-CLINIC-FIR-087,0,1,1,1,1,0.0,0.0,1,0,LOW,0
CFG-0008005,DEV-ONCOLOGY-WIR-037,0,1,0,1,1,0.3,0.0,0,1,HIGH,2
CFG-0008006,DEV-EMERGENCY-FIR-058,0,1,0,1,1,0.3,0.0,1,1,LOW,0
CFG-0008007,DEV-CLINIC-ACC-034,0,1,1,1,1,0.0,0.0,1,0,LOW,0
CFG-0008008,DEV-CARDIO-COR-063,1,1,1,1,1,0.4,0.0,0,1,HIGH,2
CFG-0008009,DEV-RESEARCH-EDG-057,0,1,1,1,1,0.0,0.0,0,0,LOW,0
CFG-0008010,DEV-CLINIC-FIR-087,0,1,1,1,1,0.0,0.0,1,0,LOW,0
CFG-0008011,DEV-MAIN-IOT-005,0,1,1,1,1,0.0,0.0,0,0,LOW,0
CFG-0008012,DEV-RESEARCH-SWI-001,0,1,1,1,1,0.0,0.0,1,0,LOW,0
CFG-0008013,DEV-ONCOLOGY-IOT-070,0,1,1,1,1,0.0,0.0,0,0,LOW,0
CFG-0008014,DEV-RESEARCH-FIR-086,0,1,1,1,1,0.0,0.0,0,0,LOW,0
CFG-0008015,DEV-DIAG-FIR-108,0,1,1,1,1,0.0,0.0,0,0,LOW,0
CFG-0008016,DEV-EMERGENCY-VPN-002,0,1,1,1,1,0.0,0.0,0,0,LOW,0
CFG-0008017,DEV-EMERGENCY-VPN-002,0,1,1,1,1,0.0,0.0,1,0,LOW,0
CFG-0008018,DEV-PHARM-VPN-047,0,1,1,1,0,0.0,0.5,1,0,LOW,0
CFG-0008019,DEV-PEDS-WIR-040,0,1,1,1,1,0.0,0.0,1,0,LOW,0
CFG-0008020,DEV-PEDS-VPN-025,0,1,1,0,1,0.0,0.5,0,1,MEDIUM,1
CFG-0008021,DEV-CARDIO-ACC-068,0,1,0,1,1,0.3,0.0,0,1,HIGH,2
CFG-0008022,DEV-RESEARCH-SWI-001,0,1,1,1,1,0.0,0.0,1,0,LOW,0
CFG-0008023,DEV-CARDIO-COR-063,0,1,1,1,1,0.0,0.0,1,0,LOW,0
CFG-0008024,DEV-EMERGENCY-SWI-099,0,1,1,1,1,0.0,0.0,1,0,LOW,0
CFG-0008025,DEV-RESEARCH-EDG-057,1,1,1,1,1,0.4,0.0,1,1,LOW,0
CFG-0008026,DEV-ONCOLOGY-IOT-070,0,1,1,1,1,0.0,0.0,1,0,LOW,0
CFG-0008027,DEV-ADMIN-VPN-021,0,1,1,1,0,0.0,0.5,0,0,LOW,0
CFG-0008028,DEV-CLINIC-ACC-033,0,1,1,1,1,0.0,0.0,0,0,LOW,0
CFG-0008029,DEV-CLINIC-VPN-051,0,1,1,1,1,0.0,0.0,0,0,LOW,0
CFG-0008030,DEV-DIAG-COR-009,0,1,1,1,0,0.0,0.5,1,0,LOW,0
CFG-0008031,DEV-PEDS-WIR-007,0,1,1,1,1,0.0,0.0,0,0,LOW,0
CFG-0008032,DEV-PHARM-EDG-038,0,1,1,1,1,0.0,0.0,1,0,LOW,0
CFG-0008033,DEV-CARDIO-ACC-008,1,1,1,1,1,0.4,0.0,0,1,HIGH,2
CFG-0008034,DEV-PEDS-FIR-069,0,1,1,1,1,0.0,0.0,0,0,LOW,0
CFG-0008035,DEV-CLINIC-WIR-097,0,1,1,1,1,0.0,0.0,0,0,LOW,0
CFG-0008036,DEV-RESEARCH-SWI-001,0,1,1,1,1,0.0,0.0,1,0,LOW,0
CFG-0008037,DEV-RESEARCH-FIR-056,0,1,1,1,1,0.0,0.0,0,0,LOW,0
CFG-0008038,DEV-PHARM-VPN-047,1,1,1,1,1,0.4,0.0,0,1,HIGH,2
CFG-0008039,DEV-ONCOLOGY-IOT-070,0,1,1,1,1,0.0,0.0,0,0,LOW,0
CFG-0008040,DEV-MAIN-EDG-014,0,1,1,1,1,0.0,0.0,0,0,LOW,0
CFG-0008041,DEV-RESEARCH-SWI-079,0,1,1,1,1,0.0,0.0,0,0,LOW,0
CFG-0008042,DEV-RESEARCH-FIR-086,1,1,1,1,1,0.4,0.0,1,1,LOW,0
CFG-0008043,DEV-EMERGENCY-IOT-015,0,1,1,0,1,0.0,0.5,1,1,LOW,0
CFG-0008044,DEV-DIAG-SWI-032,0,1,1,1,1,0.0,0.0,0,0,LOW,0
CFG-0008045,DEV-PHARM-ACC-083,0,1,0,1,1,0.3,0.0,1,1,LOW,0
CFG-0008046,DEV-CARDIO-ACC-008,0,1,1,1,1,0.0,0.0,0,0,LOW,0
CFG-0008047,DEV-CARDIO-VPN-011,0,1,1,1,1,0.0,0.0,0,0,LOW,0
CFG-0008048,DEV-CARDIO-ACC-008,0,1,1,1,1,0.0,0.0,1,0,LOW,0
CFG-0008049,DEV-MAIN-SWI-017,1,1,1,1,1,0.4,0.0,1,1,LOW,0
CFG-0008050,DEV-EMERGENCY-SWI-096,0,1,1,1,1,0.0,0.0,0,0,LOW,0
CFG-0008051,DEV-RESEARCH-FIR-031,0,1,1,1,1,0.0,0.0,0,0,LOW,0
CFG-0008052,DEV-MAIN-ACC-077,1,1,1,1,1,0.4,0.0,1,1,LOW,0
CFG-0008053,DEV-PHARM-VPN-102,1,1,1,1,1,0.4,0.0,0,1,HIGH,2
CFG-0008054,DEV-PHARM-VPN-047,0,1,1,1,1,0.0,0.0,0,0,LOW,0
CFG-0008055,DEV-RESEARCH-FIR-056,0,1,1,1,1,0.0,0.0,0,0,LOW,0
CFG-0008056,DEV-DIAG-SWI-032,0,1,1,1,1,0.0,0.0,0,0,LOW,0
CFG-0008057,DEV-ADMIN-EDG-050,0,1,1,1,1,0.0,0.0,0,0,LOW,0
CFG-0008058,DEV-CARDIO-ACC-068,0,1,1,1,1,0.0,0.0,0,0,LOW,0
CFG-0008059,DEV-DIAG-ACC-036,0,1,1,1,1,0.0,0.0,1,0,LOW,0
CFG-0008060,DEV-PEDS-ACC-104,0,1,1,1,0,0.0,0.5,1,0,LOW,0
CFG-0008061,DEV-RESEARCH-FIR-078,0,1,1,1,1,0.0,0.0,0,0,LOW,0
CFG-0008062,DEV-CLINIC-ACC-033,0,1,1,1,1,0.0,0.0,0,0,LOW,0
CFG-0008063,DEV-PHARM-EDG-038,1,1,1,1,1,0.4,0.0,0,1,HIGH,2
CFG-0008064,DEV-MAIN-EDG-014,0,1,1,0,1,0.0,0.5,0,1,MEDIUM,1
CFG-0008065,DEV-CLINIC-VPN-029,0,1,1,1,1,0.0,0.0,0,0,LOW,0
CFG-0008066,DEV-RESEARCH-EDG-057,0,1,1,1,1,0.0,0.0,1,0,LOW,0
CFG-0008067,DEV-CLINIC-ACC-109,0,1,1,1,1,0.0,0.0,0,0,LOW,0
CFG-0008068,DEV-CLINIC-IOT-041,0,1,1,1,0,0.0,0.5,0,0,LOW,0
CFG-0008069,DEV-EMERGENCY-VPN-002,0,1,0,1,1,0.3,0.0,1,1,LOW,0
CFG-0008071,DEV-ONCOLOGY-IOT-070,0,1,1,1,1,0.0,0.0,0,0,LOW,0
CFG-0008072,DEV-ONCOLOGY-ACC-016,0,1,1,1,1,0.0,0.0,1,0,LOW,0
CFG-0008073,DEV-ADMIN-IOT-003,0,1,1,1,1,0.0,0.0,0,0,LOW,0
CFG-0008074,DEV-ONCOLOGY-SWI-039,0,1,1,1,1,0.0,0.0,0,0,LOW,0
CFG-0008075,DEV-DIAG-WIR-084,0,1,1,1,1,0.0,0.0,0,0,LOW,0
CFG-0008076,DEV-PHARM-VPN-102,0,1,1,1,1,0.0,0.0,0,0,LOW,0
CFG-0008077,DEV-PEDS-FIR-069,0,1,1,1,1,0.0,0.0,0,0,LOW,0
CFG-0008078,DEV-MAIN-EDG-012,0,1,1,1,1,0.0,0.0,0,0,LOW,0
CFG-0008079,DEV-PHARM-VPN-102,0,1,1,0,1,0.0,0.5,0,1,MEDIUM,1
CFG-0008081,DEV-PEDS-COR-019,1,1,1,1,1,0.4,0.0,0,1,HIGH,2
CFG-0008082,DEV-MAIN-SWI-042,0,1,1,1,1,0.0,0.0,0,0,LOW,0
CFG-0008083,DEV-PHARM-VPN-004,0,1,1,1,1,0.0,0.0,0,0,LOW,0
CFG-0008084,DEV-EMERGENCY-IOT-073,0,1,1,1,1,0.0,0.0,1,0,LOW,0
CFG-0008085,DEV-CARDIO-IOT-006,0,1,0,1,1,0.3,0.0,0,1,HIGH,2
CFG-0008086,DEV-MAIN-ACC-090,0,1,0,1,1,0.3,0.0,1,1,LOW,0
CFG-0008087,DEV-CARDIO-FIR-088,0,1,1,1,1,0.0,0.0,1,0,LOW,0
CFG-0008088,DEV-ADMIN-IOT-003,0,1,1,1,1,0.0,0.0,1,0,LOW,0
CFG-0008089,DEV-EMERGENCY-IOT-073,0,1,1,0,1,0.0,0.5,0,1,MEDIUM,1
CFG-0008090,DEV-CLINIC-FIR-087,0,1,1,1,1,0.0,0.0,1,0,LOW,0
CFG-0008091,DEV-ONCOLOGY-WIR-037,0,1,1,1,0,0.0,0.5,0,0,LOW,0
CFG-0008092,DEV-RESEARCH-FIR-056,0,1,1,1,1,0.0,0.0,0,0,LOW,0
CFG-0008093,DEV-ADMIN-VPN-021,0,1,1,1,1,0.0,0.0,0,0,LOW,0
CFG-0008094,DEV-RESEARCH-FIR-056,0,1,1,1,1,0.0,0.0,1,0,LOW,0
CFG-0008095,DEV-ADMIN-WIR-013,1,1,1,1,1,0.4,0.0,1,1,LOW,0
CFG-0008096,DEV-RESEARCH-SWI-079,0,1,1,1,1,0.0,0.0,0,0,LOW,0
CFG-0008097,DEV-PEDS-WIR-040,0,1,1,0,1,0.0,0.5,0,1,MEDIUM,1
CFG-0008098,DEV-RESEARCH-SWI-020,0,1,1,1,1,0.0,0.0,0,0,LOW,0
CFG-0008099,DEV-ADMIN-FIR-093,1,1,1,1,1,0.4,0.0,0,1,HIGH,2
CFG-0008100,DEV-PHARM-VPN-004,0,1,1,1,1,0.0,0.0,0,0,LOW,0
CFG-0008101,DEV-PHARM-VPN-004,0,1,1,1,1,0.0,0.0,1,0,LOW,0
CFG-0008102,DEV-RESEARCH-SWI-020,0,1,1,1,1,0.0,0.0,0,0,LOW,0
CFG-0008103,DEV-PEDS-FIR-069,0,1,1,1,1,0.0,0.0,1,0,LOW,0
CFG-0008104,DEV-PEDS-COR-054,0,1,1,1,1,0.0,0.0,0,0,LOW,0
CFG-0008105,DEV-EMERGENCY-VPN-002,0,1,1,0,1,0.0,0.5,0,1,MEDIUM,1
CFG-0008106,DEV-MAIN-FIR-064,1,1,1,1,1,0.4,0.0,0,1,HIGH,2
CFG-0008107,DEV-CARDIO-ACC-008,0,1,1,1,1,0.0,0.0,0,0,LOW,0
CFG-0008108,DEV-MAIN-EDG-071,0,1,1,1,1,0.0,0.0,0,0,LOW,0
CFG-0008109,DEV-ADMIN-SWI-049,0,1,1,1,1,0.0,0.0,1,0,LOW,0
CFG-0008110,DEV-EMERGENCY-SWI-096,1,1,1,1,1,0.4,0.0,0,1,HIGH,2
CFG-0008111,DEV-CLINIC-EDG-048,1,1,1,1,1,0.4,0.0,1,1,LOW,0
CFG-0008112,DEV-CARDIO-ACC-008,0,1,1,1,1,0.0,0.0,1,0,LOW,0
CFG-0008113,DEV-CLINIC-VPN-029,0,1,1,1,1,0.0,0.0,0,0,LOW,0
CFG-0008115,DEV-PEDS-ACC-104,1,1,1,1,0,0.4,0.5,0,1,HIGH,2
CFG-0008116,DEV-MAIN-ACC-090,0,1,1,1,1,0.0,0.0,1,0,LOW,0
CFG-0008117,DEV-PHARM-VPN-047,0,1,1,1,1,0.0,0.0,1,0,LOW,0
CFG-0008118,DEV-ADMIN-FIR-024,0,1,1,0,1,0.0,0.5,0,1,MEDIUM,1
CFG-0008119,DEV-EMERGENCY-COR-022,0,1,0,1,1,0.3,0.0,0,1,HIGH,2
CFG-0008120,DEV-MAIN-EDG-014,1,1,1,1,1,0.4,0.0,0,1,HIGH,2
CFG-0008121,DEV-CARDIO-VPN-011,0,1,1,1,1,0.0,0.0,0,0,LOW,0
CFG-0008122,DEV-CLINIC-VPN-098,1,1,1,1,1,0.4,0.0,0,1,HIGH,2
CFG-0008123,DEV-CLINIC-VPN-051,0,1,1,1,1,0.0,0.0,0,0,LOW,0
CFG-0008124,DEV-RESEARCH-VPN-045,0,1,1,1,1,0.0,0.0,1,0,LOW,0
CFG-0008125,DEV-ONCOLOGY-SWI-039,0,1,0,1,1,0.3,0.0,0,1,HIGH,2
CFG-0008126,DEV-ONCOLOGY-SWI-039,0,1,1,1,1,0.0,0.0,0,0,LOW,0
CFG-0008127,DEV-MAIN-SWI-042,0,1,1,1,1,0.0,0.0,0,0,LOW,0
CFG-0008128,DEV-DIAG-SWI-032,0,1,1,1,1,0.0,0.0,0,0,LOW,0
CFG-0008129,DEV-EMERGENCY-SWI-096,0,1,1,1,1,0.0,0.0,0,0,LOW,0
CFG-0008130,DEV-ADMIN-VPN-021,0,1,1,1,1,0.0,0.0,0,0,LOW,0
CFG-0008131,DEV-RESEARCH-SWI-001,0,1,1,1,1,0.0,0.0,1,0,LOW,0
CFG-0008132,DEV-ONCOLOGY-WIR-037,0,1,1,1,1,0.0,0.0,0,0,LOW,0
CFG-0008133,DEV-MAIN-EDG-012,0,1,1,1,1,0.0,0.0,1,0,LOW,0
CFG-0008134,DEV-RESEARCH-EDG-055,1,1,1,1,1,0.4,0.0,0,1,HIGH,2
CFG-0008135,DEV-PEDS-VPN-025,0,1,1,1,1,0.0,0.0,0,0,LOW,0
CFG-0008136,DEV-CARDIO-IOT-006,0,1,1,1,0,0.0,0.5,0,0,LOW,0
CFG-0008137,DEV-RESEARCH-SWI-079,0,1,1,1,1,0.0,0.0,0,0,LOW,0
CFG-0008138,DEV-CARDIO-ACC-068,0,1,1,1,1,0.0,0.0,0,0,LOW,0
CFG-0008139,DEV-ADMIN-WIR-013,0,1,1,1,1,0.0,0.0,1,0,LOW,0
CFG-0008140,DEV-MAIN-SWI-017,1,1,1,1,1,0.4,0.0,0,1,HIGH,2
CFG-0008141,DEV-ONCOLOGY-WIR-037,0,1,1,1,1,0.0,0.0,0,0,LOW,0
CFG-0008142,DEV-CLINIC-SWI-082,1,1,1,1,1,0.4,0.0,0,1,HIGH,2
CFG-0008143,DEV-RESEARCH-VPN-045,0,1,1,1,1,0.0,0.0,1,0,LOW,0
CFG-0008144,DEV-ONCOLOGY-WIR-037,0,1,1,1,1,0.0,0.0,1,0,LOW,0
CFG-0008145,DEV-EMERGENCY-IOT-015,0,1,1,1,1,0.0,0.0,0,0,LOW,0
CFG-0008146,DEV-ONCOLOGY-WIR-037,0,1,1,1,1,0.0,0.0,0,0,LOW,0
CFG-0008147,DEV-ADMIN-SWI-049,0,1,1,1,1,0.0,0.0,0,0,LOW,0
CFG-0008148,DEV-ADMIN-WIR-013,0,1,1,0,1,0.0,0.5,0,1,MEDIUM,1
CFG-0008149,DEV-ONCOLOGY-IOT-070,0,1,1,1,1,0.0,0.0,0,0,LOW,0
CFG-0008150,DEV-CARDIO-SWI-062,0,1,1,1,1,0.0,0.0,0,0,LOW,0
CFG-0008151,DEV-ADMIN-VPN-021,0,1,1,1,1,0.0,0.0,1,0,LOW,0
CFG-0008152,DEV-CARDIO-IOT-110,0,1,1,1,1,0.0,0.0,0,0,LOW,0
CFG-0008153,DEV-DIAG-EDG-067,1,1,1,1,1,0.4,0.0,0,1,HIGH,2
CFG-0008154,DEV-RESEARCH-SWI-020,1,1,1,1,1,0.4,0.0,1,1,LOW,0
CFG-0008155,DEV-CLINIC-VPN-098,0,1,1,1,1,0.0,0.0,0,0,LOW,0
CFG-0008156,DEV-EMERGENCY-SWI-081,0,1,1,1,1,0.0,0.0,0,0,LOW,0
CFG-0008157,DEV-PHARM-FIR-101,0,1,1,1,1,0.0,0.0,0,0,LOW,0
CFG-0008158,DEV-EMERGENCY-VPN-002,0,1,0,1,1,0.3,0.0,1,1,LOW,0
CFG-0008159,DEV-ADMIN-SWI-049,1,1,1,1,1,0.4,0.0,0,1,HIGH,2
CFG-0008160,DEV-ADMIN-EDG-050,0,1,0,1,1,0.3,0.0,0,1,HIGH,2
CFG-0008161,DEV-DIAG-EDG-067,0,1,1,0,1,0.0,0.5,0,1,MEDIUM,1
CFG-0008162,DEV-ADMIN-IOT-003,0,1,1,1,1,0.0,0.0,1,0,LOW,0
CFG-0008163,DEV-MAIN-IOT-018,0,1,1,0,1,0.0,0.5,0,1,MEDIUM,1
CFG-0008164,DEV-ADMIN-IOT-003,1,1,1,0,1,0.4,0.5,1,2,LOW,0
CFG-0008165,DEV-CLINIC-ACC-034,0,1,1,1,1,0.0,0.0,0,0,LOW,0
CFG-0008166,DEV-CLINIC-ACC-034,0,1,1,1,1,0.0,0.0,0,0,LOW,0
CFG-0008167,DEV-ADMIN-EDG-050,0,1,1,1,0,0.0,0.5,0,0,LOW,0
CFG-0008168,DEV-ADMIN-COR-105,0,1,1,1,0,0.0,0.5,0,0,LOW,0
CFG-0008169,DEV-ADMIN-FIR-093,0,1,1,1,1,0.0,0.0,0,0,LOW,0
CFG-0008170,DEV-CLINIC-VPN-098,0,1,1,1,1,0.0,0.0,0,0,LOW,0
CFG-0008171,DEV-MAIN-FIR-091,0,1,1,1,1,0.0,0.0,0,0,LOW,0
CFG-0008172,DEV-MAIN-SWI-044,0,1,1,0,1,0.0,0.5,1,1,LOW,0
CFG-0008173,DEV-CLINIC-ACC-034,1,1,1,1,1,0.4,0.0,0,1,HIGH,2
CFG-0008174,DEV-PEDS-IOT-046,0,1,0,1,1,0.3,0.0,1,1,LOW,0
CFG-0008175,DEV-MAIN-SWI-042,0,1,1,1,0,0.0,0.5,0,0,LOW,0
CFG-0008176,DEV-CLINIC-IOT-041,0,1,1,1,1,0.0,0.0,1,0,LOW,0
CFG-0008177,DEV-MAIN-IOT-018,0,1,1,1,1,0.0,0.0,1,0,LOW,0
CFG-0008178,DEV-RESEARCH-FIR-031,0,1,1,1,1,0.0,0.0,0,0,LOW,0
CFG-0008179,DEV-ONCOLOGY-ACC-053,0,1,1,1,1,0.0,0.0,0,0,LOW,0
CFG-0008180,DEV-MAIN-SWI-042,0,1,1,1,1,0.0,0.0,1,0,LOW,0
CFG-0008181,DEV-MAIN-VPN-026,0,1,1,1,1,0.0,0.0,0,0,LOW,0
CFG-0008182,DEV-CLINIC-WIR-097,0,1,1,1,1,0.0,0.0,0,0,LOW,0
CFG-0008183,DEV-CLINIC-ACC-034,0,1,1,1,1,0.0,0.0,1,0,LOW,0
CFG-0008184,DEV-DIAG-COR-009,0,1,1,1,1,0.0,0.0,1,0,LOW,0
CFG-0008185,DEV-ONCOLOGY-FIR-061,0,1,1,1,1,0.0,0.0,0,0,LOW,0
CFG-0008186,DEV-RESEARCH-SWI-079,0,1,1,1,1,0.0,0.0,0,0,LOW,0
CFG-0008187,DEV-PEDS-WIR-007,0,1,1,0,1,0.0,0.5,1,1,LOW,0
CFG-0008188,DEV-RESEARCH-IOT-072,0,1,0,1,1,0.3,0.0,0,1,HIGH,2
CFG-0008189,DEV-ONCOLOGY-FIR-061,0,1,1,1,1,0.0,0.0,1,0,LOW,0
CFG-0008190,DEV-DIAG-SWI-092,0,1,1,1,1,0.0,0.0,0,0,LOW,0
CFG-0008191,DEV-RESEARCH-SWI-079,0,1,1,1,1,0.0,0.0,0,0,LOW,0
CFG-0008192,DEV-CLINIC-ACC-033,0,1,1,0,1,0.0,0.5,0,1,MEDIUM,1
CFG-0008193,DEV-PEDS-IOT-046,0,1,1,1,1,0.0,0.0,1,0,LOW,0
CFG-0008194,DEV-PEDS-WIR-095,0,1,1,1,1,0.0,0.0,0,0,LOW,0
CFG-0008195,DEV-ONCOLOGY-WIR-037,0,1,0,1,1,0.3,0.0,0,1,HIGH,2
CFG-0008196,DEV-MAIN-EDG-071,0,1,1,1,1,0.0,0.0,0,0,LOW,0
CFG-0008197,DEV-ONCOLOGY-SWI-039,0,1,1,1,1,0.0,0.0,0,0,LOW,0
CFG-0008198,DEV-CARDIO-IOT-006,0,1,1,1,1,0.0,0.0,0,0,LOW,0
CFG-0008199,DEV-PHARM-FIR-028,1,1,1,1,1,0.4,0.0,0,1,HIGH,2
CFG-0008200,DEV-EMERGENCY-SWI-096,0,1,1,1,1,0.0,0.0,0,0,LOW,0
CFG-0008201,DEV-MAIN-WIR-043,0,1,1,1,1,0.0,0.0,0,0,LOW,0
CFG-0008202,DEV-PEDS-IOT-046,0,1,1,1,1,0.0,0.0,0,0,LOW,0
CFG-0008203,DEV-MAIN-FIR-091,0,1,1,1,1,0.0,0.0,0,0,LOW,0
CFG-0008204,DEV-CARDIO-EDG-085,0,1,1,1,1,0.0,0.0,0,0,LOW,0
CFG-0008205,DEV-PHARM-VPN-023,1,1,1,1,1,0.4,0.0,0,1,HIGH,2
CFG-0008206,DEV-PHARM-COR-106,0,1,1,1,1,0.0,0.0,0,0,LOW,0
CFG-0008207,DEV-ADMIN-FIR-093,0,1,1,1,1,0.0,0.0,0,0,LOW,0
CFG-0008208,DEV-RESEARCH-IOT-072,0,1,1,1,1,0.0,0.0,1,0,LOW,0
CFG-0008209,DEV-PEDS-WIR-040,0,1,1,1,1,0.0,0.0,0,0,LOW,0
CFG-0008210,DEV-CLINIC-SWI-082,0,1,1,1,1,0.0,0.0,0,0,LOW,0
CFG-0008211,DEV-PHARM-ACC-083,0,1,1,1,1,0.0,0.0,0,0,LOW,0
CFG-0008212,DEV-CARDIO-ACC-068,0,1,1,1,1,0.0,0.0,0,0,LOW,0
CFG-0008213,DEV-PEDS-ACC-104,0,1,1,1,1,0.0,0.0,1,0,LOW,0
CFG-0008214,DEV-PHARM-VPN-047,0,1,1,1,1,0.0,0.0,0,0,LOW,0
CFG-0008215,DEV-PEDS-IOT-035,0,1,1,1,0,0.0,0.5,0,0,LOW,0
CFG-0008216,DEV-DIAG-ACC-036,1,1,1,1,1,0.4,0.0,0,1,HIGH,2
CFG-0008217,DEV-MAIN-SWI-042,0,1,1,1,1,0.0,0.0,1,0,LOW,0
CFG-0008218,DEV-EMERGENCY-COR-022,0,1,1,1,1,0.0,0.0,0,0,LOW,0
CFG-0008219,DEV-CARDIO-ACC-008,0,1,0,1,1,0.3,0.0,1,1,LOW,0
CFG-0008220,DEV-MAIN-EDG-071,0,1,1,1,1,0.0,0.0,1,0,LOW,0
CFG-0008221,DEV-CLINIC-VPN-051,0,1,1,1,1,0.0,0.0,0,0,LOW,0
CFG-0008222,DEV-CLINIC-EDG-048,0,1,1,1,0,0.0,0.5,0,0,LOW,0
CFG-0008223,DEV-CARDIO-EDG-085,0,1,1,1,1,0.0,0.0,0,0,LOW,0
CFG-0008224,DEV-RESEARCH-FIR-086,1,1,1,1,1,0.4,0.0,0,1,HIGH,2
CFG-0008225,DEV-ONCOLOGY-VPN-075,0,1,1,1,0,0.0,0.5,1,0,LOW,0
CFG-0008226,DEV-MAIN-ACC-077,0,1,1,1,1,0.0,0.0,0,0,LOW,0
CFG-0008227,DEV-DIAG-EDG-080,0,1,0,1,1,0.3,0.0,0,1,HIGH,2
CFG-0008228,DEV-ONCOLOGY-FIR-061,0,1,1,1,1,0.0,0.0,1,0,LOW,0
CFG-0008229,DEV-CARDIO-VPN-011,0,1,1,1,1,0.0,0.0,0,0,LOW,0
CFG-0008230,DEV-RESEARCH-FIR-078,0,1,1,1,1,0.0,0.0,0,0,LOW,0
CFG-0008231,DEV-PHARM-VPN-023,0,1,1,1,1,0.0,0.0,0,0,LOW,0
CFG-0008232,DEV-MAIN-FIR-091,0,1,1,1,1,0.0,0.0,0,0,LOW,0
CFG-0008233,DEV-RESEARCH-VPN-045,0,1,1,1,1,0.0,0.0,1,0,LOW,0
CFG-0008234,DEV-RESEARCH-SWI-020,0,1,1,1,1,0.0,0.0,0,0,LOW,0
CFG-0008235,DEV-CARDIO-IOT-006,0,1,1,1,1,0.0,0.0,0,0,LOW,0
CFG-0008236,DEV-ONCOLOGY-IOT-059,0,1,1,1,1,0.0,0.0,1,0,LOW,0
CFG-0008237,DEV-CLINIC-IOT-041,0,1,1,0,1,0.0,0.5,0,1,MEDIUM,1
CFG-0008238,DEV-PHARM-VPN-023,0,1,1,1,1,0.0,0.0,0,0,LOW,0
CFG-0008239,DEV-CLINIC-EDG-048,0,1,1,1,1,0.0,0.0,0,0,LOW,0
CFG-0008240,DEV-MAIN-FIR-064,0,1,1,1,1,0.0,0.0,1,0,LOW,0
CFG-0008241,DEV-CARDIO-SWI-062,1,1,1,1,1,0.4,0.0,0,1,HIGH,2
CFG-0008242,DEV-MAIN-WIR-043,0,1,1,0,1,0.0,0.5,0,1,MEDIUM,1
CFG-0008243,DEV-EMERGENCY-IOT-015,0,1,1,1,1,0.0,0.0,0,0,LOW,0
CFG-0008244,DEV-EMERGENCY-IOT-073,0,1,1,1,1,0.0,0.0,0,0,LOW,0
CFG-0008245,DEV-RESEARCH-EDG-055,1,1,1,1,1,0.4,0.0,0,1,HIGH,2
CFG-0008246,DEV-MAIN-EDG-012,0,1,1,1,1,0.0,0.0,0,0,LOW,0
CFG-0008247,DEV-CARDIO-COR-063,0,1,1,1,1,0.0,0.0,0,0,LOW,0
CFG-0008248,DEV-ADMIN-IOT-003,0,1,1,1,1,0.0,0.0,1,0,LOW,0
CFG-0008249,DEV-CARDIO-VPN-011,0,1,1,0,1,0.0,0.5,1,1,LOW,0
CFG-0008250,DEV-CLINIC-ACC-027,0,1,1,1,1,0.0,0.0,1,0,LOW,0
CFG-0008251,DEV-RESEARCH-FIR-056,0,1,1,1,1,0.0,0.0,0,0,LOW,0
CFG-0008252,DEV-DIAG-EDG-080,0,1,1,0,1,0.0,0.5,0,1,MEDIUM,1
CFG-0008253,DEV-ONCOLOGY-ACC-053,0,1,0,1,1,0.3,0.0,0,1,HIGH,2
CFG-0008254,DEV-RESEARCH-VPN-045,0,1,1,1,1,0.0,0.0,0,0,LOW,0
CFG-0008255,DEV-ONCOLOGY-VPN-075,0,1,1,1,1,0.0,0.0,1,0,LOW,0
CFG-0008256,DEV-EMERGENCY-SWI-081,0,1,1,1,1,0.0,0.0,1,0,LOW,0
CFG-0008257,DEV-PHARM-VPN-047,0,1,1,1,1,0.0,0.0,1,0,LOW,0
CFG-0008258,DEV-EMERGENCY-SWI-096,0,1,1,1,1,0.0,0.0,0,0,LOW,0
CFG-0008259,DEV-MAIN-EDG-014,1,1,1,1,1,0.4,0.0,1,1,LOW,0
CFG-0008260,DEV-CARDIO-ACC-068,0,1,1,1,1,0.0,0.0,0,0,LOW,0
CFG-0008261,DEV-PEDS-WIR-040,0,1,1,1,1,0.0,0.0,1,0,LOW,0
CFG-0008262,DEV-PEDS-WIR-095,0,1,1,1,1,0.0,0.0,0,0,LOW,0
CFG-0008263,DEV-CLINIC-ACC-109,0,1,1,0,1,0.0,0.5,1,1,LOW,0
CFG-0008264,DEV-DIAG-WIR-084,0,1,1,1,1,0.0,0.0,1,0,LOW,0
CFG-0008265,DEV-EMERGENCY-COR-065,0,1,1,1,1,0.0,0.0,1,0,LOW,0
CFG-0008266,DEV-EMERGENCY-VPN-002,0,1,1,1,1,0.0,0.0,0,0,LOW,0
CFG-0008267,DEV-EMERGENCY-FIR-058,0,1,1,1,1,0.0,0.0,1,0,LOW,0
CFG-0008268,DEV-MAIN-EDG-071,0,1,1,1,1,0.0,0.0,1,0,LOW,0
CFG-0008269,DEV-CLINIC-SWI-082,0,1,1,1,1,0.0,0.0,1,0,LOW,0
CFG-0008270,DEV-MAIN-SWI-044,0,1,1,1,1,0.0,0.0,1,0,LOW,0
CFG-0008271,DEV-CARDIO-VPN-011,0,1,1,1,1,0.0,0.0,0,0,LOW,0
CFG-0008272,DEV-PEDS-WIR-095,0,1,1,1,1,0.0,0.0,0,0,LOW,0
CFG-0008273,DEV-ONCOLOGY-IOT-070,0,1,1,1,1,0.0,0.0,0,0,LOW,0
CFG-0008274,DEV-ADMIN-EDG-050,0,1,1,1,1,0.0,0.0,0,0,LOW,0
CFG-0008275,DEV-PEDS-WIR-095,0,1,1,1,1,0.0,0.0,1,0,LOW,0
CFG-0008276,DEV-ONCOLOGY-VPN-075,0,1,0,1,1,0.3,0.0,0,1,HIGH,2
CFG-0008277,DEV-ADMIN-COR-105,0,1,1,1,0,0.0,0.5,0,0,LOW,0
CFG-0008278,DEV-EMERGENCY-SWI-052,0,1,1,1,1,0.0,0.0,1,0,LOW,0
CFG-0008279,DEV-CLINIC-ACC-033,0,1,1,1,1,0.0,0.0,0,0,LOW,0
CFG-0008280,DEV-RESEARCH-FIR-031,0,1,1,1,1,0.0,0.0,0,0,LOW,0
CFG-0008281,DEV-PEDS-WIR-095,0,1,1,1,1,0.0,0.0,1,0,LOW,0
CFG-0008282,DEV-ONCOLOGY-ACC-053,0,1,1,1,1,0.0,0.0,1,0,LOW,0
CFG-0008283,DEV-PEDS-FIR-069,0,1,1,1,1,0.0,0.0,0,0,LOW,0
CFG-0008284,DEV-ADMIN-COR-105,0,1,1,1,1,0.0,0.0,1,0,LOW,0
CFG-0008285,DEV-EMERGENCY-SWI-081,0,1,0,1,1,0.3,0.0,1,1,LOW,0
CFG-0008286,DEV-PHARM-EDG-038,1,1,1,1,1,0.4,0.0,0,1,HIGH,2
CFG-0008287,DEV-ADMIN-VPN-021,0,1,1,1,1,0.0,0.0,0,0,LOW,0
CFG-0008288,DEV-DIAG-FIR-108,0,1,1,0,1,0.0,0.5,0,1,MEDIUM,1
CFG-0008289,DEV-MAIN-EDG-014,0,1,1,1,1,0.0,0.0,0,0,LOW,0
CFG-0008290,DEV-EMERGENCY-COR-022,0,1,1,1,1,0.0,0.0,0,0,LOW,0
CFG-0008291,DEV-PEDS-FIR-069,0,1,1,1,1,0.0,0.0,0,0,LOW,0
CFG-0008292,DEV-EMERGENCY-VPN-094,0,1,1,1,1,0.0,0.0,1,0,LOW,0
CFG-0008293,DEV-PHARM-VPN-102,0,1,1,1,1,0.0,0.0,1,0,LOW,0
CFG-0008294,DEV-RESEARCH-SWI-020,0,1,1,1,1,0.0,0.0,0,0,LOW,0
CFG-0008295,DEV-PHARM-FIR-101,0,1,1,1,1,0.0,0.0,0,0,LOW,0
CFG-0008296,DEV-CARDIO-SWI-074,0,1,1,1,1,0.0,0.0,0,0,LOW,0
CFG-0008297,DEV-RESEARCH-SWI-079,0,1,1,1,1,0.0,0.0,0,0,LOW,0
CFG-0008298,DEV-MAIN-WIR-043,0,1,1,1,1,0.0,0.0,0,0,LOW,0
CFG-0008299,DEV-MAIN-IOT-018,0,1,1,1,1,0.0,0.0,0,0,LOW,0
CFG-0008300,DEV-MAIN-IOT-018,0,1,1,1,1,0.0,0.0,0,0,LOW,0
CFG-0008301,DEV-MAIN-EDG-014,0,1,1,1,1,0.0,0.0,0,0,LOW,0
CFG-0008302,DEV-CLINIC-IOT-041,0,1,1,1,1,0.0,0.0,0,0,LOW,0
CFG-0008303,DEV-CARDIO-IOT-006,0,1,1,1,1,0.0,0.0,1,0,LOW,0
CFG-0008304,DEV-EMERGENCY-IOT-073,0,1,1,1,1,0.0,0.0,0,0,LOW,0
CFG-0008305,DEV-PEDS-WIR-040,0,1,1,1,1,0.0,0.0,1,0,LOW,0
CFG-0008306,DEV-ONCOLOGY-FIR-061,0,1,1,1,1,0.0,0.0,0,0,LOW,0
CFG-0008307,DEV-MAIN-EDG-071,0,1,1,1,1,0.0,0.0,0,0,LOW,0
CFG-0008308,DEV-MAIN-SWI-044,0,1,1,1,1,0.0,0.0,0,0,LOW,0
CFG-0008309,DEV-DIAG-ACC-036,0,1,1,1,1,0.0,0.0,0,0,LOW,0
CFG-0008310,DEV-PHARM-FIR-010,0,1,1,1,1,0.0,0.0,0,0,LOW,0
CFG-0008311,DEV-PHARM-VPN-102,0,1,1,1,1,0.0,0.0,1,0,LOW,0
CFG-0008312,DEV-CARDIO-EDG-085,0,1,1,1,1,0.0,0.0,0,0,LOW,0
CFG-0008313,DEV-ONCOLOGY-SWI-039,0,1,1,1,0,0.0,0.5,0,0,LOW,0
CFG-0008314,DEV-EMERGENCY-SWI-096,0,1,1,1,1,0.0,0.0,0,0,LOW,0
CFG-0008315,DEV-ONCOLOGY-ACC-016,0,1,1,1,1,0.0,0.0,0,0,LOW,0
CFG-0008316,DEV-PEDS-VPN-025,0,1,1,1,1,0.0,0.0,0,0,LOW,0
CFG-0008317,DEV-MAIN-SWI-044,0,1,1,1,1,0.0,0.0,0,0,LOW,0
CFG-0008318,DEV-PHARM-FIR-101,0,1,1,0,1,0.0,0.5,1,1,LOW,0
CFG-0008319,DEV-CARDIO-COR-063,0,1,1,0,1,0.0,0.5,0,1,MEDIUM,1
CFG-0008320,DEV-ADMIN-FIR-024,0,1,1,1,1,0.0,0.0,0,0,LOW,0
CFG-0008321,DEV-EMERGENCY-FIR-058,0,1,1,1,1,0.0,0.0,0,0,LOW,0
CFG-0008322,DEV-RESEARCH-IOT-072,0,1,1,1,1,0.0,0.0,0,0,LOW,0
CFG-0008323,DEV-CARDIO-VPN-011,0,1,1,1,1,0.0,0.0,0,0,LOW,0
CFG-0008324,DEV-PHARM-VPN-004,0,1,1,0,1,0.0,0.5,0,1,MEDIUM,1
CFG-0008325,DEV-EMERGENCY-SWI-052,0,1,1,1,1,0.0,0.0,1,0,LOW,0
CFG-0008326,DEV-EMERGENCY-IOT-073,1,1,1,1,1,0.4,0.0,0,1,HIGH,2
CFG-0008327,DEV-RESEARCH-SWI-100,0,1,1,1,1,0.0,0.0,0,0,LOW,0
CFG-0008328,DEV-CARDIO-EDG-085,0,1,1,1,1,0.0,0.0,1,0,LOW,0
CFG-0008329,DEV-CARDIO-IOT-006,0,1,1,1,1,0.0,0.0,0,0,LOW,0
CFG-0008330,DEV-RESEARCH-FIR-086,0,1,1,1,1,0.0,0.0,0,0,LOW,0
CFG-0008331,DEV-ADMIN-VPN-021,0,1,1,1,1,0.0,0.0,0,0,LOW,0
CFG-0008332,DEV-PHARM-VPN-102,0,1,1,1,1,0.0,0.0,0,0,LOW,0
CFG-0008333,DEV-PEDS-WIR-095,0,1,1,1,1,0.0,0.0,1,0,LOW,0
CFG-0008334,DEV-EMERGENCY-COR-065,1,1,1,1,1,0.4,0.0,0,1,HIGH,2
CFG-0008335,DEV-DIAG-EDG-067,0,1,1,1,1,0.0,0.0,0,0,LOW,0
CFG-0008336,DEV-PHARM-VPN-047,0,1,1,1,1,0.0,0.0,0,0,LOW,0
CFG-0008337,DEV-DIAG-WIR-084,0,1,1,1,1,0.0,0.0,1,0,LOW,0
CFG-0008338,DEV-DIAG-EDG-067,0,1,1,1,1,0.0,0.0,0,0,LOW,0
CFG-0008339,DEV-ADMIN-WIR-013,0,1,1,1,1,0.0,0.0,1,0,LOW,0
CFG-0008340,DEV-MAIN-IOT-018,0,1,1,1,1,0.0,0.0,0,0,LOW,0
CFG-0008342,DEV-RESEARCH-SWI-079,0,1,1,1,1,0.0,0.0,1,0,LOW,0
CFG-0008343,DEV-RESEARCH-IOT-072,0,1,1,0,1,0.0,0.5,0,1,MEDIUM,1
CFG-0008344,DEV-ONCOLOGY-WIR-037,0,1,1,1,1,0.0,0.0,0,0,LOW,0
CFG-0008345,DEV-ADMIN-IOT-003,0,1,0,1,1,0.3,0.0,0,1,HIGH,2
CFG-0008346,DEV-RESEARCH-SWI-100,0,1,1,1,1,0.0,0.0,0,0,LOW,0
CFG-0008347,DEV-CARDIO-ACC-068,0,1,1,1,1,0.0,0.0,0,0,LOW,0
CFG-0008348,DEV-EMERGENCY-SWI-096,0,1,1,0,1,0.0,0.5,0,1,MEDIUM,1
CFG-0008349,DEV-PEDS-COR-054,1,1,1,1,1,0.4,0.0,0,1,HIGH,2
CFG-0008350,DEV-RESEARCH-SWI-020,0,1,1,1,1,0.0,0.0,1,0,LOW,0
CFG-0008351,DEV-PHARM-VPN-102,0,1,1,1,1,0.0,0.0,0,0,LOW,0
CFG-0008352,DEV-EMERGENCY-COR-065,0,1,1,1,1,0.0,0.0,0,0,LOW,0
CFG-0008353,DEV-EMERGENCY-SWI-099,0,1,1,1,1,0.0,0.0,1,0,LOW,0
CFG-0008354,DEV-EMERGENCY-FIR-058,0,1,0,1,1,0.3,0.0,0,1,HIGH,2
CFG-0008355,DEV-ADMIN-IOT-003,0,1,1,1,1,0.0,0.0,1,0,LOW,0
CFG-0008356,DEV-ADMIN-EDG-050,0,1,1,1,1,0.0,0.0,0,0,LOW,0
CFG-0008357,DEV-PHARM-FIR-101,0,1,1,1,1,0.0,0.0,0,0,LOW,0
CFG-0008358,DEV-CLINIC-IOT-041,0,1,1,1,1,0.0,0.0,0,0,LOW,0
CFG-0008359,DEV-RESEARCH-SWI-001,0,1,1,1,1,0.0,0.0,1,0,LOW,0
CFG-0008360,DEV-CARDIO-IOT-006,0,1,1,1,1,0.0,0.0,0,0,LOW,0
CFG-0008361,DEV-PHARM-VPN-004,0,1,1,1,1,0.0,0.0,0,0,LOW,0
CFG-0008362,DEV-CARDIO-SWI-074,0,1,0,1,1,0.3,0.0,1,1,LOW,0
CFG-0008363,DEV-PEDS-ACC-104,0,1,0,1,1,0.3,0.0,1,1,LOW,0
CFG-0008364,DEV-ONCOLOGY-IOT-070,0,1,1,1,1,0.0,0.0,0,0,LOW,0
CFG-0008365,DEV-ONCOLOGY-ACC-053,0,1,1,1,1,0.0,0.0,0,0,LOW,0
CFG-0008366,DEV-ONCOLOGY-ACC-053,0,1,1,1,0,0.0,0.5,0,0,LOW,0
CFG-0008367,DEV-ONCOLOGY-SWI-039,0,1,1,1,1,0.0,0.0,0,0,LOW,0
CFG-0008368,DEV-MAIN-SWI-044,0,1,1,1,1,0.0,0.0,1,0,LOW,0
CFG-0008369,DEV-RESEARCH-IOT-072,0,1,1,1,1,0.0,0.0,0,0,LOW,0
CFG-0008370,DEV-RESEARCH-FIR-086,0,1,1,1,1,0.0,0.0,1,0,LOW,0
CFG-0008371,DEV-EMERGENCY-SWI-052,0,1,1,1,1,0.0,0.0,1,0,LOW,0
CFG-0008372,DEV-ADMIN-IOT-003,0,1,1,1,1,0.0,0.0,0,0,LOW,0
CFG-0008373,DEV-ONCOLOGY-WIR-037,0,1,1,1,1,0.0,0.0,0,0,LOW,0
CFG-0008374,DEV-CLINIC-FIR-087,0,1,1,1,1,0.0,0.0,1,0,LOW,0
CFG-0008375,DEV-EMERGENCY-SWI-081,0,1,1,1,1,0.0,0.0,1,0,LOW,0
CFG-0008376,DEV-DIAG-ACC-036,0,1,1,1,0,0.0,0.5,0,0,LOW,0
CFG-0008377,DEV-ADMIN-EDG-050,0,1,1,1,1,0.0,0.0,1,0,LOW,0
CFG-0008378,DEV-PHARM-IOT-107,0,1,1,1,1,0.0,0.0,0,0,LOW,0
CFG-0008379,DEV-ONCOLOGY-ACC-053,0,1,1,0,1,0.0,0.5,1,1,LOW,0
CFG-0008380,DEV-RESEARCH-FIR-031,0,1,1,1,1,0.0,0.0,0,0,LOW,0
CFG-0008381,DEV-EMERGENCY-COR-065,0,1,1,1,1,0.0,0.0,0,0,LOW,0
CFG-0008382,DEV-EMERGENCY-VPN-002,0,1,1,1,1,0.0,0.0,0,0,LOW,0
CFG-0008383,DEV-EMERGENCY-FIR-030,0,1,1,1,1,0.0,0.0,0,0,LOW,0
CFG-0008384,DEV-EMERGENCY-SWI-081,0,1,1,1,1,0.0,0.0,0,0,LOW,0
CFG-0008385,DEV-CLINIC-VPN-098,0,1,0,1,1,0.3,0.0,1,1,LOW,0
CFG-0008387,DEV-RESEARCH-FIR-031,0,1,1,1,1,0.0,0.0,0,0,LOW,0
CFG-0008388,DEV-EMERGENCY-COR-022,0,1,1,1,1,0.0,0.0,1,0,LOW,0
CFG-0008389,DEV-PHARM-EDG-038,0,1,1,1,1,0.0,0.0,0,0,LOW,0
CFG-0008390,DEV-CLINIC-IOT-041,0,1,1,1,1,0.0,0.0,0,0,LOW,0
CFG-0008391,DEV-MAIN-EDG-014,0,1,1,1,1,0.0,0.0,0,0,LOW,0
CFG-0008392,DEV-PHARM-COR-106,0,1,1,1,1,0.0,0.0,0,0,LOW,0
CFG-0008393,DEV-EMERGENCY-SWI-081,0,1,1,0,1,0.0,0.5,0,1,MEDIUM,1
CFG-0008394,DEV-EMERGENCY-SWI-052,0,1,1,1,0,0.0,0.5,0,0,LOW,0
CFG-0008395,DEV-CLINIC-WIR-097,0,1,1,1,1,0.0,0.0,0,0,LOW,0
CFG-0008396,DEV-CLINIC-WIR-097,0,1,1,1,1,0.0,0.0,0,0,LOW,0
CFG-0008397,DEV-RESEARCH-SWI-001,0,1,1,1,1,0.0,0.0,0,0,LOW,0
CFG-0008398,DEV-RESEARCH-EDG-055,0,1,1,1,1,0.0,0.0,0,0,LOW,0
CFG-0008399,DEV-CLINIC-IOT-041,0,1,1,0,1,0.0,0.5,1,1,LOW,0
CFG-0008400,DEV-CARDIO-IOT-006,1,1,1,1,1,0.4,0.0,0,1,HIGH,2
CFG-0008401,DEV-EMERGENCY-FIR-030,0,1,1,1,1,0.0,0.0,1,0,LOW,0
CFG-0008402,DEV-RESEARCH-FIR-031,0,1,1,1,1,0.0,0.0,0,0,LOW,0
CFG-0008403,DEV-CLINIC-ACC-033,0,1,1,1,1,0.0,0.0,0,0,LOW,0
CFG-0008404,DEV-ONCOLOGY-IOT-070,1,1,1,1,1,0.4,0.0,1,1,LOW,0
CFG-0008405,DEV-CLINIC-VPN-098,0,1,0,1,1,0.3,0.0,0,1,HIGH,2
CFG-0008406,DEV-PEDS-COR-019,0,1,1,1,1,0.0,0.0,0,0,LOW,0
CFG-0008407,DEV-CLINIC-IOT-041,0,1,1,1,1,0.0,0.0,1,0,LOW,0
CFG-0008408,DEV-PEDS-IOT-035,0,1,1,1,1,0.0,0.0,0,0,LOW,0
CFG-0008409,DEV-ONCOLOGY-VPN-075,0,1,1,1,1,0.0,0.0,0,0,LOW,0
CFG-0008410,DEV-PEDS-ACC-104,0,1,1,0,1,0.0,0.5,1,1,LOW,0
CFG-0008411,DEV-PEDS-IOT-035,0,1,1,1,1,0.0,0.0,0,0,LOW,0
CFG-0008412,DEV-PHARM-FIR-101,0,1,1,1,1,0.0,0.0,0,0,LOW,0
CFG-0008413,DEV-PEDS-WIR-040,0,1,0,1,1,0.3,0.0,0,1,HIGH,2
CFG-0008414,DEV-MAIN-ACC-090,0,1,1,1,1,0.0,0.0,0,0,LOW,0
CFG-0008415,DEV-ADMIN-EDG-050,0,1,1,0,1,0.0,0.5,0,1,MEDIUM,1
CFG-0008416,DEV-RESEARCH-VPN-045,0,1,1,1,1,0.0,0.0,0,0,LOW,0
CFG-0008417,DEV-ADMIN-FIR-024,1,1,1,1,1,0.4,0.0,1,1,LOW,0
CFG-0008418,DEV-RESEARCH-IOT-072,0,1,1,1,1,0.0,0.0,0,0,LOW,0
CFG-0008419,DEV-DIAG-FIR-108,0,1,1,1,1,0.0,0.0,0,0,LOW,0
CFG-0008420,DEV-CARDIO-IOT-006,0,1,1,1,1,0.0,0.0,0,0,LOW,0
CFG-0008421,DEV-RESEARCH-SWI-001,0,1,1,1,1,0.0,0.0,1,0,LOW,0
CFG-0008422,DEV-MAIN-FIR-091,0,1,1,1,1,0.0,0.0,1,0,LOW,0
CFG-0008423,DEV-CLINIC-ACC-033,0,1,1,1,1,0.0,0.0,0,0,LOW,0
CFG-0008424,DEV-EMERGENCY-SWI-096,0,1,1,0,1,0.0,0.5,0,1,MEDIUM,1
CFG-0008425,DEV-CARDIO-COR-063,1,1,1,1,1,0.4,0.0,1,1,LOW,0
CFG-0008426,DEV-EMERGENCY-SWI-081,1,1,1,1,1,0.4,0.0,1,1,LOW,0
CFG-0008427,DEV-PHARM-ACC-083,0,1,1,1,1,0.0,0.0,0,0,LOW,0
CFG-0008428,DEV-ADMIN-EDG-050,0,1,1,1,1,0.0,0.0,0,0,LOW,0
CFG-0008429,DEV-CLINIC-ACC-027,0,1,0,1,1,0.3,0.0,1,1,LOW,0
CFG-0008430,DEV-CARDIO-FIR-088,0,1,1,1,1,0.0,0.0,1,0,LOW,0
CFG-0008431,DEV-RESEARCH-SWI-001,0,1,1,1,1,0.0,0.0,1,0,LOW,0
CFG-0008432,DEV-EMERGENCY-FIR-030,0,1,1,1,1,0.0,0.0,0,0,LOW,0
CFG-0008433,DEV-CARDIO-FIR-089,0,1,1,1,1,0.0,0.0,0,0,LOW,0
CFG-0008434,DEV-ADMIN-IOT-003,0,1,1,1,1,0.0,0.0,1,0,LOW,0
CFG-0008435,DEV-ONCOLOGY-IOT-059,0,1,1,1,1,0.0,0.0,1,0,LOW,0
CFG-0008436,DEV-PHARM-VPN-023,1,1,1,1,1,0.4,0.0,0,1,HIGH,2
CFG-0008437,DEV-MAIN-IOT-005,0,1,1,1,1,0.0,0.0,0,0,LOW,0
CFG-0008438,DEV-ADMIN-COR-105,0,1,1,1,1,0.0,0.0,0,0,LOW,0
CFG-0008439,DEV-MAIN-SWI-044,0,1,1,1,1,0.0,0.0,0,0,LOW,0
CFG-0008440,DEV-MAIN-SWI-044,0,1,1,1,1,0.0,0.0,1,0,LOW,0
CFG-0008441,DEV-RESEARCH-SWI-020,0,1,1,1,1,0.0,0.0,1,0,LOW,0
CFG-0008442,DEV-PEDS-COR-019,0,1,1,1,1,0.0,0.0,0,0,LOW,0
CFG-0008443,DEV-CLINIC-VPN-098,0,1,1,1,1,0.0,0.0,0,0,LOW,0
CFG-0008444,DEV-ADMIN-IOT-003,0,1,1,1,1,0.0,0.0,1,0,LOW,0
CFG-0008445,DEV-CLINIC-VPN-029,0,1,1,1,1,0.0,0.0,1,0,LOW,0
CFG-0008446,DEV-ONCOLOGY-VPN-075,0,1,1,1,1,0.0,0.0,0,0,LOW,0
CFG-0008447,DEV-ONCOLOGY-ACC-053,0,1,1,0,1,0.0,0.5,1,1,LOW,0
CFG-0008448,DEV-CLINIC-ACC-034,0,1,1,1,1,0.0,0.0,0,0,LOW,0
CFG-0008449,DEV-CLINIC-ACC-033,0,1,1,1,1,0.0,0.0,0,0,LOW,0
CFG-0008450,DEV-EMERGENCY-FIR-030,0,1,1,1,1,0.0,0.0,0,0,LOW,0
CFG-0008451,DEV-PHARM-IOT-107,0,1,1,1,1,0.0,0.0,0,0,LOW,0
CFG-0008452,DEV-RESEARCH-FIR-031,0,1,1,1,1,0.0,0.0,0,0,LOW,0
CFG-0008453,DEV-ADMIN-IOT-003,0,1,1,1,1,0.0,0.0,1,0,LOW,0
CFG-0008454,DEV-EMERGENCY-VPN-002,0,1,1,1,1,0.0,0.0,1,0,LOW,0
CFG-0008455,DEV-PEDS-IOT-046,0,1,1,1,1,0.0,0.0,0,0,LOW,0
CFG-0008456,DEV-PHARM-FIR-010,0,1,0,1,1,0.3,0.0,0,1,HIGH,2
CFG-0008457,DEV-ONCOLOGY-WIR-037,0,1,1,1,1,0.0,0.0,1,0,LOW,0
CFG-0008458,DEV-PHARM-ACC-083,0,1,1,1,0,0.0,0.5,1,0,LOW,0
CFG-0008459,DEV-CLINIC-VPN-029,0,1,1,1,1,0.0,0.0,1,0,LOW,0
CFG-0008460,DEV-CLINIC-EDG-048,0,1,1,1,1,0.0,0.0,0,0,LOW,0
CFG-0008461,DEV-ADMIN-FIR-093,0,1,1,1,1,0.0,0.0,0,0,LOW,0
CFG-0008462,DEV-ADMIN-IOT-003,1,1,1,1,1,0.4,0.0,1,1,LOW,0
CFG-0008463,DEV-DIAG-EDG-067,0,1,1,1,1,0.0,0.0,0,0,LOW,0
CFG-0008464,DEV-RESEARCH-VPN-045,0,1,1,1,1,0.0,0.0,1,0,LOW,0
CFG-0008465,DEV-ADMIN-COR-105,0,1,1,1,1,0.0,0.0,1,0,LOW,0
CFG-0008466,DEV-EMERGENCY-SWI-066,0,1,1,1,1,0.0,0.0,0,0,LOW,0
CFG-0008467,DEV-ADMIN-IOT-003,1,1,1,1,1,0.4,0.0,1,1,LOW,0
CFG-0008468,DEV-CLINIC-SWI-082,0,1,0,1,1,0.3,0.0,1,1,LOW,0
CFG-0008469,DEV-MAIN-FIR-064,0,1,0,1,1,0.3,0.0,1,1,LOW,0
CFG-0008470,DEV-PHARM-VPN-004,0,1,0,1,1,0.3,0.0,1,1,LOW,0
CFG-0008471,DEV-ADMIN-EDG-050,0,1,1,1,1,0.0,0.0,1,0,LOW,0
CFG-0008472,DEV-CARDIO-IOT-110,0,1,1,0,1,0.0,0.5,0,1,MEDIUM,1
CFG-0008473,DEV-RESEARCH-SWI-079,1,1,1,1,1,0.4,0.0,0,1,HIGH,2
CFG-0008474,DEV-DIAG-COR-009,0,1,1,1,1,0.0,0.0,0,0,LOW,0
CFG-0008475,DEV-ADMIN-WIR-013,0,1,0,1,1,0.3,0.0,0,1,HIGH,2
CFG-0008476,DEV-PHARM-ACC-083,0,1,0,1,1,0.3,0.0,0,1,HIGH,2
CFG-0008477,DEV-PEDS-COR-054,0,1,1,1,1,0.0,0.0,0,0,LOW,0
CFG-0008478,DEV-DIAG-EDG-067,0,1,1,1,1,0.0,0.0,0,0,LOW,0
CFG-0008479,DEV-DIAG-COR-009,0,1,1,1,1,0.0,0.0,0,0,LOW,0
CFG-0008480,DEV-ADMIN-FIR-093,0,1,1,1,1,0.0,0.0,1,0,LOW,0
CFG-0008481,DEV-PEDS-COR-019,0,1,1,1,1,0.0,0.0,0,0,LOW,0
CFG-0008482,DEV-CLINIC-ACC-033,0,1,1,1,1,0.0,0.0,0,0,LOW,0
CFG-0008483,DEV-ONCOLOGY-SWI-039,0,1,1,1,1,0.0,0.0,0,0,LOW,0
CFG-0008484,DEV-RESEARCH-FIR-031,0,1,1,1,1,0.0,0.0,1,0,LOW,0
CFG-0008485,DEV-CLINIC-EDG-048,0,1,1,0,1,0.0,0.5,0,1,MEDIUM,1
CFG-0008486,DEV-PEDS-VPN-025,0,1,0,1,1,0.3,0.0,0,1,HIGH,2
CFG-0008487,DEV-ADMIN-EDG-050,0,1,1,1,0,0.0,0.5,0,0,LOW,0
CFG-0008488,DEV-MAIN-FIR-064,0,1,1,1,0,0.0,0.5,0,0,LOW,0
CFG-0008489,DEV-RESEARCH-SWI-100,0,1,1,1,1,0.0,0.0,0,0,LOW,0
CFG-0008490,DEV-PEDS-COR-019,0,1,1,1,1,0.0,0.0,0,0,LOW,0
CFG-0008491,DEV-PEDS-WIR-007,1,1,1,1,1,0.4,0.0,0,1,HIGH,2
CFG-0008492,DEV-PHARM-VPN-004,0,1,1,1,1,0.0,0.0,1,0,LOW,0
CFG-0008493,DEV-EMERGENCY-COR-022,0,1,1,1,1,0.0,0.0,0,0,LOW,0
CFG-0008494,DEV-MAIN-SWI-042,1,1,1,1,1,0.4,0.0,1,1,LOW,0
CFG-0008495,DEV-MAIN-SWI-042,0,1,1,1,1,0.0,0.0,0,0,LOW,0
CFG-0008496,DEV-ONCOLOGY-WIR-037,0,1,1,1,1,0.0,0.0,0,0,LOW,0
CFG-0008497,DEV-CARDIO-IOT-006,0,1,1,1,1,0.0,0.0,0,0,LOW,0
CFG-0008498,DEV-ONCOLOGY-ACC-053,0,1,1,1,1,0.0,0.0,0,0,LOW,0
CFG-0008499,DEV-CARDIO-FIR-089,0,1,1,1,1,0.0,0.0,0,0,LOW,0
CFG-0008500,DEV-EMERGENCY-COR-022,0,1,1,1,1,0.0,0.0,0,0,LOW,0
CFG-0008501,DEV-ONCOLOGY-WIR-037,0,1,1,1,1,0.0,0.0,1,0,LOW,0
CFG-0008502,DEV-RESEARCH-IOT-072,1,1,1,1,1,0.4,0.0,0,1,HIGH,2
CFG-0008503,DEV-PHARM-IOT-107,0,1,1,1,1,0.0,0.0,0,0,LOW,0
CFG-0008504,DEV-CLINIC-FIR-087,0,1,1,1,1,0.0,0.0,0,0,LOW,0
CFG-0008505,DEV-PEDS-VPN-025,0,1,1,1,1,0.0,0.0,0,0,LOW,0
CFG-0008506,DEV-RESEARCH-SWI-001,0,1,1,1,1,0.0,0.0,0,0,LOW,0
CFG-0008507,DEV-PEDS-WIR-007,0,1,1,1,1,0.0,0.0,0,0,LOW,0
CFG-0008508,DEV-CLINIC-WIR-097,0,1,1,0,1,0.0,0.5,0,1,MEDIUM,1
CFG-0008509,DEV-PHARM-VPN-004,0,1,1,1,1,0.0,0.0,1,0,LOW,0
CFG-0008510,DEV-ONCOLOGY-IOT-059,0,1,1,1,1,0.0,0.0,1,0,LOW,0
CFG-0008511,DEV-CLINIC-ACC-033,0,1,1,1,1,0.0,0.0,0,0,LOW,0
CFG-0008512,DEV-ADMIN-COR-105,0,1,1,1,1,0.0,0.0,0,0,LOW,0
CFG-0008513,DEV-RESEARCH-FIR-078,1,1,1,1,1,0.4,0.0,0,1,HIGH,2
CFG-0008514,DEV-ADMIN-VPN-021,0,1,1,1,1,0.0,0.0,0,0,LOW,0
CFG-0008515,DEV-RESEARCH-SWI-020,0,1,1,1,1,0.0,0.0,1,0,LOW,0
CFG-0008516,DEV-EMERGENCY-VPN-094,0,1,1,1,1,0.0,0.0,0,0,LOW,0
CFG-0008517,DEV-CARDIO-IOT-006,0,1,1,1,1,0.0,0.0,0,0,LOW,0
CFG-0008518,DEV-PHARM-VPN-047,0,1,1,1,0,0.0,0.5,0,0,LOW,0
CFG-0008519,DEV-RESEARCH-IOT-072,0,1,1,1,1,0.0,0.0,0,0,LOW,0
CFG-0008520,DEV-ONCOLOGY-ACC-016,0,1,1,0,1,0.0,0.5,1,1,LOW,0
CFG-0008521,DEV-MAIN-EDG-012,1,1,1,1,1,0.4,0.0,1,1,LOW,0
CFG-0008522,DEV-MAIN-EDG-071,0,1,1,1,1,0.0,0.0,0,0,LOW,0
CFG-0008523,DEV-PHARM-COR-106,0,1,1,1,0,0.0,0.5,0,0,LOW,0
CFG-0008524,DEV-PHARM-VPN-047,0,1,1,1,1,0.0,0.0,0,0,LOW,0
CFG-0008525,DEV-CARDIO-SWI-074,0,1,1,1,1,0.0,0.0,0,0,LOW,0
CFG-0008526,DEV-CLINIC-IOT-041,0,1,1,1,1,0.0,0.0,0,0,LOW,0
CFG-0008527,DEV-RESEARCH-FIR-086,0,1,1,1,1,0.0,0.0,0,0,LOW,0
CFG-0008528,DEV-ONCOLOGY-IOT-059,0,1,1,1,1,0.0,0.0,0,0,LOW,0
CFG-0008529,DEV-ONCOLOGY-ACC-053,0,1,1,1,1,0.0,0.0,1,0,LOW,0
CFG-0008530,DEV-PEDS-IOT-035,0,1,1,1,1,0.0,0.0,0,0,LOW,0
CFG-0008531,DEV-EMERGENCY-VPN-094,0,1,0,1,1,0.3,0.0,0,1,HIGH,2
CFG-0008532,DEV-RESEARCH-FIR-056,0,1,1,1,0,0.0,0.5,1,0,LOW,0
CFG-0008533,DEV-EMERGENCY-COR-065,0,1,1,1,1,0.0,0.0,1,0,LOW,0
CFG-0008534,DEV-DIAG-ACC-036,0,1,1,1,1,0.0,0.0,0,0,LOW,0
CFG-0008535,DEV-CLINIC-VPN-051,0,1,1,1,1,0.0,0.0,0,0,LOW,0
CFG-0008536,DEV-DIAG-WIR-084,0,1,1,1,1,0.0,0.0,0,0,LOW,0
CFG-0008537,DEV-MAIN-IOT-005,0,1,1,1,1,0.0,0.0,0,0,LOW,0
CFG-0008538,DEV-MAIN-ACC-090,0,1,1,1,1,0.0,0.0,0,0,LOW,0
CFG-0008539,DEV-RESEARCH-SWI-079,0,1,1,1,1,0.0,0.0,0,0,LOW,0
CFG-0008540,DEV-CARDIO-FIR-089,0,1,1,1,1,0.0,0.0,1,0,LOW,0
CFG-0008541,DEV-PHARM-ACC-083,0,1,1,1,1,0.0,0.0,0,0,LOW,0
CFG-0008542,DEV-CARDIO-FIR-088,0,1,0,1,1,0.3,0.0,1,1,LOW,0
CFG-0008543,DEV-EMERGENCY-SWI-052,1,1,1,1,1,0.4,0.0,0,1,HIGH,2
CFG-0008544,DEV-PHARM-VPN-023,0,1,1,1,1,0.0,0.0,0,0,LOW,0
CFG-0008545,DEV-ONCOLOGY-IOT-059,0,1,1,1,1,0.0,0.0,0,0,LOW,0
CFG-0008546,DEV-MAIN-FIR-091,0,1,1,1,1,0.0,0.0,1,0,LOW,0
CFG-0008547,DEV-DIAG-EDG-067,0,1,1,1,1,0.0,0.0,1,0,LOW,0
CFG-0008548,DEV-ONCOLOGY-IOT-059,0,1,1,0,1,0.0,0.5,0,1,MEDIUM,1
CFG-0008549,DEV-MAIN-SWI-042,0,1,1,1,1,0.0,0.0,1,0,LOW,0
CFG-0008550,DEV-ADMIN-FIR-093,1,1,1,1,1,0.4,0.0,1,1,LOW,0
CFG-0008551,DEV-CARDIO-EDG-085,0,1,1,1,1,0.0,0.0,0,0,LOW,0
CFG-0008552,DEV-EMERGENCY-COR-022,0,1,1,0,1,0.0,0.5,1,1,LOW,0
CFG-0008553,DEV-PEDS-ACC-104,0,1,1,1,1,0.0,0.0,1,0,LOW,0
CFG-0008554,DEV-ADMIN-IOT-003,0,1,1,1,1,0.0,0.0,0,0,LOW,0
CFG-0008555,DEV-PHARM-FIR-010,0,1,1,1,1,0.0,0.0,0,0,LOW,0
CFG-0008556,DEV-DIAG-ACC-036,1,1,1,1,1,0.4,0.0,0,1,HIGH,2
CFG-0008557,DEV-MAIN-SWI-017,0,1,1,1,1,0.0,0.0,1,0,LOW,0
CFG-0008558,DEV-MAIN-EDG-012,0,1,1,1,1,0.0,0.0,0,0,LOW,0
CFG-0008559,DEV-ADMIN-SWI-049,0,1,0,1,1,0.3,0.0,1,1,LOW,0
CFG-0008560,DEV-EMERGENCY-COR-065,0,1,1,1,1,0.0,0.0,1,0,LOW,0
CFG-0008561,DEV-EMERGENCY-COR-022,0,1,1,1,1,0.0,0.0,0,0,LOW,0
CFG-0008562,DEV-CARDIO-ACC-068,0,1,1,1,1,0.0,0.0,1,0,LOW,0
CFG-0008563,DEV-DIAG-COR-009,0,1,1,1,1,0.0,0.0,0,0,LOW,0
CFG-0008564,DEV-MAIN-ACC-077,0,1,1,1,1,0.0,0.0,0,0,LOW,0
CFG-0008565,DEV-RESEARCH-SWI-079,0,1,1,1,1,0.0,0.0,0,0,LOW,0
CFG-0008566,DEV-CARDIO-VPN-011,0,1,1,1,1,0.0,0.0,0,0,LOW,0
CFG-0008567,DEV-CARDIO-IOT-110,0,1,1,1,1,0.0,0.0,0,0,LOW,0
CFG-0008568,DEV-ADMIN-IOT-003,0,1,1,1,1,0.0,0.0,1,0,LOW,0
CFG-0008569,DEV-EMERGENCY-SWI-052,0,1,1,1,1,0.0,0.0,1,0,LOW,0
CFG-0008570,DEV-CLINIC-FIR-087,0,1,1,1,1,0.0,0.0,0,0,LOW,0
CFG-0008571,DEV-MAIN-FIR-064,1,1,1,1,1,0.4,0.0,0,1,HIGH,2
CFG-0008572,DEV-MAIN-EDG-014,0,1,1,0,1,0.0,0.5,0,1,MEDIUM,1
CFG-0008573,DEV-EMERGENCY-COR-022,0,1,1,1,1,0.0,0.0,0,0,LOW,0
CFG-0008574,DEV-MAIN-SWI-044,0,1,1,1,1,0.0,0.0,1,0,LOW,0
CFG-0008575,DEV-CLINIC-VPN-029,0,1,1,1,0,0.0,0.5,0,0,LOW,0
CFG-0008576,DEV-PEDS-COR-054,0,1,1,1,1,0.0,0.0,0,0,LOW,0
CFG-0008577,DEV-EMERGENCY-SWI-052,0,1,1,1,0,0.0,0.5,1,0,LOW,0
CFG-0008578,DEV-DIAG-FIR-108,0,1,1,1,1,0.0,0.0,0,0,LOW,0
CFG-0008579,DEV-EMERGENCY-COR-022,0,1,1,1,1,0.0,0.0,1,0,LOW,0
CFG-0008580,DEV-EMERGENCY-SWI-096,1,1,1,1,1,0.4,0.0,0,1,HIGH,2
CFG-0008581,DEV-MAIN-EDG-071,0,1,1,1,1,0.0,0.0,0,0,LOW,0
CFG-0008582,DEV-DIAG-COR-009,1,1,1,1,1,0.4,0.0,0,1,HIGH,2
CFG-0008583,DEV-ONCOLOGY-VPN-075,0,1,1,1,1,0.0,0.0,0,0,LOW,0
CFG-0008584,DEV-CARDIO-EDG-085,0,1,1,1,1,0.0,0.0,1,0,LOW,0
CFG-0008585,DEV-DIAG-EDG-067,0,1,1,1,1,0.0,0.0,0,0,LOW,0
CFG-0008586,DEV-PHARM-VPN-023,0,1,1,1,1,0.0,0.0,1,0,LOW,0
CFG-0008587,DEV-EMERGENCY-VPN-094,0,1,1,1,1,0.0,0.0,0,0,LOW,0
CFG-0008588,DEV-RESEARCH-FIR-086,1,1,1,1,1,0.4,0.0,0,1,HIGH,2
CFG-0008590,DEV-MAIN-IOT-018,0,1,1,1,1,0.0,0.0,0,0,LOW,0
CFG-0008591,DEV-ADMIN-FIR-093,0,1,1,1,1,0.0,0.0,0,0,LOW,0
CFG-0008592,DEV-PEDS-FIR-069,0,1,1,1,1,0.0,0.0,1,0,LOW,0
CFG-0008593,DEV-PEDS-WIR-040,0,1,1,1,1,0.0,0.0,0,0,LOW,0
CFG-0008594,DEV-PEDS-COR-054,0,1,1,1,1,0.0,0.0,0,0,LOW,0
CFG-0008595,DEV-EMERGENCY-VPN-002,0,1,1,1,1,0.0,0.0,1,0,LOW,0
CFG-0008596,DEV-MAIN-SWI-044,0,1,1,1,1,0.0,0.0,0,0,LOW,0
CFG-0008597,DEV-CARDIO-FIR-088,0,1,1,1,1,0.0,0.0,1,0,LOW,0
CFG-0008598,DEV-MAIN-VPN-026,0,1,1,0,1,0.0,0.5,0,1,MEDIUM,1
CFG-0008599,DEV-CARDIO-ACC-008,0,1,1,1,1,0.0,0.0,0,0,LOW,0
CFG-0008600,DEV-EMERGENCY-VPN-002,0,1,1,1,1,0.0,0.0,1,0,LOW,0
CFG-0008601,DEV-MAIN-ACC-090,0,1,1,1,1,0.0,0.0,0,0,LOW,0
CFG-0008602,DEV-EMERGENCY-SWI-052,0,1,1,1,0,0.0,0.5,1,0,LOW,0
CFG-0008603,DEV-MAIN-FIR-091,0,1,1,1,1,0.0,0.0,0,0,LOW,0
CFG-0008604,DEV-ONCOLOGY-FIR-061,0,1,1,1,1,0.0,0.0,1,0,LOW,0
CFG-0008605,DEV-ONCOLOGY-WIR-037,0,1,1,1,1,0.0,0.0,1,0,LOW,0
CFG-0008606,DEV-CARDIO-FIR-089,0,1,1,1,1,0.0,0.0,0,0,LOW,0
CFG-0008607,DEV-PEDS-COR-019,0,1,1,1,1,0.0,0.0,0,0,LOW,0
CFG-0008608,DEV-EMERGENCY-SWI-099,0,1,1,1,1,0.0,0.0,0,0,LOW,0
CFG-0008609,DEV-PHARM-FIR-010,0,1,1,1,1,0.0,0.0,1,0,LOW,0
CFG-0008610,DEV-MAIN-EDG-012,0,1,1,1,1,0.0,0.0,0,0,LOW,0
CFG-0008611,DEV-PEDS-IOT-046,1,1,1,1,1,0.4,0.0,0,1,HIGH,2
CFG-0008612,DEV-ADMIN-COR-105,0,1,1,1,1,0.0,0.0,1,0,LOW,0
CFG-0008613,DEV-MAIN-EDG-071,0,1,1,1,1,0.0,0.0,0,0,LOW,0
CFG-0008614,DEV-RESEARCH-SWI-079,0,1,1,1,1,0.0,0.0,0,0,LOW,0
CFG-0008615,DEV-DIAG-COR-009,0,1,1,1,1,0.0,0.0,1,0,LOW,0
CFG-0008616,DEV-ADMIN-COR-105,0,1,1,1,1,0.0,0.0,0,0,LOW,0
CFG-0008617,DEV-CARDIO-ACC-008,0,1,1,1,1,0.0,0.0,0,0,LOW,0
CFG-0008618,DEV-ADMIN-EDG-050,0,1,0,1,1,0.3,0.0,0,1,HIGH,2
CFG-0008619,DEV-PEDS-COR-054,0,1,1,1,1,0.0,0.0,1,0,LOW,0
CFG-0008620,DEV-MAIN-SWI-017,0,1,1,1,1,0.0,0.0,0,0,LOW,0
CFG-0008621,DEV-PHARM-VPN-004,0,1,1,0,1,0.0,0.5,0,1,MEDIUM,1
CFG-0008622,DEV-CLINIC-ACC-027,0,1,1,1,1,0.0,0.0,0,0,LOW,0
CFG-0008623,DEV-PEDS-COR-019,0,1,1,1,1,0.0,0.0,0,0,LOW,0
CFG-0008624,DEV-RESEARCH-SWI-079,0,1,1,1,1,0.0,0.0,0,0,LOW,0
CFG-0008625,DEV-ONCOLOGY-WIR-037,0,1,1,1,1,0.0,0.0,1,0,LOW,0
CFG-0008626,DEV-CARDIO-EDG-085,0,1,1,0,1,0.0,0.5,0,1,MEDIUM,1
CFG-0008627,DEV-RESEARCH-FIR-086,0,1,1,1,1,0.0,0.0,0,0,LOW,0
CFG-0008628,DEV-DIAG-COR-009,0,1,1,1,0,0.0,0.5,1,0,LOW,0
CFG-0008629,DEV-CLINIC-VPN-098,0,1,1,1,1,0.0,0.0,0,0,LOW,0
CFG-0008630,DEV-EMERGENCY-FIR-030,0,1,1,1,1,0.0,0.0,0,0,LOW,0
CFG-0008631,DEV-RESEARCH-SWI-001,0,1,1,1,1,0.0,0.0,0,0,LOW,0
CFG-0008632,DEV-MAIN-FIR-064,0,1,1,1,1,0.0,0.0,0,0,LOW,0
CFG-0008633,DEV-EMERGENCY-FIR-058,0,1,1,1,1,0.0,0.0,1,0,LOW,0
CFG-0008634,DEV-ADMIN-FIR-024,0,1,1,1,1,0.0,0.0,0,0,LOW,0
CFG-0008635,DEV-CARDIO-SWI-074,0,1,1,1,1,0.0,0.0,0,0,LOW,0
CFG-0008636,DEV-CARDIO-SWI-074,0,1,1,1,1,0.0,0.0,0,0,LOW,0
CFG-0008637,DEV-PEDS-COR-019,0,1,1,1,1,0.0,0.0,0,0,LOW,0
CFG-0008638,DEV-CARDIO-IOT-006,0,1,1,1,1,0.0,0.0,0,0,LOW,0
CFG-0008639,DEV-RESEARCH-FIR-086,0,1,1,1,1,0.0,0.0,1,0,LOW,0
CFG-0008640,DEV-PEDS-COR-019,0,1,1,1,1,0.0,0.0,1,0,LOW,0
CFG-0008641,DEV-RESEARCH-FIR-031,0,1,1,1,1,0.0,0.0,0,0,LOW,0
CFG-0008642,DEV-PHARM-VPN-023,0,1,1,1,1,0.0,0.0,0,0,LOW,0
CFG-0008643,DEV-EMERGENCY-COR-022,0,1,1,1,1,0.0,0.0,1,0,LOW,0
CFG-0008644,DEV-ADMIN-EDG-050,0,1,1,0,1,0.0,0.5,0,1,MEDIUM,1
CFG-0008645,DEV-DIAG-EDG-080,0,1,1,1,1,0.0,0.0,0,0,LOW,0
CFG-0008646,DEV-DIAG-EDG-080,0,1,1,1,1,0.0,0.0,0,0,LOW,0
CFG-0008647,DEV-CLINIC-FIR-087,0,1,1,1,0,0.0,0.5,0,0,LOW,0
CFG-0008648,DEV-MAIN-EDG-071,0,1,1,0,1,0.0,0.5,0,1,MEDIUM,1
CFG-0008649,DEV-MAIN-VPN-026,0,1,1,1,1,0.0,0.0,0,0,LOW,0
CFG-0008650,DEV-PHARM-VPN-023,0,1,1,1,1,0.0,0.0,1,0,LOW,0
CFG-0008651,DEV-MAIN-FIR-091,0,1,1,1,1,0.0,0.0,0,0,LOW,0
CFG-0008652,DEV-PEDS-WIR-040,0,1,1,1,1,0.0,0.0,1,0,LOW,0
CFG-0008653,DEV-EMERGENCY-SWI-066,0,1,1,1,1,0.0,0.0,1,0,LOW,0
CFG-0008654,DEV-PEDS-WIR-040,0,1,1,1,1,0.0,0.0,0,0,LOW,0
CFG-0008655,DEV-DIAG-ACC-103,1,1,1,1,1,0.4,0.0,0,1,HIGH,2
CFG-0008656,DEV-RESEARCH-FIR-086,0,1,1,1,1,0.0,0.0,0,0,LOW,0
CFG-0008657,DEV-EMERGENCY-IOT-073,0,1,1,1,1,0.0,0.0,0,0,LOW,0
CFG-0008659,DEV-DIAG-ACC-103,0,1,1,1,1,0.0,0.0,1,0,LOW,0
CFG-0008660,DEV-ONCOLOGY-ACC-016,0,1,1,1,1,0.0,0.0,0,0,LOW,0
CFG-0008661,DEV-PEDS-FIR-069,0,1,1,1,1,0.0,0.0,0,0,LOW,0
CFG-0008662,DEV-ADMIN-SWI-049,0,1,1,1,0,0.0,0.5,0,0,LOW,0
CFG-0008663,DEV-MAIN-SWI-042,1,1,1,1,1,0.4,0.0,0,1,HIGH,2
CFG-0008664,DEV-CLINIC-SWI-082,0,1,1,0,1,0.0,0.5,0,1,MEDIUM,1
CFG-0008665,DEV-CARDIO-EDG-085,0,1,1,1,1,0.0,0.0,0,0,LOW,0
CFG-0008666,DEV-PEDS-WIR-095,0,1,1,1,0,0.0,0.5,0,0,LOW,0
CFG-0008667,DEV-CLINIC-VPN-051,0,1,1,1,1,0.0,0.0,0,0,LOW,0
CFG-0008668,DEV-ADMIN-IOT-003,1,1,1,1,1,0.4,0.0,0,1,HIGH,2
CFG-0008669,DEV-CLINIC-VPN-051,1,1,1,1,1,0.4,0.0,0,1,HIGH,2
CFG-0008670,DEV-CARDIO-COR-063,0,1,1,0,1,0.0,0.5,0,1,MEDIUM,1
CFG-0008671,DEV-ONCOLOGY-FIR-061,0,1,1,1,1,0.0,0.0,1,0,LOW,0
CFG-0008672,DEV-RESEARCH-SWI-001,0,1,1,1,1,0.0,0.0,0,0,LOW,0
CFG-0008673,DEV-MAIN-WIR-043,0,1,1,1,1,0.0,0.0,0,0,LOW,0
CFG-0008674,DEV-ONCOLOGY-ACC-016,0,1,1,1,1,0.0,0.0,0,0,LOW,0
CFG-0008675,DEV-PHARM-FIR-101,0,1,1,1,1,0.0,0.0,0,0,LOW,0
CFG-0008676,DEV-ONCOLOGY-SWI-039,0,1,1,1,0,0.0,0.5,0,0,LOW,0
CFG-0008677,DEV-ADMIN-FIR-024,0,1,1,1,1,0.0,0.0,0,0,LOW,0
CFG-0008678,DEV-EMERGENCY-FIR-030,0,1,1,1,1,0.0,0.0,1,0,LOW,0
CFG-0008679,DEV-ONCOLOGY-VPN-075,0,1,1,1,1,0.0,0.0,0,0,LOW,0
CFG-0008680,DEV-CARDIO-COR-063,0,1,1,1,0,0.0,0.5,0,0,LOW,0
CFG-0008681,DEV-RESEARCH-SWI-001,0,1,1,1,1,0.0,0.0,0,0,LOW,0
CFG-0008682,DEV-PHARM-VPN-023,0,1,1,1,1,0.0,0.0,0,0,LOW,0
CFG-0008683,DEV-MAIN-EDG-014,0,1,1,1,1,0.0,0.0,0,0,LOW,0
CFG-0008684,DEV-ADMIN-EDG-050,0,1,1,1,1,0.0,0.0,0,0,LOW,0
CFG-0008685,DEV-PEDS-FIR-069,0,1,1,1,1,0.0,0.0,1,0,LOW,0
CFG-0008686,DEV-DIAG-EDG-067,0,1,1,1,0,0.0,0.5,0,0,LOW,0
CFG-0008687,DEV-ONCOLOGY-IOT-070,0,1,1,1,1,0.0,0.0,1,0,LOW,0
CFG-0008688,DEV-CLINIC-ACC-033,0,1,1,1,1,0.0,0.0,0,0,LOW,0
CFG-0008689,DEV-MAIN-FIR-091,0,1,1,1,1,0.0,0.0,0,0,LOW,0
CFG-0008690,DEV-RESEARCH-SWI-001,0,1,1,1,1,0.0,0.0,0,0,LOW,0
CFG-0008691,DEV-CLINIC-WIR-097,0,1,1,1,1,0.0,0.0,0,0,LOW,0
CFG-0008692,DEV-MAIN-SWI-044,0,1,1,1,1,0.0,0.0,0,0,LOW,0
CFG-0008693,DEV-CLINIC-VPN-029,0,1,1,1,1,0.0,0.0,0,0,LOW,0
CFG-0008694,DEV-CLINIC-WIR-097,0,1,0,1,1,0.3,0.0,0,1,HIGH,2
CFG-0008695,DEV-CARDIO-ACC-068,0,1,0,1,1,0.3,0.0,0,1,HIGH,2
CFG-0008696,DEV-ADMIN-WIR-013,0,1,1,1,1,0.0,0.0,0,0,LOW,0
CFG-0008697,DEV-ONCOLOGY-ACC-016,0,1,1,1,1,0.0,0.0,0,0,LOW,0
CFG-0008698,DEV-PHARM-VPN-102,0,1,1,1,1,0.0,0.0,0,0,LOW,0
CFG-0008699,DEV-RESEARCH-SWI-020,1,1,1,1,1,0.4,0.0,0,1,HIGH,2
CFG-0008700,DEV-PEDS-WIR-007,0,1,1,1,1,0.0,0.0,0,0,LOW,0
CFG-0008701,DEV-DIAG-EDG-067,0,1,1,1,1,0.0,0.0,1,0,LOW,0
CFG-0008702,DEV-CARDIO-FIR-088,0,1,1,1,1,0.0,0.0,1,0,LOW,0
CFG-0008703,DEV-PHARM-FIR-010,0,1,1,1,1,0.0,0.0,1,0,LOW,0
CFG-0008704,DEV-ADMIN-WIR-013,1,1,1,1,1,0.4,0.0,0,1,HIGH,2
CFG-0008705,DEV-RESEARCH-SWI-020,0,1,1,1,1,0.0,0.0,1,0,LOW,0
CFG-0008706,DEV-DIAG-EDG-080,1,1,1,1,1,0.4,0.0,0,1,HIGH,2
CFG-0008707,DEV-MAIN-FIR-091,1,1,1,1,1,0.4,0.0,1,1,LOW,0
CFG-0008708,DEV-CARDIO-FIR-089,0,1,1,0,1,0.0,0.5,0,1,MEDIUM,1
CFG-0008709,DEV-CARDIO-FIR-089,0,1,1,1,1,0.0,0.0,1,0,LOW,0
CFG-0008710,DEV-DIAG-EDG-067,0,1,1,0,1,0.0,0.5,0,1,MEDIUM,1
CFG-0008711,DEV-PHARM-VPN-023,0,1,0,1,1,0.3,0.0,1,1,LOW,0
CFG-0008712,DEV-RESEARCH-SWI-001,0,1,1,1,1,0.0,0.0,1,0,LOW,0
CFG-0008713,DEV-DIAG-EDG-067,0,1,1,1,1,0.0,0.0,1,0,LOW,0
CFG-0008714,DEV-CARDIO-IOT-006,1,1,1,1,1,0.4,0.0,0,1,HIGH,2
CFG-0008715,DEV-DIAG-SWI-092,0,1,0,1,1,0.3,0.0,0,1,HIGH,2
CFG-0008717,DEV-EMERGENCY-FIR-030,0,1,1,1,1,0.0,0.0,0,0,LOW,0
CFG-0008718,DEV-PEDS-IOT-046,0,1,1,1,1,0.0,0.0,1,0,LOW,0
CFG-0008719,DEV-PEDS-COR-054,1,1,1,1,1,0.4,0.0,0,1,HIGH,2
CFG-0008720,DEV-PEDS-IOT-035,0,1,1,1,0,0.0,0.5,0,0,LOW,0
CFG-0008721,DEV-MAIN-SWI-042,0,1,0,1,1,0.3,0.0,1,1,LOW,0
CFG-0008722,DEV-RESEARCH-FIR-078,0,1,1,1,1,0.0,0.0,0,0,LOW,0
CFG-0008723,DEV-PHARM-FIR-101,0,1,1,1,1,0.0,0.0,0,0,LOW,0
CFG-0008724,DEV-RESEARCH-FIR-086,0,1,1,1,1,0.0,0.0,1,0,LOW,0
CFG-0008725,DEV-MAIN-IOT-005,0,1,1,1,0,0.0,0.5,0,0,LOW,0
CFG-0008726,DEV-ONCOLOGY-ACC-053,0,1,1,1,1,0.0,0.0,1,0,LOW,0
CFG-0008727,DEV-CARDIO-ACC-008,0,1,1,1,1,0.0,0.0,0,0,LOW,0
CFG-0008728,DEV-PEDS-VPN-025,0,1,1,1,0,0.0,0.5,0,0,LOW,0
CFG-0008729,DEV-MAIN-ACC-090,0,1,1,1,1,0.0,0.0,1,0,LOW,0
CFG-0008730,DEV-DIAG-SWI-092,1,1,1,1,1,0.4,0.0,1,1,LOW,0
CFG-0008731,DEV-DIAG-SWI-092,0,1,1,1,1,0.0,0.0,0,0,LOW,0
CFG-0008732,DEV-ONCOLOGY-ACC-053,0,1,1,1,1,0.0,0.0,0,0,LOW,0
CFG-0008733,DEV-CLINIC-VPN-098,0,1,1,1,1,0.0,0.0,0,0,LOW,0
CFG-0008734,DEV-CARDIO-FIR-089,1,1,1,1,1,0.4,0.0,0,1,HIGH,2
CFG-0008735,DEV-CARDIO-EDG-085,0,1,1,1,1,0.0,0.0,0,0,LOW,0
CFG-0008736,DEV-PHARM-EDG-038,0,1,1,1,1,0.0,0.0,0,0,LOW,0
CFG-0008737,DEV-MAIN-EDG-071,0,1,1,1,1,0.0,0.0,1,0,LOW,0
CFG-0008738,DEV-EMERGENCY-COR-022,0,1,1,1,1,0.0,0.0,0,0,LOW,0
CFG-0008739,DEV-PHARM-COR-106,0,1,1,1,1,0.0,0.0,1,0,LOW,0
CFG-0008740,DEV-MAIN-SWI-017,1,1,1,1,1,0.4,0.0,1,1,LOW,0
CFG-0008741,DEV-PEDS-WIR-007,0,1,1,1,1,0.0,0.0,0,0,LOW,0
CFG-0008742,DEV-CLINIC-WIR-097,0,1,1,1,1,0.0,0.0,0,0,LOW,0
CFG-0008743,DEV-DIAG-ACC-103,0,1,1,0,1,0.0,0.5,1,1,LOW,0
CFG-0008744,DEV-CARDIO-FIR-089,0,1,1,1,1,0.0,0.0,0,0,LOW,0
CFG-0008745,DEV-CLINIC-ACC-034,0,1,1,1,0,0.0,0.5,0,0,LOW,0
CFG-0008746,DEV-MAIN-ACC-077,1,1,1,1,1,0.4,0.0,1,1,LOW,0
CFG-0008747,DEV-ONCOLOGY-IOT-059,0,1,1,1,1,0.0,0.0,0,0,LOW,0
CFG-0008748,DEV-MAIN-VPN-026,0,1,1,1,1,0.0,0.0,0,0,LOW,0
CFG-0008749,DEV-ONCOLOGY-IOT-059,0,1,1,1,1,0.0,0.0,1,0,LOW,0
CFG-0008750,DEV-PHARM-COR-106,1,1,1,1,1,0.4,0.0,0,1,HIGH,2
CFG-0008751,DEV-CLINIC-WIR-097,0,1,1,0,1,0.0,0.5,0,1,MEDIUM,1
CFG-0008752,DEV-RESEARCH-FIR-056,0,1,1,1,1,0.0,0.0,0,0,LOW,0
CFG-0008753,DEV-RESEARCH-FIR-056,0,1,1,1,1,0.0,0.0,0,0,LOW,0
CFG-0008754,DEV-DIAG-EDG-067,0,1,1,1,1,0.0,0.0,0,0,LOW,0
CFG-0008755,DEV-ADMIN-WIR-013,0,1,1,1,1,0.0,0.0,0,0,LOW,0
CFG-0008756,DEV-ONCOLOGY-ACC-016,0,1,1,1,1,0.0,0.0,1,0,LOW,0
CFG-0008757,DEV-PHARM-COR-106,0,1,1,1,1,0.0,0.0,1,0,LOW,0
CFG-0008758,DEV-EMERGENCY-VPN-002,0,1,0,1,1,0.3,0.0,1,1,LOW,0
CFG-0008759,DEV-EMERGENCY-IOT-073,0,1,1,1,1,0.0,0.0,0,0,LOW,0
CFG-0008760,DEV-PHARM-VPN-047,0,1,1,1,1,0.0,0.0,0,0,LOW,0
CFG-0008761,DEV-DIAG-ACC-036,0,1,1,1,1,0.0,0.0,0,0,LOW,0
CFG-0008762,DEV-EMERGENCY-COR-022,0,1,1,1,0,0.0,0.5,0,0,LOW,0
CFG-0008763,DEV-CLINIC-SWI-082,0,1,1,1,0,0.0,0.5,0,0,LOW,0
CFG-0008764,DEV-DIAG-ACC-103,0,1,1,1,1,0.0,0.0,0,0,LOW,0
CFG-0008765,DEV-PEDS-WIR-040,0,1,1,1,1,0.0,0.0,0,0,LOW,0
CFG-0008766,DEV-PHARM-VPN-102,0,1,0,1,1,0.3,0.0,0,1,HIGH,2
CFG-0008767,DEV-CLINIC-IOT-041,0,1,0,1,1,0.3,0.0,1,1,LOW,0
CFG-0008768,DEV-PEDS-WIR-095,0,1,1,1,1,0.0,0.0,0,0,LOW,0
CFG-0008769,DEV-MAIN-EDG-012,0,1,1,1,1,0.0,0.0,1,0,LOW,0
CFG-0008770,DEV-RESEARCH-SWI-100,0,1,1,0,1,0.0,0.5,0,1,MEDIUM,1
CFG-0008771,DEV-MAIN-FIR-064,0,1,1,1,0,0.0,0.5,0,0,LOW,0
CFG-0008772,DEV-MAIN-WIR-043,0,1,1,1,1,0.0,0.0,0,0,LOW,0
CFG-0008773,DEV-DIAG-SWI-032,0,1,0,1,1,0.3,0.0,0,1,HIGH,2
CFG-0008774,DEV-ADMIN-EDG-050,1,1,1,0,1,0.4,0.5,0,2,HIGH,2
CFG-0008775,DEV-ADMIN-IOT-003,0,1,1,1,0,0.0,0.5,1,0,LOW,0
CFG-0008776,DEV-MAIN-EDG-014,0,1,0,1,1,0.3,0.0,0,1,HIGH,2
CFG-0008777,DEV-PEDS-IOT-046,0,1,1,1,1,0.0,0.0,0,0,LOW,0
CFG-0008778,DEV-ADMIN-EDG-050,0,1,1,1,1,0.0,0.0,0,0,LOW,0
CFG-0008779,DEV-MAIN-EDG-014,0,1,1,1,1,0.0,0.0,0,0,LOW,0
CFG-0008780,DEV-ONCOLOGY-SWI-039,0,1,0,1,1,0.3,0.0,0,1,HIGH,2
CFG-0008781,DEV-RESEARCH-VPN-045,1,1,1,1,1,0.4,0.0,0,1,HIGH,2
CFG-0008782,DEV-RESEARCH-SWI-100,0,1,1,1,1,0.0,0.0,1,0,LOW,0
CFG-0008783,DEV-CARDIO-ACC-068,0,1,1,1,1,0.0,0.0,0,0,LOW,0
CFG-0008784,DEV-EMERGENCY-SWI-052,0,1,1,1,1,0.0,0.0,1,0,LOW,0
CFG-0008785,DEV-RESEARCH-SWI-020,0,1,1,1,1,0.0,0.0,0,0,LOW,0
CFG-0008786,DEV-ONCOLOGY-ACC-053,0,1,1,1,1,0.0,0.0,0,0,LOW,0
CFG-0008787,DEV-RESEARCH-FIR-078,0,1,0,1,1,0.3,0.0,1,1,LOW,0
CFG-0008788,DEV-PHARM-VPN-004,1,1,1,1,1,0.4,0.0,1,1,LOW,0
CFG-0008789,DEV-CARDIO-EDG-085,0,1,1,1,1,0.0,0.0,1,0,LOW,0
CFG-0008790,DEV-MAIN-EDG-014,0,1,1,1,1,0.0,0.0,1,0,LOW,0
CFG-0008791,DEV-ADMIN-EDG-050,0,1,1,1,1,0.0,0.0,0,0,LOW,0
CFG-0008792,DEV-EMERGENCY-VPN-002,0,1,1,1,1,0.0,0.0,0,0,LOW,0
CFG-0008793,DEV-DIAG-FIR-108,0,1,1,1,1,0.0,0.0,1,0,LOW,0
CFG-0008794,DEV-DIAG-COR-009,0,1,1,1,1,0.0,0.0,0,0,LOW,0
CFG-0008795,DEV-CLINIC-EDG-048,0,1,1,1,1,0.0,0.0,0,0,LOW,0
CFG-0008796,DEV-ADMIN-FIR-024,0,1,1,1,1,0.0,0.0,0,0,LOW,0
CFG-0008797,DEV-RESEARCH-SWI-020,0,1,1,1,1,0.0,0.0,0,0,LOW,0
CFG-0008798,DEV-ADMIN-VPN-021,0,1,1,1,1,0.0,0.0,0,0,LOW,0
CFG-0008799,DEV-CLINIC-FIR-087,0,1,1,1,0,0.0,0.5,0,0,LOW,0
CFG-0008800,DEV-ADMIN-VPN-021,0,1,0,1,1,0.3,0.0,0,1,HIGH,2
CFG-0008801,DEV-DIAG-ACC-036,1,1,1,1,1,0.4,0.0,0,1,HIGH,2
CFG-0008802,DEV-ONCOLOGY-IOT-070,0,1,1,1,1,0.0,0.0,1,0,LOW,0
CFG-0008803,DEV-ADMIN-EDG-050,0,1,1,1,1,0.0,0.0,0,0,LOW,0
CFG-0008804,DEV-MAIN-SWI-044,0,1,1,1,1,0.0,0.0,0,0,LOW,0
CFG-0008805,DEV-CLINIC-VPN-029,0,1,1,1,1,0.0,0.0,0,0,LOW,0
CFG-0008806,DEV-PHARM-EDG-038,0,1,1,1,1,0.0,0.0,1,0,LOW,0
CFG-0008807,DEV-CARDIO-IOT-110,0,1,1,1,1,0.0,0.0,0,0,LOW,0
CFG-0008808,DEV-CARDIO-IOT-110,0,1,1,1,1,0.0,0.0,0,0,LOW,0
CFG-0008809,DEV-ONCOLOGY-ACC-053,0,1,1,1,1,0.0,0.0,0,0,LOW,0
CFG-0008810,DEV-CLINIC-EDG-048,0,1,1,1,1,0.0,0.0,1,0,LOW,0
CFG-0008811,DEV-RESEARCH-SWI-001,0,1,0,1,1,0.3,0.0,0,1,HIGH,2
CFG-0008812,DEV-PEDS-FIR-069,0,1,1,1,1,0.0,0.0,0,0,LOW,0
CFG-0008813,DEV-PHARM-VPN-102,0,1,1,1,1,0.0,0.0,0,0,LOW,0
CFG-0008814,DEV-CLINIC-ACC-033,0,1,0,1,1,0.3,0.0,0,1,HIGH,2
CFG-0008815,DEV-DIAG-COR-009,0,1,1,1,1,0.0,0.0,0,0,LOW,0
CFG-0008816,DEV-PHARM-IOT-107,0,1,1,1,1,0.0,0.0,0,0,LOW,0
CFG-0008817,DEV-PEDS-WIR-007,1,1,1,1,1,0.4,0.0,0,1,HIGH,2
CFG-0008818,DEV-MAIN-ACC-077,0,1,1,1,1,0.0,0.0,1,0,LOW,0
CFG-0008819,DEV-PHARM-COR-106,0,1,1,1,1,0.0,0.0,0,0,LOW,0
CFG-0008820,DEV-DIAG-ACC-036,0,1,1,1,1,0.0,0.0,0,0,LOW,0
CFG-0008821,DEV-DIAG-EDG-080,0,1,1,1,1,0.0,0.0,0,0,LOW,0
CFG-0008822,DEV-DIAG-EDG-067,0,1,1,1,1,0.0,0.0,0,0,LOW,0
CFG-0008823,DEV-RESEARCH-VPN-045,0,1,1,1,1,0.0,0.0,0,0,LOW,0
CFG-0008824,DEV-RESEARCH-SWI-020,0,1,1,1,1,0.0,0.0,1,0,LOW,0
CFG-0008825,DEV-EMERGENCY-SWI-066,0,1,1,1,1,0.0,0.0,0,0,LOW,0
CFG-0008826,DEV-DIAG-SWI-092,0,1,1,1,1,0.0,0.0,1,0,LOW,0
CFG-0008827,DEV-EMERGENCY-SWI-096,0,1,1,1,1,0.0,0.0,1,0,LOW,0
CFG-0008828,DEV-CARDIO-IOT-006,0,1,1,1,1,0.0,0.0,1,0,LOW,0
CFG-0008829,DEV-DIAG-ACC-036,0,1,1,1,0,0.0,0.5,0,0,LOW,0
CFG-0008830,DEV-EMERGENCY-SWI-066,0,1,1,1,1,0.0,0.0,1,0,LOW,0
CFG-0008831,DEV-PHARM-IOT-107,0,1,1,1,1,0.0,0.0,1,0,LOW,0
CFG-0008832,DEV-PEDS-VPN-025,0,1,1,1,1,0.0,0.0,0,0,LOW,0
CFG-0008833,DEV-PEDS-COR-054,0,1,1,1,0,0.0,0.5,0,0,LOW,0
CFG-0008834,DEV-PEDS-IOT-046,0,1,1,1,1,0.0,0.0,1,0,LOW,0
CFG-0008835,DEV-CLINIC-SWI-082,0,1,1,0,1,0.0,0.5,0,1,MEDIUM,1
CFG-0008836,DEV-DIAG-EDG-080,0,1,1,1,1,0.0,0.0,0,0,LOW,0
CFG-0008837,DEV-PEDS-IOT-046,0,1,1,1,1,0.0,0.0,0,0,LOW,0
CFG-0008838,DEV-CLINIC-WIR-097,0,1,1,1,1,0.0,0.0,0,0,LOW,0
CFG-0008839,DEV-RESEARCH-SWI-079,0,1,1,1,1,0.0,0.0,0,0,LOW,0
CFG-0008840,DEV-PHARM-VPN-023,0,1,1,1,0,0.0,0.5,0,0,LOW,0
CFG-0008841,DEV-MAIN-ACC-090,0,1,1,1,1,0.0,0.0,0,0,LOW,0
CFG-0008842,DEV-PHARM-VPN-004,0,1,1,1,1,0.0,0.0,0,0,LOW,0
CFG-0008843,DEV-EMERGENCY-SWI-099,0,1,1,0,1,0.0,0.5,0,1,MEDIUM,1
CFG-0008844,DEV-DIAG-SWI-032,0,1,0,1,1,0.3,0.0,0,1,HIGH,2
CFG-0008845,DEV-DIAG-SWI-060,0,1,0,1,1,0.3,0.0,0,1,HIGH,2
CFG-0008846,DEV-ADMIN-COR-105,0,1,1,1,1,0.0,0.0,1,0,LOW,0
CFG-0008847,DEV-RESEARCH-SWI-001,0,1,1,1,1,0.0,0.0,0,0,LOW,0
CFG-0008848,DEV-EMERGENCY-VPN-094,0,1,1,1,1,0.0,0.0,0,0,LOW,0
CFG-0008850,DEV-DIAG-SWI-060,0,1,1,1,1,0.0,0.0,0,0,LOW,0
CFG-0008851,DEV-RESEARCH-SWI-100,0,1,1,1,1,0.0,0.0,0,0,LOW,0
CFG-0008852,DEV-PHARM-VPN-004,0,1,1,1,1,0.0,0.0,0,0,LOW,0
CFG-0008853,DEV-PEDS-VPN-025,1,1,1,1,1,0.4,0.0,1,1,LOW,0
CFG-0008854,DEV-ADMIN-FIR-093,0,1,1,1,1,0.0,0.0,1,0,LOW,0
CFG-0008855,DEV-DIAG-SWI-092,0,1,1,1,1,0.0,0.0,0,0,LOW,0
CFG-0008856,DEV-DIAG-WIR-084,0,1,1,1,1,0.0,0.0,1,0,LOW,0
CFG-0008857,DEV-RESEARCH-SWI-079,0,1,0,1,1,0.3,0.0,0,1,HIGH,2
CFG-0008858,DEV-EMERGENCY-SWI-052,0,1,1,1,1,0.0,0.0,1,0,LOW,0
CFG-0008859,DEV-ADMIN-COR-105,0,1,1,1,1,0.0,0.0,0,0,LOW,0
CFG-0008860,DEV-EMERGENCY-VPN-002,0,1,1,1,1,0.0,0.0,0,0,LOW,0
CFG-0008861,DEV-RESEARCH-FIR-031,0,1,1,1,1,0.0,0.0,0,0,LOW,0
CFG-0008862,DEV-CLINIC-ACC-034,0,1,1,0,1,0.0,0.5,0,1,MEDIUM,1
CFG-0008863,DEV-RESEARCH-VPN-045,0,1,1,1,1,0.0,0.0,1,0,LOW,0
CFG-0008864,DEV-CARDIO-ACC-008,0,1,1,1,1,0.0,0.0,0,0,LOW,0
CFG-0008865,DEV-PHARM-VPN-102,0,1,0,1,1,0.3,0.0,0,1,HIGH,2
CFG-0008866,DEV-CARDIO-ACC-068,0,1,1,1,1,0.0,0.0,0,0,LOW,0
CFG-0008867,DEV-ADMIN-IOT-003,0,1,1,1,1,0.0,0.0,0,0,LOW,0
CFG-0008868,DEV-MAIN-VPN-026,0,1,1,1,1,0.0,0.0,0,0,LOW,0
CFG-0008869,DEV-PHARM-VPN-102,0,1,1,1,1,0.0,0.0,0,0,LOW,0
CFG-0008870,DEV-ONCOLOGY-IOT-059,0,1,1,0,1,0.0,0.5,0,1,MEDIUM,1
CFG-0008871,DEV-EMERGENCY-IOT-015,0,1,1,1,1,0.0,0.0,0,0,LOW,0
CFG-0008872,DEV-DIAG-FIR-108,1,1,1,1,1,0.4,0.0,0,1,HIGH,2
CFG-0008873,DEV-EMERGENCY-SWI-096,0,1,1,1,1,0.0,0.0,0,0,LOW,0
CFG-0008874,DEV-CARDIO-IOT-110,0,1,1,1,1,0.0,0.0,0,0,LOW,0
CFG-0008875,DEV-MAIN-IOT-005,1,1,1,1,1,0.4,0.0,0,1,HIGH,2
CFG-0008876,DEV-EMERGENCY-COR-065,0,1,1,1,1,0.0,0.0,0,0,LOW,0
CFG-0008877,DEV-PEDS-WIR-040,1,1,1,1,1,0.4,0.0,1,1,LOW,0
CFG-0008878,DEV-ADMIN-SWI-049,0,1,1,1,1,0.0,0.0,1,0,LOW,0
CFG-0008879,DEV-CARDIO-FIR-089,1,1,1,1,1,0.4,0.0,0,1,HIGH,2
CFG-0008880,DEV-CARDIO-ACC-008,0,1,1,1,1,0.0,0.0,0,0,LOW,0
CFG-0008881,DEV-EMERGENCY-COR-065,0,1,1,1,0,0.0,0.5,0,0,LOW,0
CFG-0008882,DEV-CLINIC-SWI-082,0,1,1,1,1,0.0,0.0,1,0,LOW,0
CFG-0008883,DEV-DIAG-EDG-080,0,1,1,1,1,0.0,0.0,0,0,LOW,0
CFG-0008884,DEV-ONCOLOGY-WIR-037,0,1,1,1,1,0.0,0.0,0,0,LOW,0
CFG-0008885,DEV-CLINIC-VPN-051,0,1,1,1,1,0.0,0.0,0,0,LOW,0
CFG-0008886,DEV-RESEARCH-FIR-056,0,1,1,1,1,0.0,0.0,0,0,LOW,0
CFG-0008887,DEV-CARDIO-IOT-110,0,1,1,1,1,0.0,0.0,0,0,LOW,0
CFG-0008888,DEV-PHARM-VPN-102,0,1,1,1,1,0.0,0.0,0,0,LOW,0
CFG-0008889,DEV-PHARM-EDG-038,0,1,1,1,1,0.0,0.0,0,0,LOW,0
CFG-0008891,DEV-DIAG-ACC-036,0,1,1,1,1,0.0,0.0,0,0,LOW,0
CFG-0008892,DEV-PHARM-VPN-004,0,1,1,1,1,0.0,0.0,0,0,LOW,0
CFG-0008893,DEV-PHARM-ACC-083,0,1,1,1,1,0.0,0.0,0,0,LOW,0
CFG-0008894,DEV-ONCOLOGY-VPN-075,0,1,1,1,1,0.0,0.0,0,0,LOW,0
CFG-0008895,DEV-EMERGENCY-SWI-099,0,1,1,1,1,0.0,0.0,1,0,LOW,0
CFG-0008896,DEV-EMERGENCY-SWI-099,0,1,1,1,1,0.0,0.0,0,0,LOW,0
CFG-0008897,DEV-ADMIN-SWI-049,0,1,1,1,1,0.0,0.0,0,0,LOW,0
CFG-0008898,DEV-EMERGENCY-VPN-094,0,1,1,1,1,0.0,0.0,0,0,LOW,0
CFG-0008899,DEV-ADMIN-WIR-013,0,1,1,0,1,0.0,0.5,0,1,MEDIUM,1
CFG-0008900,DEV-EMERGENCY-SWI-052,0,1,1,1,1,0.0,0.0,1,0,LOW,0
CFG-0008901,DEV-PHARM-FIR-028,0,1,1,1,1,0.0,0.0,0,0,LOW,0
CFG-0008902,DEV-ONCOLOGY-IOT-070,1,1,1,1,1,0.4,0.0,0,1,HIGH,2
CFG-0008903,DEV-CLINIC-FIR-087,0,1,1,1,1,0.0,0.0,0,0,LOW,0
CFG-0008904,DEV-CLINIC-EDG-048,0,1,1,1,1,0.0,0.0,1,0,LOW,0
CFG-0008905,DEV-RESEARCH-SWI-001,0,1,1,1,1,0.0,0.0,1,0,LOW,0
CFG-0008906,DEV-RESEARCH-FIR-078,0,1,1,1,1,0.0,0.0,0,0,LOW,0
CFG-0008907,DEV-ONCOLOGY-VPN-075,0,1,1,1,1,0.0,0.0,0,0,LOW,0
CFG-0008908,DEV-RESEARCH-FIR-086,0,1,1,0,1,0.0,0.5,1,1,LOW,0
CFG-0008909,DEV-CARDIO-ACC-068,1,1,1,1,1,0.4,0.0,0,1,HIGH,2
CFG-0008910,DEV-EMERGENCY-SWI-066,0,1,1,1,1,0.0,0.0,0,0,LOW,0
CFG-0008911,DEV-MAIN-WIR-043,0,1,1,1,1,0.0,0.0,1,0,LOW,0
CFG-0008912,DEV-MAIN-EDG-012,1,1,1,1,1,0.4,0.0,0,1,HIGH,2
CFG-0008913,DEV-CLINIC-ACC-033,0,1,1,1,1,0.0,0.0,0,0,LOW,0
CFG-0008914,DEV-CARDIO-SWI-062,0,1,1,1,1,0.0,0.0,0,0,LOW,0
CFG-0008915,DEV-CLINIC-EDG-048,0,1,1,0,1,0.0,0.5,1,1,LOW,0
CFG-0008916,DEV-PEDS-WIR-007,0,1,1,1,1,0.0,0.0,0,0,LOW,0
CFG-0008917,DEV-CARDIO-FIR-089,0,1,1,1,1,0.0,0.0,0,0,LOW,0
CFG-0008918,DEV-PEDS-WIR-095,0,1,1,1,1,0.0,0.0,1,0,LOW,0
CFG-0008919,DEV-EMERGENCY-FIR-058,0,1,1,1,1,0.0,0.0,0,0,LOW,0
CFG-0008920,DEV-DIAG-FIR-108,0,1,1,1,1,0.0,0.0,0,0,LOW,0
CFG-0008921,DEV-PHARM-VPN-047,0,1,1,1,1,0.0,0.0,0,0,LOW,0
CFG-0008922,DEV-CLINIC-VPN-098,0,1,1,1,1,0.0,0.0,0,0,LOW,0
CFG-0008923,DEV-MAIN-SWI-042,0,1,1,1,1,0.0,0.0,1,0,LOW,0
CFG-0008924,DEV-ONCOLOGY-SWI-039,0,1,1,0,1,0.0,0.5,1,1,LOW,0
CFG-0008925,DEV-MAIN-SWI-044,0,1,1,1,1,0.0,0.0,0,0,LOW,0
CFG-0008926,DEV-MAIN-SWI-044,0,1,1,1,1,0.0,0.0,0,0,LOW,0
CFG-0008927,DEV-ONCOLOGY-WIR-037,0,1,1,1,1,0.0,0.0,1,0,LOW,0
CFG-0008928,DEV-RESEARCH-SWI-079,0,1,1,1,1,0.0,0.0,1,0,LOW,0
CFG-0008929,DEV-RESEARCH-FIR-031,0,1,1,1,1,0.0,0.0,0,0,LOW,0
CFG-0008930,DEV-EMERGENCY-VPN-094,0,1,1,1,1,0.0,0.0,0,0,LOW,0
CFG-0008931,DEV-PEDS-ACC-104,0,1,1,1,1,0.0,0.0,0,0,LOW,0
CFG-0008932,DEV-ONCOLOGY-IOT-059,0,1,1,1,1,0.0,0.0,1,0,LOW,0
CFG-0008933,DEV-PHARM-FIR-101,0,1,1,1,1,0.0,0.0,0,0,LOW,0
CFG-0008934,DEV-RESEARCH-SWI-079,0,1,1,1,1,0.0,0.0,0,0,LOW,0
CFG-0008935,DEV-MAIN-FIR-064,0,1,1,0,1,0.0,0.5,0,1,MEDIUM,1
CFG-0008936,DEV-MAIN-IOT-005,0,1,1,1,1,0.0,0.0,0,0,LOW,0
CFG-0008937,DEV-CARDIO-FIR-088,0,1,1,1,1,0.0,0.0,1,0,LOW,0
CFG-0008938,DEV-PEDS-WIR-040,0,1,1,0,1,0.0,0.5,0,1,MEDIUM,1
CFG-0008939,DEV-RESEARCH-FIR-086,0,1,1,1,1,0.0,0.0,0,0,LOW,0
CFG-0008940,DEV-DIAG-ACC-036,0,1,1,1,1,0.0,0.0,0,0,LOW,0
CFG-0008941,DEV-EMERGENCY-SWI-096,0,1,1,1,1,0.0,0.0,1,0,LOW,0
CFG-0008942,DEV-PHARM-IOT-107,0,1,1,1,1,0.0,0.0,0,0,LOW,0
CFG-0008943,DEV-MAIN-EDG-014,0,1,1,1,1,0.0,0.0,0,0,LOW,0
CFG-0008944,DEV-CLINIC-VPN-098,0,1,1,1,1,0.0,0.0,0,0,LOW,0
CFG-0008945,DEV-PHARM-FIR-028,0,1,1,1,1,0.0,0.0,0,0,LOW,0
CFG-0008946,DEV-RESEARCH-SWI-020,0,1,1,1,1,0.0,0.0,1,0,LOW,0
CFG-0008947,DEV-MAIN-ACC-090,0,1,1,1,1,0.0,0.0,0,0,LOW,0
CFG-0008948,DEV-RESEARCH-SWI-001,0,1,1,1,0,0.0,0.5,0,0,LOW,0
CFG-0008949,DEV-PHARM-FIR-028,1,1,1,1,1,0.4,0.0,1,1,LOW,0
CFG-0008950,DEV-CARDIO-EDG-085,0,1,0,1,1,0.3,0.0,1,1,LOW,0
CFG-0008951,DEV-PHARM-VPN-102,0,1,1,1,1,0.0,0.0,1,0,LOW,0
CFG-0008952,DEV-ADMIN-FIR-024,0,1,1,1,1,0.0,0.0,0,0,LOW,0
CFG-0008953,DEV-MAIN-IOT-018,0,1,1,1,1,0.0,0.0,0,0,LOW,0
CFG-0008954,DEV-PHARM-FIR-028,0,1,1,1,1,0.0,0.0,0,0,LOW,0
CFG-0008955,DEV-PHARM-VPN-023,0,1,1,1,1,0.0,0.0,1,0,LOW,0
CFG-0008956,DEV-ADMIN-EDG-050,0,1,1,1,1,0.0,0.0,0,0,LOW,0
CFG-0008957,DEV-CARDIO-SWI-074,0,1,1,0,1,0.0,0.5,0,1,MEDIUM,1
CFG-0008958,DEV-ADMIN-COR-105,1,1,1,1,1,0.4,0.0,0,1,HIGH,2
CFG-0008959,DEV-CARDIO-FIR-089,0,1,0,1,1,0.3,0.0,0,1,HIGH,2
CFG-0008960,DEV-EMERGENCY-SWI-081,0,1,1,1,1,0.0,0.0,0,0,LOW,0
CFG-0008961,DEV-MAIN-SWI-042,0,1,1,1,1,0.0,0.0,0,0,LOW,0
CFG-0008962,DEV-MAIN-FIR-064,0,1,1,1,1,0.0,0.0,0,0,LOW,0
CFG-0008963,DEV-CLINIC-ACC-033,0,1,1,1,1,0.0,0.0,0,0,LOW,0
CFG-0008964,DEV-ADMIN-IOT-003,0,1,1,1,1,0.0,0.0,0,0,LOW,0
CFG-0008965,DEV-ONCOLOGY-SWI-039,0,1,1,1,0,0.0,0.5,0,0,LOW,0
CFG-0008966,DEV-ADMIN-FIR-024,0,1,1,1,1,0.0,0.0,0,0,LOW,0
CFG-0008967,DEV-EMERGENCY-SWI-081,0,1,1,1,1,0.0,0.0,1,0,LOW,0
CFG-0008968,DEV-RESEARCH-SWI-001,0,1,1,1,1,0.0,0.0,0,0,LOW,0
CFG-0008969,DEV-ONCOLOGY-ACC-016,0,1,0,1,1,0.3,0.0,0,1,HIGH,2
CFG-0008970,DEV-PEDS-COR-019,0,1,1,1,0,0.0,0.5,0,0,LOW,0
CFG-0008971,DEV-MAIN-IOT-018,0,1,1,1,1,0.0,0.0,0,0,LOW,0
CFG-0008972,DEV-CLINIC-EDG-048,0,1,1,1,1,0.0,0.0,0,0,LOW,0
CFG-0008973,DEV-RESEARCH-FIR-056,0,1,1,1,1,0.0,0.0,0,0,LOW,0
CFG-0008974,DEV-EMERGENCY-COR-065,0,1,1,1,1,0.0,0.0,0,0,LOW,0
CFG-0008975,DEV-DIAG-ACC-036,0,1,1,1,1,0.0,0.0,1,0,LOW,0
CFG-0008976,DEV-RESEARCH-IOT-072,0,1,1,1,1,0.0,0.0,0,0,LOW,0
CFG-0008977,DEV-EMERGENCY-SWI-096,0,1,1,1,1,0.0,0.0,0,0,LOW,0
CFG-0008978,DEV-CLINIC-EDG-048,0,1,1,1,1,0.0,0.0,0,0,LOW,0
CFG-0008979,DEV-PEDS-WIR-040,1,1,1,1,1,0.4,0.0,0,1,HIGH,2
CFG-0008980,DEV-CARDIO-ACC-008,0,1,1,1,1,0.0,0.0,0,0,LOW,0
CFG-0008981,DEV-RESEARCH-FIR-078,0,1,1,1,1,0.0,0.0,0,0,LOW,0
CFG-0008982,DEV-DIAG-FIR-108,0,1,1,1,1,0.0,0.0,0,0,LOW,0
CFG-0008983,DEV-CLINIC-WIR-097,0,1,1,1,1,0.0,0.0,0,0,LOW,0
CFG-0008984,DEV-MAIN-SWI-042,0,1,1,1,1,0.0,0.0,0,0,LOW,0
CFG-0008985,DEV-DIAG-COR-009,0,1,1,1,1,0.0,0.0,0,0,LOW,0
CFG-0008986,DEV-MAIN-SWI-042,1,1,1,1,1,0.4,0.0,0,1,HIGH,2
CFG-0008987,DEV-EMERGENCY-COR-065,1,1,1,1,1,0.4,0.0,0,1,HIGH,2
CFG-0008988,DEV-MAIN-EDG-014,0,1,1,1,1,0.0,0.0,0,0,LOW,0
CFG-0008989,DEV-EMERGENCY-COR-022,0,1,1,1,1,0.0,0.0,0,0,LOW,0
CFG-0008990,DEV-ONCOLOGY-SWI-039,0,1,1,0,1,0.0,0.5,0,1,MEDIUM,1
CFG-0008991,DEV-CLINIC-ACC-027,0,1,1,1,1,0.0,0.0,0,0,LOW,0
CFG-0008992,DEV-EMERGENCY-SWI-052,0,1,1,1,1,0.0,0.0,1,0,LOW,0
CFG-0008993,DEV-PHARM-EDG-038,0,1,1,1,1,0.0,0.0,0,0,LOW,0
CFG-0008994,DEV-ADMIN-SWI-049,0,1,1,1,1,0.0,0.0,0,0,LOW,0
CFG-0008995,DEV-RESEARCH-SWI-079,0,1,1,1,1,0.0,0.0,0,0,LOW,0
CFG-0008996,DEV-EMERGENCY-IOT-015,0,1,1,1,1,0.0,0.0,1,0,LOW,0
CFG-0008997,DEV-DIAG-WIR-084,1,1,1,1,1,0.4,0.0,0,1,HIGH,2
CFG-0008998,DEV-PHARM-EDG-038,0,1,1,1,1,0.0,0.0,0,0,LOW,0
CFG-0008999,DEV-MAIN-IOT-005,0,1,1,1,1,0.0,0.0,0,0,LOW,0
CFG-0009000,DEV-MAIN-SWI-042,1,1,1,1,1,0.4,0.0,0,1,HIGH,2
CFG-0009001,DEV-MAIN-EDG-014,0,1,1,1,1,0.0,0.0,0,0,LOW,0
CFG-0009002,DEV-CARDIO-ACC-068,0,1,1,1,1,0.0,0.0,0,0,LOW,0
CFG-0009003,DEV-CARDIO-ACC-008,0,1,1,1,1,0.0,0.0,0,0,LOW,0
CFG-0009004,DEV-DIAG-EDG-080,0,1,1,1,1,0.0,0.0,1,0,LOW,0
CFG-0009005,DEV-CARDIO-SWI-062,0,1,1,1,1,0.0,0.0,0,0,LOW,0
CFG-0009006,DEV-PEDS-FIR-069,0,1,1,1,1,0.0,0.0,0,0,LOW,0
CFG-0009007,DEV-EMERGENCY-SWI-081,0,1,1,1,1,0.0,0.0,0,0,LOW,0
CFG-0009008,DEV-EMERGENCY-IOT-015,0,1,1,1,1,0.0,0.0,1,0,LOW,0
CFG-0009009,DEV-ONCOLOGY-FIR-061,0,1,1,1,1,0.0,0.0,0,0,LOW,0
CFG-0009010,DEV-RESEARCH-FIR-031,0,1,1,1,1,0.0,0.0,0,0,LOW,0
CFG-0009011,DEV-DIAG-ACC-103,0,1,1,1,1,0.0,0.0,0,0,LOW,0
CFG-0009012,DEV-MAIN-EDG-012,0,1,1,1,1,0.0,0.0,0,0,LOW,0
CFG-0009013,DEV-DIAG-EDG-067,0,1,1,0,1,0.0,0.5,0,1,MEDIUM,1
CFG-0009014,DEV-EMERGENCY-VPN-002,0,1,1,1,1,0.0,0.0,0,0,LOW,0
CFG-0009015,DEV-CARDIO-ACC-008,0,1,1,1,1,0.0,0.0,0,0,LOW,0
CFG-0009016,DEV-PEDS-IOT-035,0,1,1,1,1,0.0,0.0,0,0,LOW,0
CFG-0009017,DEV-PEDS-IOT-046,0,1,1,1,1,0.0,0.0,0,0,LOW,0
CFG-0009018,DEV-ONCOLOGY-WIR-037,0,1,1,0,1,0.0,0.5,0,1,MEDIUM,1
CFG-0009019,DEV-MAIN-FIR-064,0,1,1,1,1,0.0,0.0,0,0,LOW,0
CFG-0009020,DEV-EMERGENCY-VPN-002,0,1,1,1,1,0.0,0.0,0,0,LOW,0
CFG-0009021,DEV-RESEARCH-SWI-001,0,1,1,1,1,0.0,0.0,1,0,LOW,0
CFG-0009022,DEV-RESEARCH-IOT-072,1,1,1,1,1,0.4,0.0,0,1,HIGH,2
CFG-0009023,DEV-RESEARCH-VPN-045,0,1,1,1,1,0.0,0.0,1,0,LOW,0
CFG-0009024,DEV-CARDIO-ACC-008,0,1,1,1,1,0.0,0.0,0,0,LOW,0
CFG-0009025,DEV-CARDIO-ACC-008,0,1,1,1,1,0.0,0.0,0,0,LOW,0
CFG-0009026,DEV-MAIN-SWI-042,0,1,1,1,1,0.0,0.0,1,0,LOW,0
CFG-0009027,DEV-PHARM-FIR-028,0,1,1,1,1,0.0,0.0,0,0,LOW,0
CFG-0009028,DEV-PHARM-VPN-102,1,1,1,1,1,0.4,0.0,0,1,HIGH,2
CFG-0009029,DEV-PEDS-VPN-025,0,1,1,1,1,0.0,0.0,0,0,LOW,0
CFG-0009030,DEV-RESEARCH-FIR-078,0,1,0,1,1,0.3,0.0,0,1,HIGH,2
CFG-0009031,DEV-MAIN-ACC-090,0,1,0,1,1,0.3,0.0,1,1,LOW,0
CFG-0009032,DEV-ADMIN-EDG-050,0,1,1,1,1,0.0,0.0,0,0,LOW,0
CFG-0009033,DEV-EMERGENCY-SWI-081,0,1,1,1,1,0.0,0.0,1,0,LOW,0
CFG-0009034,DEV-RESEARCH-EDG-057,0,1,1,1,1,0.0,0.0,0,0,LOW,0
CFG-0009035,DEV-PHARM-EDG-038,0,1,1,1,1,0.0,0.0,0,0,LOW,0
CFG-0009036,DEV-ONCOLOGY-SWI-039,0,1,1,1,1,0.0,0.0,1,0,LOW,0
CFG-0009038,DEV-ADMIN-COR-105,0,1,1,1,1,0.0,0.0,0,0,LOW,0
CFG-0009039,DEV-RESEARCH-FIR-078,0,1,1,0,1,0.0,0.5,0,1,MEDIUM,1
CFG-0009040,DEV-EMERGENCY-SWI-099,0,1,1,1,1,0.0,0.0,0,0,LOW,0
CFG-0009041,DEV-MAIN-FIR-091,0,1,1,1,1,0.0,0.0,0,0,LOW,0
CFG-0009042,DEV-PEDS-COR-019,0,1,1,1,0,0.0,0.5,0,0,LOW,0
CFG-0009043,DEV-DIAG-ACC-036,0,1,1,1,1,0.0,0.0,0,0,LOW,0
CFG-0009044,DEV-CLINIC-IOT-041,0,1,1,1,1,0.0,0.0,0,0,LOW,0
CFG-0009045,DEV-DIAG-SWI-032,0,1,1,1,1,0.0,0.0,0,0,LOW,0
CFG-0009046,DEV-ONCOLOGY-SWI-039,0,1,1,1,1,0.0,0.0,1,0,LOW,0
CFG-0009047,DEV-CARDIO-VPN-011,0,1,1,1,1,0.0,0.0,0,0,LOW,0
CFG-0009048,DEV-CLINIC-VPN-051,0,1,1,1,1,0.0,0.0,0,0,LOW,0
CFG-0009049,DEV-EMERGENCY-FIR-030,0,1,1,1,1,0.0,0.0,0,0,LOW,0
CFG-0009051,DEV-CARDIO-FIR-088,0,1,1,1,1,0.0,0.0,0,0,LOW,0
CFG-0009052,DEV-DIAG-FIR-108,0,1,1,1,1,0.0,0.0,1,0,LOW,0
CFG-0009053,DEV-ONCOLOGY-IOT-059,0,1,1,1,1,0.0,0.0,0,0,LOW,0
CFG-0009054,DEV-ADMIN-SWI-049,0,1,1,1,1,0.0,0.0,0,0,LOW,0
CFG-0009055,DEV-PEDS-FIR-069,0,1,1,1,0,0.0,0.5,1,0,LOW,0
CFG-0009056,DEV-MAIN-VPN-026,0,1,1,1,1,0.0,0.0,1,0,LOW,0
CFG-0009057,DEV-RESEARCH-SWI-079,0,1,1,1,1,0.0,0.0,0,0,LOW,0
CFG-0009058,DEV-MAIN-SWI-042,0,1,1,1,1,0.0,0.0,0,0,LOW,0
CFG-0009059,DEV-MAIN-FIR-064,0,1,1,1,1,0.0,0.0,1,0,LOW,0
CFG-0009060,DEV-RESEARCH-FIR-031,0,1,1,1,1,0.0,0.0,0,0,LOW,0
CFG-0009061,DEV-CLINIC-VPN-098,0,1,1,1,1,0.0,0.0,0,0,LOW,0
CFG-0009062,DEV-DIAG-SWI-060,0,1,1,1,1,0.0,0.0,0,0,LOW,0
CFG-0009063,DEV-PHARM-VPN-102,0,1,1,1,1,0.0,0.0,0,0,LOW,0
CFG-0009064,DEV-ADMIN-VPN-021,0,1,1,1,1,0.0,0.0,0,0,LOW,0
CFG-0009065,DEV-ADMIN-IOT-003,0,1,1,1,0,0.0,0.5,0,0,LOW,0
CFG-0009066,DEV-ADMIN-IOT-003,0,1,1,1,1,0.0,0.0,1,0,LOW,0
CFG-0009067,DEV-EMERGENCY-SWI-099,0,1,1,1,1,0.0,0.0,0,0,LOW,0
CFG-0009068,DEV-RESEARCH-FIR-078,0,1,1,1,1,0.0,0.0,1,0,LOW,0
CFG-0009069,DEV-CARDIO-SWI-062,0,1,1,0,1,0.0,0.5,1,1,LOW,0
CFG-0009070,DEV-ONCOLOGY-WIR-037,0,1,1,1,1,0.0,0.0,1,0,LOW,0
CFG-0009071,DEV-CARDIO-COR-063,0,1,1,1,1,0.0,0.0,0,0,LOW,0
CFG-0009072,DEV-PEDS-WIR-095,0,1,1,1,1,0.0,0.0,0,0,LOW,0
CFG-0009073,DEV-ADMIN-SWI-049,0,1,1,1,1,0.0,0.0,0,0,LOW,0
CFG-0009074,DEV-EMERGENCY-VPN-094,0,1,1,1,1,0.0,0.0,0,0,LOW,0
CFG-0009075,DEV-EMERGENCY-VPN-002,0,1,1,1,1,0.0,0.0,0,0,LOW,0
CFG-0009076,DEV-PHARM-VPN-047,0,1,1,1,1,0.0,0.0,0,0,LOW,0
CFG-0009077,DEV-DIAG-FIR-108,0,1,1,0,1,0.0,0.5,1,1,LOW,0
CFG-0009078,DEV-CLINIC-EDG-048,0,1,1,1,1,0.0,0.0,0,0,LOW,0
CFG-0009079,DEV-ONCOLOGY-IOT-070,0,1,1,1,1,0.0,0.0,1,0,LOW,0
CFG-0009080,DEV-EMERGENCY-VPN-002,0,1,1,1,0,0.0,0.5,1,0,LOW,0
CFG-0009081,DEV-MAIN-FIR-091,0,1,1,1,1,0.0,0.0,0,0,LOW,0
CFG-0009082,DEV-PEDS-IOT-046,0,1,1,1,1,0.0,0.0,0,0,LOW,0
CFG-0009083,DEV-EMERGENCY-COR-065,0,1,1,1,1,0.0,0.0,0,0,LOW,0
CFG-0009084,DEV-DIAG-WIR-084,0,1,1,1,1,0.0,0.0,0,0,LOW,0
CFG-0009085,DEV-EMERGENCY-VPN-002,0,1,1,1,1,0.0,0.0,1,0,LOW,0
CFG-0009086,DEV-PEDS-FIR-069,0,1,1,1,1,0.0,0.0,0,0,LOW,0
CFG-0009087,DEV-CLINIC-ACC-034,0,1,1,1,1,0.0,0.0,1,0,LOW,0
CFG-0009088,DEV-MAIN-EDG-012,0,1,1,1,1,0.0,0.0,1,0,LOW,0
CFG-0009089,DEV-RESEARCH-SWI-079,0,1,0,1,1,0.3,0.0,0,1,HIGH,2
CFG-0009090,DEV-CLINIC-FIR-087,0,1,1,1,1,0.0,0.0,0,0,LOW,0
CFG-0009091,DEV-CLINIC-VPN-029,0,1,1,1,0,0.0,0.5,0,0,LOW,0
CFG-0009092,DEV-DIAG-COR-009,0,1,1,1,1,0.0,0.0,0,0,LOW,0
CFG-0009093,DEV-CARDIO-COR-063,0,1,1,1,1,0.0,0.0,0,0,LOW,0
CFG-0009094,DEV-CLINIC-VPN-029,0,1,1,1,1,0.0,0.0,1,0,LOW,0
CFG-0009095,DEV-ADMIN-FIR-093,0,1,1,1,1,0.0,0.0,1,0,LOW,0
CFG-0009096,DEV-PHARM-FIR-010,0,1,1,1,1,0.0,0.0,0,0,LOW,0
CFG-0009097,DEV-PEDS-WIR-007,0,1,1,1,1,0.0,0.0,0,0,LOW,0
CFG-0009098,DEV-ADMIN-WIR-013,0,1,1,1,1,0.0,0.0,0,0,LOW,0
CFG-0009099,DEV-EMERGENCY-VPN-002,0,1,1,1,1,0.0,0.0,1,0,LOW,0
CFG-0009100,DEV-MAIN-IOT-018,0,1,1,1,1,0.0,0.0,0,0,LOW,0
CFG-0009101,DEV-EMERGENCY-FIR-030,0,1,1,1,1,0.0,0.0,0,0,LOW,0
CFG-0009102,DEV-DIAG-SWI-060,1,1,1,1,1,0.4,0.0,0,1,HIGH,2
CFG-0009103,DEV-ADMIN-EDG-050,0,1,1,1,1,0.0,0.0,0,0,LOW,0
CFG-0009104,DEV-PHARM-ACC-083,0,1,1,1,1,0.0,0.0,0,0,LOW,0
CFG-0009105,DEV-ADMIN-COR-105,0,1,1,1,1,0.0,0.0,1,0,LOW,0
CFG-0009106,DEV-EMERGENCY-SWI-081,0,1,1,1,1,0.0,0.0,0,0,LOW,0
CFG-0009107,DEV-MAIN-FIR-091,0,1,1,1,1,0.0,0.0,1,0,LOW,0
CFG-0009108,DEV-ONCOLOGY-VPN-075,0,1,1,1,1,0.0,0.0,0,0,LOW,0
CFG-0009109,DEV-CARDIO-IOT-006,0,1,1,1,1,0.0,0.0,1,0,LOW,0
CFG-0009110,DEV-MAIN-SWI-042,0,1,1,1,1,0.0,0.0,0,0,LOW,0
CFG-0009111,DEV-EMERGENCY-VPN-002,1,1,1,1,1,0.4,0.0,0,1,HIGH,2
CFG-0009112,DEV-ONCOLOGY-ACC-016,0,1,1,1,1,0.0,0.0,0,0,LOW,0
CFG-0009113,DEV-MAIN-FIR-091,1,1,1,1,1,0.4,0.0,0,1,HIGH,2
CFG-0009114,DEV-RESEARCH-SWI-100,0,1,1,1,1,0.0,0.0,0,0,LOW,0
CFG-0009115,DEV-CARDIO-IOT-110,0,1,1,1,1,0.0,0.0,0,0,LOW,0
CFG-0009116,DEV-PHARM-FIR-028,0,1,1,1,1,0.0,0.0,0,0,LOW,0
CFG-0009117,DEV-EMERGENCY-COR-065,0,1,1,1,0,0.0,0.5,0,0,LOW,0
CFG-0009118,DEV-CARDIO-IOT-006,0,1,1,1,1,0.0,0.0,0,0,LOW,0
CFG-0009119,DEV-ADMIN-VPN-021,0,1,1,1,0,0.0,0.5,0,0,LOW,0
CFG-0009120,DEV-CARDIO-IOT-006,0,1,1,1,1,0.0,0.0,0,0,LOW,0
CFG-0009121,DEV-CARDIO-FIR-088,0,1,1,1,0,0.0,0.5,1,0,LOW,0
CFG-0009122,DEV-CARDIO-VPN-011,0,1,1,1,1,0.0,0.0,0,0,LOW,0
CFG-0009123,DEV-CARDIO-VPN-011,0,1,1,1,1,0.0,0.0,0,0,LOW,0
CFG-0009124,DEV-PEDS-COR-054,1,1,1,1,1,0.4,0.0,0,1,HIGH,2
CFG-0009125,DEV-ADMIN-EDG-050,0,1,1,1,1,0.0,0.0,0,0,LOW,0
CFG-0009126,DEV-PHARM-EDG-038,0,1,1,1,1,0.0,0.0,0,0,LOW,0
CFG-0009127,DEV-ADMIN-COR-105,0,1,1,1,1,0.0,0.0,1,0,LOW,0
CFG-0009128,DEV-CARDIO-ACC-068,0,1,1,1,1,0.0,0.0,1,0,LOW,0
CFG-0009129,DEV-CARDIO-IOT-006,0,1,1,1,1,0.0,0.0,0,0,LOW,0
CFG-0009130,DEV-MAIN-EDG-014,0,1,1,1,1,0.0,0.0,1,0,LOW,0
CFG-0009131,DEV-CARDIO-COR-063,1,1,1,1,1,0.4,0.0,0,1,HIGH,2
CFG-0009132,DEV-MAIN-IOT-018,0,1,0,1,1,0.3,0.0,0,1,HIGH,2
CFG-0009133,DEV-CARDIO-COR-063,0,1,1,1,1,0.0,0.0,0,0,LOW,0
CFG-0009134,DEV-EMERGENCY-SWI-066,0,1,1,1,1,0.0,0.0,1,0,LOW,0
CFG-0009135,DEV-RESEARCH-EDG-057,0,1,1,1,1,0.0,0.0,1,0,LOW,0
CFG-0009136,DEV-PEDS-WIR-095,0,1,1,1,1,0.0,0.0,1,0,LOW,0
CFG-0009137,DEV-MAIN-ACC-077,0,1,1,1,1,0.0,0.0,1,0,LOW,0
CFG-0009138,DEV-ADMIN-EDG-050,0,1,1,1,0,0.0,0.5,0,0,LOW,0
CFG-0009139,DEV-RESEARCH-SWI-020,0,1,1,1,1,0.0,0.0,0,0,LOW,0
CFG-0009140,DEV-PHARM-VPN-004,0,1,1,1,1,0.0,0.0,0,0,LOW,0
CFG-0009141,DEV-RESEARCH-EDG-057,0,1,1,1,1,0.0,0.0,0,0,LOW,0
CFG-0009142,DEV-DIAG-WIR-084,0,1,1,1,1,0.0,0.0,1,0,LOW,0
CFG-0009143,DEV-ONCOLOGY-IOT-070,0,1,1,1,1,0.0,0.0,1,0,LOW,0
CFG-0009144,DEV-CARDIO-COR-063,1,1,1,1,0,0.4,0.5,0,1,HIGH,2
CFG-0009145,DEV-CARDIO-VPN-011,0,1,0,1,1,0.3,0.0,0,1,HIGH,2
CFG-0009146,DEV-MAIN-IOT-005,0,1,1,1,1,0.0,0.0,1,0,LOW,0
CFG-0009147,DEV-ADMIN-FIR-093,0,1,1,1,1,0.0,0.0,0,0,LOW,0
CFG-0009148,DEV-ONCOLOGY-IOT-059,0,1,1,1,1,0.0,0.0,1,0,LOW,0
CFG-0009149,DEV-PEDS-WIR-095,0,1,1,1,0,0.0,0.5,1,0,LOW,0
CFG-0009150,DEV-EMERGENCY-COR-022,0,1,1,1,1,0.0,0.0,0,0,LOW,0
CFG-0009151,DEV-ONCOLOGY-VPN-075,0,1,1,1,1,0.0,0.0,1,0,LOW,0
CFG-0009152,DEV-PHARM-VPN-023,0,1,1,0,1,0.0,0.5,0,1,MEDIUM,1
CFG-0009153,DEV-CLINIC-ACC-027,0,1,1,1,1,0.0,0.0,0,0,LOW,0
CFG-0009154,DEV-DIAG-WIR-084,0,1,1,1,1,0.0,0.0,0,0,LOW,0
CFG-0009155,DEV-CARDIO-EDG-085,0,1,1,1,1,0.0,0.0,0,0,LOW,0
CFG-0009156,DEV-PHARM-COR-106,0,1,1,1,1,0.0,0.0,0,0,LOW,0
CFG-0009157,DEV-EMERGENCY-SWI-099,0,1,1,1,1,0.0,0.0,0,0,LOW,0
CFG-0009158,DEV-ADMIN-COR-105,0,1,1,1,0,0.0,0.5,1,0,LOW,0
CFG-0009159,DEV-ONCOLOGY-VPN-075,0,1,1,1,0,0.0,0.5,1,0,LOW,0
CFG-0009160,DEV-RESEARCH-VPN-045,0,1,1,1,1,0.0,0.0,0,0,LOW,0
CFG-0009161,DEV-ADMIN-EDG-050,0,1,1,1,1,0.0,0.0,0,0,LOW,0
CFG-0009162,DEV-ADMIN-VPN-021,1,1,1,1,1,0.4,0.0,1,1,LOW,0
CFG-0009163,DEV-CLINIC-WIR-097,0,1,0,1,1,0.3,0.0,0,1,HIGH,2
CFG-0009164,DEV-MAIN-SWI-017,1,1,1,1,1,0.4,0.0,0,1,HIGH,2
CFG-0009165,DEV-CLINIC-VPN-051,0,1,1,1,1,0.0,0.0,0,0,LOW,0
CFG-0009166,DEV-ADMIN-FIR-024,0,1,1,1,1,0.0,0.0,0,0,LOW,0
CFG-0009167,DEV-CARDIO-IOT-110,0,1,1,1,1,0.0,0.0,0,0,LOW,0
CFG-0009168,DEV-PEDS-WIR-040,0,1,1,1,1,0.0,0.0,0,0,LOW,0
CFG-0009169,DEV-CLINIC-FIR-087,0,1,1,1,1,0.0,0.0,0,0,LOW,0
CFG-0009170,DEV-MAIN-ACC-090,0,1,1,1,1,0.0,0.0,0,0,LOW,0
CFG-0009171,DEV-EMERGENCY-SWI-081,0,1,1,1,1,0.0,0.0,0,0,LOW,0
CFG-0009172,DEV-PEDS-WIR-095,0,1,1,1,0,0.0,0.5,0,0,LOW,0
CFG-0009173,DEV-ADMIN-FIR-024,0,1,1,1,1,0.0,0.0,0,0,LOW,0
CFG-0009174,DEV-RESEARCH-EDG-055,0,1,1,1,0,0.0,0.5,0,0,LOW,0
CFG-0009175,DEV-PHARM-ACC-083,0,1,1,0,1,0.0,0.5,1,1,LOW,0
CFG-0009176,DEV-CARDIO-SWI-062,0,1,1,1,1,0.0,0.0,0,0,LOW,0
CFG-0009177,DEV-MAIN-EDG-012,0,1,1,1,1,0.0,0.0,0,0,LOW,0
CFG-0009178,DEV-CLINIC-IOT-041,0,1,1,1,1,0.0,0.0,1,0,LOW,0
CFG-0009179,DEV-DIAG-FIR-108,0,1,1,1,1,0.0,0.0,0,0,LOW,0
CFG-0009180,DEV-PHARM-VPN-102,0,1,0,1,1,0.3,0.0,0,1,HIGH,2
CFG-0009181,DEV-MAIN-FIR-091,0,1,1,0,1,0.0,0.5,1,1,LOW,0
CFG-0009182,DEV-MAIN-WIR-043,0,1,1,1,0,0.0,0.5,1,0,LOW,0
CFG-0009183,DEV-EMERGENCY-FIR-030,0,1,1,1,1,0.0,0.0,0,0,LOW,0
CFG-0009184,DEV-CARDIO-SWI-074,0,1,1,1,1,0.0,0.0,0,0,LOW,0
CFG-0009185,DEV-RESEARCH-SWI-100,0,1,1,1,0,0.0,0.5,0,0,LOW,0
CFG-0009186,DEV-EMERGENCY-SWI-099,0,1,1,1,1,0.0,0.0,0,0,LOW,0
CFG-0009187,DEV-MAIN-EDG-012,0,1,0,1,1,0.3,0.0,0,1,HIGH,2
CFG-0009188,DEV-MAIN-ACC-077,0,1,1,1,1,0.0,0.0,0,0,LOW,0
CFG-0009189,DEV-MAIN-SWI-017,0,1,1,1,1,0.0,0.0,0,0,LOW,0
CFG-0009190,DEV-ADMIN-VPN-021,0,1,0,1,1,0.3,0.0,0,1,HIGH,2
CFG-0009191,DEV-MAIN-SWI-044,0,1,1,1,1,0.0,0.0,1,0,LOW,0
CFG-0009192,DEV-CARDIO-FIR-088,0,1,1,1,1,0.0,0.0,0,0,LOW,0
CFG-0009193,DEV-ADMIN-COR-105,0,1,1,1,1,0.0,0.0,0,0,LOW,0
CFG-0009194,DEV-CLINIC-ACC-033,0,1,1,1,1,0.0,0.0,0,0,LOW,0
CFG-0009195,DEV-EMERGENCY-IOT-015,0,1,1,1,1,0.0,0.0,0,0,LOW,0
CFG-0009196,DEV-CLINIC-ACC-027,0,1,1,1,1,0.0,0.0,0,0,LOW,0
CFG-0009197,DEV-MAIN-WIR-043,0,1,0,1,1,0.3,0.0,1,1,LOW,0
CFG-0009198,DEV-DIAG-EDG-067,0,1,1,1,1,0.0,0.0,1,0,LOW,0
CFG-0009199,DEV-PEDS-COR-054,0,1,1,0,1,0.0,0.5,1,1,LOW,0
CFG-0009200,DEV-MAIN-SWI-017,0,1,1,1,1,0.0,0.0,0,0,LOW,0
CFG-0009201,DEV-PEDS-ACC-104,0,1,1,1,1,0.0,0.0,0,0,LOW,0
CFG-0009202,DEV-CLINIC-ACC-033,0,1,1,1,1,0.0,0.0,0,0,LOW,0
CFG-0009203,DEV-ADMIN-EDG-050,0,1,1,1,1,0.0,0.0,0,0,LOW,0
CFG-0009204,DEV-EMERGENCY-COR-022,0,1,1,1,1,0.0,0.0,1,0,LOW,0
CFG-0009205,DEV-EMERGENCY-SWI-052,0,1,1,1,1,0.0,0.0,0,0,LOW,0
CFG-0009206,DEV-PEDS-COR-054,0,1,1,0,1,0.0,0.5,0,1,MEDIUM,1
CFG-0009207,DEV-RESEARCH-SWI-001,1,1,1,1,1,0.4,0.0,1,1,LOW,0
CFG-0009208,DEV-RESEARCH-FIR-078,1,1,1,1,1,0.4,0.0,0,1,HIGH,2
CFG-0009209,DEV-PHARM-VPN-023,1,1,1,1,1,0.4,0.0,0,1,HIGH,2
CFG-0009210,DEV-ONCOLOGY-IOT-070,0,1,1,1,1,0.0,0.0,0,0,LOW,0
CFG-0009211,DEV-MAIN-FIR-064,0,1,1,1,1,0.0,0.0,0,0,LOW,0
CFG-0009212,DEV-CLINIC-ACC-033,0,1,1,1,1,0.0,0.0,0,0,LOW,0
CFG-0009213,DEV-PHARM-VPN-004,0,1,1,1,1,0.0,0.0,0,0,LOW,0
CFG-0009214,DEV-RESEARCH-SWI-001,0,1,0,1,1,0.3,0.0,1,1,LOW,0
CFG-0009215,DEV-DIAG-WIR-084,0,1,1,1,1,0.0,0.0,1,0,LOW,0
CFG-0009216,DEV-PEDS-COR-054,1,1,1,1,1,0.4,0.0,0,1,HIGH,2
CFG-0009217,DEV-EMERGENCY-VPN-094,0,1,1,1,1,0.0,0.0,1,0,LOW,0
CFG-0009218,DEV-ONCOLOGY-IOT-059,0,1,1,1,1,0.0,0.0,0,0,LOW,0
CFG-0009219,DEV-RESEARCH-EDG-057,0,1,1,1,1,0.0,0.0,0,0,LOW,0
CFG-0009220,DEV-DIAG-FIR-108,0,1,1,1,1,0.0,0.0,0,0,LOW,0
CFG-0009221,DEV-CLINIC-WIR-097,0,1,1,1,1,0.0,0.0,0,0,LOW,0
CFG-0009222,DEV-CLINIC-FIR-087,0,1,1,1,0,0.0,0.5,0,0,LOW,0
CFG-0009223,DEV-PEDS-FIR-069,0,1,1,1,1,0.0,0.0,0,0,LOW,0
CFG-0009224,DEV-MAIN-EDG-012,0,1,1,1,1,0.0,0.0,1,0,LOW,0
CFG-0009225,DEV-EMERGENCY-SWI-099,0,1,0,1,1,0.3,0.0,0,1,HIGH,2
CFG-0009226,DEV-DIAG-COR-009,0,1,1,1,1,0.0,0.0,0,0,LOW,0
CFG-0009227,DEV-DIAG-FIR-108,1,1,1,1,1,0.4,0.0,0,1,HIGH,2
CFG-0009228,DEV-EMERGENCY-SWI-066,0,1,1,0,1,0.0,0.5,0,1,MEDIUM,1
CFG-0009229,DEV-PHARM-VPN-047,1,1,1,1,1,0.4,0.0,1,1,LOW,0
CFG-0009230,DEV-MAIN-EDG-071,0,1,1,1,1,0.0,0.0,0,0,LOW,0
CFG-0009231,DEV-MAIN-FIR-091,0,1,1,1,1,0.0,0.0,1,0,LOW,0
CFG-0009232,DEV-PHARM-FIR-010,0,1,1,1,0,0.0,0.5,0,0,LOW,0
CFG-0009233,DEV-PHARM-FIR-028,0,1,1,1,1,0.0,0.0,0,0,LOW,0
CFG-0009234,DEV-ONCOLOGY-IOT-059,0,1,1,1,1,0.0,0.0,0,0,LOW,0
CFG-0009235,DEV-DIAG-ACC-103,0,1,1,1,1,0.0,0.0,0,0,LOW,0
CFG-0009236,DEV-EMERGENCY-SWI-081,0,1,1,1,1,0.0,0.0,0,0,LOW,0
CFG-0009237,DEV-CARDIO-ACC-068,0,1,1,1,1,0.0,0.0,0,0,LOW,0
CFG-0009238,DEV-CARDIO-SWI-062,0,1,1,1,1,0.0,0.0,0,0,LOW,0
CFG-0009239,DEV-CARDIO-ACC-068,0,1,1,1,1,0.0,0.0,1,0,LOW,0
CFG-0009240,DEV-DIAG-SWI-060,0,1,1,1,0,0.0,0.5,0,0,LOW,0
CFG-0009241,DEV-ONCOLOGY-VPN-075,1,1,1,1,1,0.4,0.0,0,1,HIGH,2
CFG-0009242,DEV-ADMIN-SWI-049,0,1,1,1,1,0.0,0.0,0,0,LOW,0
CFG-0009243,DEV-DIAG-COR-009,0,1,1,1,1,0.0,0.0,1,0,LOW,0
CFG-0009244,DEV-PHARM-FIR-010,0,1,0,1,1,0.3,0.0,1,1,LOW,0
CFG-0009245,DEV-EMERGENCY-COR-022,0,1,1,1,1,0.0,0.0,0,0,LOW,0
CFG-0009246,DEV-CLINIC-FIR-087,1,1,1,1,0,0.4,0.5,1,1,LOW,0
CFG-0009247,DEV-PEDS-IOT-046,0,1,1,1,1,0.0,0.0,1,0,LOW,0
CFG-0009248,DEV-DIAG-SWI-060,0,1,1,1,1,0.0,0.0,0,0,LOW,0
CFG-0009249,DEV-MAIN-WIR-043,0,1,0,1,1,0.3,0.0,0,1,HIGH,2
CFG-0009250,DEV-PHARM-VPN-102,0,1,1,1,0,0.0,0.5,0,0,LOW,0
CFG-0009251,DEV-MAIN-IOT-005,0,1,1,1,1,0.0,0.0,0,0,LOW,0
CFG-0009252,DEV-CARDIO-IOT-006,0,1,1,1,1,0.0,0.0,0,0,LOW,0
CFG-0009253,DEV-PEDS-COR-054,0,1,1,1,1,0.0,0.0,1,0,LOW,0
CFG-0009254,DEV-CLINIC-ACC-033,0,1,1,1,1,0.0,0.0,0,0,LOW,0
CFG-0009256,DEV-CLINIC-ACC-109,0,1,1,1,1,0.0,0.0,0,0,LOW,0
CFG-0009257,DEV-PHARM-IOT-107,0,1,0,1,1,0.3,0.0,1,1,LOW,0
CFG-0009258,DEV-ONCOLOGY-SWI-039,0,1,1,1,0,0.0,0.5,0,0,LOW,0
CFG-0009259,DEV-ONCOLOGY-SWI-039,0,1,1,1,1,0.0,0.0,0,0,LOW,0
CFG-0009260,DEV-PHARM-VPN-102,0,1,1,1,1,0.0,0.0,0,0,LOW,0
CFG-0009261,DEV-PHARM-ACC-083,0,1,1,1,1,0.0,0.0,0,0,LOW,0
CFG-0009262,DEV-ADMIN-IOT-003,0,1,1,0,1,0.0,0.5,0,1,MEDIUM,1
CFG-0009263,DEV-CARDIO-ACC-068,0,1,1,1,1,0.0,0.0,0,0,LOW,0
CFG-0009264,DEV-EMERGENCY-SWI-066,0,1,1,1,1,0.0,0.0,1,0,LOW,0
CFG-0009266,DEV-PEDS-WIR-095,0,1,1,1,1,0.0,0.0,0,0,LOW,0
CFG-0009267,DEV-ONCOLOGY-SWI-039,1,1,1,1,1,0.4,0.0,1,1,LOW,0
CFG-0009268,DEV-PHARM-COR-106,0,1,1,1,1,0.0,0.0,0,0,LOW,0
CFG-0009269,DEV-EMERGENCY-COR-022,0,1,1,1,1,0.0,0.0,0,0,LOW,0
CFG-0009270,DEV-PHARM-FIR-010,0,1,1,1,1,0.0,0.0,0,0,LOW,0
CFG-0009271,DEV-DIAG-WIR-084,0,1,1,1,1,0.0,0.0,0,0,LOW,0
CFG-0009272,DEV-EMERGENCY-SWI-081,0,1,1,1,1,0.0,0.0,0,0,LOW,0
CFG-0009273,DEV-ONCOLOGY-SWI-039,0,1,0,1,1,0.3,0.0,0,1,HIGH,2
CFG-0009274,DEV-PHARM-EDG-038,0,1,1,1,1,0.0,0.0,1,0,LOW,0
CFG-0009275,DEV-CARDIO-ACC-068,0,1,1,1,1,0.0,0.0,0,0,LOW,0
CFG-0009276,DEV-ADMIN-FIR-093,0,1,1,1,1,0.0,0.0,0,0,LOW,0
CFG-0009277,DEV-RESEARCH-EDG-057,0,1,1,1,1,0.0,0.0,0,0,LOW,0
CFG-0009278,DEV-CARDIO-SWI-074,0,1,1,1,1,0.0,0.0,0,0,LOW,0
CFG-0009279,DEV-PHARM-VPN-047,0,1,1,1,1,0.0,0.0,0,0,LOW,0
CFG-0009280,DEV-MAIN-SWI-042,0,1,1,1,1,0.0,0.0,0,0,LOW,0
CFG-0009281,DEV-PEDS-FIR-069,0,1,1,1,1,0.0,0.0,0,0,LOW,0
CFG-0009282,DEV-MAIN-WIR-043,0,1,1,1,1,0.0,0.0,0,0,LOW,0
CFG-0009283,DEV-PEDS-COR-019,0,1,1,1,1,0.0,0.0,0,0,LOW,0
CFG-0009284,DEV-PHARM-VPN-047,0,1,1,0,1,0.0,0.5,0,1,MEDIUM,1
CFG-0009285,DEV-PHARM-FIR-010,0,1,1,1,1,0.0,0.0,0,0,LOW,0
CFG-0009286,DEV-MAIN-FIR-064,0,1,1,1,1,0.0,0.0,0,0,LOW,0
CFG-0009287,DEV-CARDIO-SWI-062,0,1,1,1,1,0.0,0.0,0,0,LOW,0
CFG-0009288,DEV-MAIN-EDG-012,0,1,1,0,1,0.0,0.5,1,1,LOW,0
CFG-0009289,DEV-EMERGENCY-IOT-015,0,1,1,1,1,0.0,0.0,0,0,LOW,0
CFG-0009290,DEV-EMERGENCY-SWI-081,1,1,1,1,1,0.4,0.0,0,1,HIGH,2
CFG-0009292,DEV-RESEARCH-FIR-056,0,1,1,1,1,0.0,0.0,0,0,LOW,0
CFG-0009293,DEV-EMERGENCY-IOT-073,0,1,1,1,1,0.0,0.0,0,0,LOW,0
CFG-0009294,DEV-CARDIO-SWI-062,0,1,1,1,1,0.0,0.0,1,0,LOW,0
CFG-0009295,DEV-MAIN-IOT-018,0,1,1,1,1,0.0,0.0,1,0,LOW,0
CFG-0009296,DEV-PEDS-IOT-046,1,1,1,1,1,0.4,0.0,0,1,HIGH,2
CFG-0009297,DEV-PHARM-FIR-101,1,1,1,1,1,0.4,0.0,1,1,LOW,0
CFG-0009298,DEV-PHARM-FIR-101,0,1,1,1,1,0.0,0.0,0,0,LOW,0
CFG-0009299,DEV-CARDIO-ACC-008,0,1,1,1,1,0.0,0.0,0,0,LOW,0
CFG-0009300,DEV-ONCOLOGY-VPN-075,0,1,1,1,1,0.0,0.0,0,0,LOW,0
CFG-0009301,DEV-ADMIN-EDG-050,0,1,1,1,1,0.0,0.0,0,0,LOW,0
CFG-0009302,DEV-EMERGENCY-IOT-073,0,1,1,1,1,0.0,0.0,0,0,LOW,0
CFG-0009303,DEV-ADMIN-IOT-003,0,1,1,1,1,0.0,0.0,0,0,LOW,0
CFG-0009304,DEV-RESEARCH-FIR-056,0,1,1,1,1,0.0,0.0,0,0,LOW,0
CFG-0009305,DEV-DIAG-EDG-067,0,1,0,1,1,0.3,0.0,1,1,LOW,0
CFG-0009306,DEV-DIAG-SWI-060,0,1,1,1,1,0.0,0.0,0,0,LOW,0
CFG-0009307,DEV-DIAG-EDG-080,0,1,1,1,1,0.0,0.0,0,0,LOW,0
CFG-0009308,DEV-ADMIN-FIR-024,0,1,1,1,1,0.0,0.0,0,0,LOW,0
CFG-0009309,DEV-EMERGENCY-SWI-096,0,1,1,1,1,0.0,0.0,0,0,LOW,0
CFG-0009310,DEV-EMERGENCY-IOT-073,0,1,1,1,1,0.0,0.0,0,0,LOW,0
CFG-0009311,DEV-ADMIN-IOT-003,0,1,1,1,1,0.0,0.0,0,0,LOW,0
CFG-0009312,DEV-RESEARCH-FIR-086,0,1,1,1,1,0.0,0.0,0,0,LOW,0
CFG-0009313,DEV-PHARM-VPN-023,0,1,1,1,1,0.0,0.0,0,0,LOW,0
CFG-0009314,DEV-CARDIO-FIR-088,0,1,1,1,1,0.0,0.0,0,0,LOW,0
CFG-0009315,DEV-DIAG-FIR-108,0,1,1,0,1,0.0,0.5,1,1,LOW,0
CFG-0009316,DEV-EMERGENCY-COR-065,0,1,1,1,1,0.0,0.0,0,0,LOW,0
CFG-0009317,DEV-PHARM-COR-106,0,1,1,1,1,0.0,0.0,0,0,LOW,0
CFG-0009318,DEV-CARDIO-COR-063,0,1,1,1,1,0.0,0.0,1,0,LOW,0
CFG-0009319,DEV-ADMIN-EDG-050,0,1,1,1,1,0.0,0.0,0,0,LOW,0
CFG-0009320,DEV-CARDIO-COR-063,0,1,1,1,1,0.0,0.0,0,0,LOW,0
CFG-0009321,DEV-PHARM-FIR-010,0,1,1,1,1,0.0,0.0,0,0,LOW,0
CFG-0009322,DEV-CLINIC-IOT-041,0,1,1,1,1,0.0,0.0,0,0,LOW,0
CFG-0009323,DEV-CARDIO-FIR-089,0,1,1,1,1,0.0,0.0,0,0,LOW,0
CFG-0009324,DEV-EMERGENCY-SWI-066,0,1,1,1,1,0.0,0.0,1,0,LOW,0
CFG-0009325,DEV-PHARM-VPN-004,1,1,1,1,1,0.4,0.0,0,1,HIGH,2
CFG-0009326,DEV-ADMIN-SWI-049,1,1,1,1,1,0.4,0.0,0,1,HIGH,2
CFG-0009327,DEV-DIAG-SWI-032,0,1,1,1,1,0.0,0.0,0,0,LOW,0
CFG-0009328,DEV-MAIN-EDG-071,1,1,1,0,1,0.4,0.5,1,2,LOW,0
CFG-0009329,DEV-MAIN-WIR-043,0,1,1,1,1,0.0,0.0,0,0,LOW,0
CFG-0009330,DEV-ONCOLOGY-FIR-061,1,1,1,1,1,0.4,0.0,0,1,HIGH,2
CFG-0009331,DEV-CLINIC-ACC-034,0,1,0,1,1,0.3,0.0,1,1,LOW,0
CFG-0009332,DEV-EMERGENCY-IOT-015,0,1,1,1,1,0.0,0.0,1,0,LOW,0
CFG-0009333,DEV-EMERGENCY-SWI-052,0,1,1,1,1,0.0,0.0,0,0,LOW,0
CFG-0009334,DEV-EMERGENCY-SWI-081,0,1,1,1,1,0.0,0.0,0,0,LOW,0
CFG-0009335,DEV-CARDIO-SWI-062,0,1,1,1,1,0.0,0.0,1,0,LOW,0
CFG-0009336,DEV-PHARM-COR-106,0,1,1,1,1,0.0,0.0,0,0,LOW,0
CFG-0009337,DEV-PHARM-VPN-102,1,1,1,1,1,0.4,0.0,0,1,HIGH,2
CFG-0009338,DEV-MAIN-VPN-026,1,1,1,1,1,0.4,0.0,0,1,HIGH,2
CFG-0009339,DEV-CARDIO-FIR-088,0,1,1,1,1,0.0,0.0,1,0,LOW,0
CFG-0009340,DEV-ADMIN-VPN-021,0,1,1,1,1,0.0,0.0,0,0,LOW,0
CFG-0009341,DEV-CLINIC-ACC-027,0,1,1,1,1,0.0,0.0,0,0,LOW,0
CFG-0009342,DEV-CARDIO-VPN-011,0,1,1,1,1,0.0,0.0,0,0,LOW,0
CFG-0009343,DEV-DIAG-SWI-092,0,1,1,1,1,0.0,0.0,0,0,LOW,0
CFG-0009344,DEV-PEDS-FIR-069,0,1,1,1,1,0.0,0.0,1,0,LOW,0
CFG-0009345,DEV-MAIN-EDG-014,0,1,1,1,1,0.0,0.0,0,0,LOW,0
CFG-0009346,DEV-EMERGENCY-SWI-081,0,1,1,1,1,0.0,0.0,0,0,LOW,0
CFG-0009347,DEV-RESEARCH-IOT-072,0,1,1,0,1,0.0,0.5,0,1,MEDIUM,1
CFG-0009348,DEV-DIAG-FIR-108,0,1,1,1,1,0.0,0.0,1,0,LOW,0
CFG-0009349,DEV-EMERGENCY-SWI-081,1,1,1,1,1,0.4,0.0,1,1,LOW,0
CFG-0009350,DEV-ONCOLOGY-SWI-039,1,1,1,1,1,0.4,0.0,1,1,LOW,0
CFG-0009351,DEV-CLINIC-VPN-098,0,1,1,1,1,0.0,0.0,0,0,LOW,0
CFG-0009352,DEV-DIAG-WIR-084,0,1,1,1,1,0.0,0.0,0,0,LOW,0
CFG-0009353,DEV-PEDS-IOT-035,0,1,1,1,1,0.0,0.0,1,0,LOW,0
CFG-0009354,DEV-CARDIO-FIR-089,0,1,0,1,1,0.3,0.0,0,1,HIGH,2
CFG-0009355,DEV-CLINIC-VPN-051,0,1,1,1,1,0.0,0.0,0,0,LOW,0
CFG-0009356,DEV-CARDIO-SWI-062,0,1,1,1,1,0.0,0.0,1,0,LOW,0
CFG-0009357,DEV-ADMIN-FIR-093,0,1,1,1,1,0.0,0.0,0,0,LOW,0
CFG-0009358,DEV-CLINIC-ACC-109,1,1,1,1,1,0.4,0.0,0,1,HIGH,2
CFG-0009359,DEV-CLINIC-VPN-029,1,1,1,1,1,0.4,0.0,0,1,HIGH,2
CFG-0009360,DEV-ADMIN-WIR-013,0,1,1,1,1,0.0,0.0,0,0,LOW,0
CFG-0009361,DEV-ADMIN-FIR-024,0,1,1,0,1,0.0,0.5,0,1,MEDIUM,1
CFG-0009362,DEV-DIAG-ACC-036,0,1,1,1,1,0.0,0.0,0,0,LOW,0
CFG-0009363,DEV-MAIN-ACC-077,0,1,1,1,1,0.0,0.0,0,0,LOW,0
CFG-0009364,DEV-DIAG-SWI-032,0,1,1,0,1,0.0,0.5,1,1,LOW,0
CFG-0009365,DEV-DIAG-EDG-067,0,1,1,1,1,0.0,0.0,0,0,LOW,0
CFG-0009366,DEV-PHARM-ACC-083,0,1,1,1,1,0.0,0.0,0,0,LOW,0
CFG-0009367,DEV-ADMIN-IOT-003,0,1,1,1,1,0.0,0.0,0,0,LOW,0
CFG-0009368,DEV-CLINIC-WIR-097,0,1,1,1,1,0.0,0.0,0,0,LOW,0
CFG-0009369,DEV-MAIN-SWI-042,0,1,1,1,1,0.0,0.0,0,0,LOW,0
CFG-0009370,DEV-DIAG-SWI-060,0,1,1,1,1,0.0,0.0,0,0,LOW,0
CFG-0009371,DEV-MAIN-VPN-026,0,1,1,1,1,0.0,0.0,0,0,LOW,0
CFG-0009372,DEV-PHARM-EDG-038,0,1,0,1,1,0.3,0.0,0,1,HIGH,2
CFG-0009373,DEV-EMERGENCY-VPN-002,0,1,1,1,1,0.0,0.0,1,0,LOW,0
CFG-0009374,DEV-DIAG-SWI-092,0,1,1,1,1,0.0,0.0,0,0,LOW,0
CFG-0009375,DEV-EMERGENCY-SWI-096,1,1,1,1,1,0.4,0.0,1,1,LOW,0
CFG-0009376,DEV-MAIN-FIR-091,0,1,1,1,1,0.0,0.0,0,0,LOW,0
CFG-0009377,DEV-EMERGENCY-IOT-073,0,1,1,1,1,0.0,0.0,0,0,LOW,0
CFG-0009378,DEV-DIAG-EDG-080,1,1,1,1,1,0.4,0.0,0,1,HIGH,2
CFG-0009379,DEV-CARDIO-ACC-008,0,1,1,1,1,0.0,0.0,0,0,LOW,0
CFG-0009380,DEV-PEDS-WIR-040,0,1,1,1,1,0.0,0.0,0,0,LOW,0
CFG-0009381,DEV-RESEARCH-IOT-072,0,1,1,1,1,0.0,0.0,0,0,LOW,0
CFG-0009382,DEV-RESEARCH-VPN-045,0,1,1,1,1,0.0,0.0,1,0,LOW,0
CFG-0009383,DEV-ADMIN-IOT-003,0,1,1,0,1,0.0,0.5,0,1,MEDIUM,1
CFG-0009384,DEV-PHARM-IOT-107,0,1,1,1,1,0.0,0.0,0,0,LOW,0
CFG-0009385,DEV-MAIN-FIR-064,1,1,1,1,0,0.4,0.5,1,1,LOW,0
CFG-0009386,DEV-RESEARCH-FIR-086,0,1,1,1,1,0.0,0.0,1,0,LOW,0
CFG-0009387,DEV-CARDIO-FIR-089,0,1,1,1,1,0.0,0.0,1,0,LOW,0
CFG-0009388,DEV-PEDS-VPN-025,0,1,1,1,1,0.0,0.0,0,0,LOW,0
CFG-0009389,DEV-MAIN-EDG-014,1,1,1,1,1,0.4,0.0,1,1,LOW,0
CFG-0009390,DEV-ONCOLOGY-FIR-061,0,1,1,1,1,0.0,0.0,0,0,LOW,0
CFG-0009391,DEV-ONCOLOGY-ACC-016,0,1,1,1,1,0.0,0.0,1,0,LOW,0
CFG-0009392,DEV-CLINIC-ACC-033,0,1,1,1,1,0.0,0.0,0,0,LOW,0
CFG-0009393,DEV-MAIN-VPN-026,0,1,1,1,1,0.0,0.0,1,0,LOW,0
CFG-0009394,DEV-ONCOLOGY-IOT-059,0,1,1,1,1,0.0,0.0,1,0,LOW,0
CFG-0009395,DEV-CLINIC-VPN-098,0,1,1,1,1,0.0,0.0,0,0,LOW,0
CFG-0009396,DEV-MAIN-SWI-017,0,1,1,1,1,0.0,0.0,1,0,LOW,0
CFG-0009397,DEV-CARDIO-EDG-085,0,1,1,1,1,0.0,0.0,0,0,LOW,0
CFG-0009398,DEV-CLINIC-IOT-041,0,1,1,1,1,0.0,0.0,0,0,LOW,0
CFG-0009399,DEV-CLINIC-FIR-087,0,1,1,1,1,0.0,0.0,0,0,LOW,0
CFG-0009400,DEV-EMERGENCY-IOT-073,0,1,1,1,1,0.0,0.0,0,0,LOW,0
CFG-0009401,DEV-CARDIO-SWI-074,0,1,0,1,1,0.3,0.0,0,1,HIGH,2
CFG-0009402,DEV-CLINIC-ACC-027,0,1,1,1,1,0.0,0.0,0,0,LOW,0
CFG-0009403,DEV-DIAG-EDG-067,0,1,1,1,1,0.0,0.0,0,0,LOW,0
CFG-0009404,DEV-EMERGENCY-VPN-002,0,1,1,1,1,0.0,0.0,1,0,LOW,0
CFG-0009405,DEV-PHARM-VPN-102,0,1,1,1,1,0.0,0.0,1,0,LOW,0
CFG-0009406,DEV-ADMIN-WIR-013,0,1,1,0,1,0.0,0.5,0,1,MEDIUM,1
CFG-0009407,DEV-MAIN-ACC-077,0,1,1,0,1,0.0,0.5,0,1,MEDIUM,1
CFG-0009408,DEV-ONCOLOGY-VPN-075,0,1,1,1,1,0.0,0.0,1,0,LOW,0
CFG-0009409,DEV-EMERGENCY-IOT-073,0,1,1,1,1,0.0,0.0,0,0,LOW,0
CFG-0009410,DEV-CLINIC-ACC-027,0,1,1,1,1,0.0,0.0,0,0,LOW,0
CFG-0009411,DEV-ADMIN-COR-105,0,1,0,1,1,0.3,0.0,1,1,LOW,0
CFG-0009412,DEV-CLINIC-EDG-048,0,1,1,1,1,0.0,0.0,1,0,LOW,0
CFG-0009413,DEV-CARDIO-FIR-088,0,1,1,1,1,0.0,0.0,1,0,LOW,0
CFG-0009414,DEV-MAIN-SWI-042,1,1,1,1,1,0.4,0.0,0,1,HIGH,2
CFG-0009415,DEV-ADMIN-FIR-024,0,1,1,1,1,0.0,0.0,0,0,LOW,0
CFG-0009416,DEV-MAIN-SWI-017,0,1,0,1,1,0.3,0.0,0,1,HIGH,2
CFG-0009417,DEV-PHARM-ACC-083,0,1,1,1,1,0.0,0.0,0,0,LOW,0
CFG-0009418,DEV-EMERGENCY-FIR-030,1,1,1,1,1,0.4,0.0,0,1,HIGH,2
CFG-0009419,DEV-MAIN-WIR-043,0,1,1,1,1,0.0,0.0,1,0,LOW,0
CFG-0009420,DEV-MAIN-SWI-017,0,1,1,0,1,0.0,0.5,1,1,LOW,0
CFG-0009421,DEV-ADMIN-EDG-050,0,1,1,1,1,0.0,0.0,0,0,LOW,0
CFG-0009422,DEV-PEDS-WIR-040,0,1,1,1,1,0.0,0.0,1,0,LOW,0
CFG-0009423,DEV-PHARM-IOT-107,0,1,1,1,1,0.0,0.0,1,0,LOW,0
CFG-0009424,DEV-DIAG-EDG-080,0,1,1,1,1,0.0,0.0,1,0,LOW,0
CFG-0009425,DEV-RESEARCH-SWI-001,0,1,1,1,1,0.0,0.0,1,0,LOW,0
CFG-0009426,DEV-ONCOLOGY-FIR-061,0,1,1,1,1,0.0,0.0,0,0,LOW,0
CFG-0009427,DEV-CLINIC-WIR-097,0,1,0,1,1,0.3,0.0,1,1,LOW,0
CFG-0009429,DEV-MAIN-EDG-012,0,1,0,1,1,0.3,0.0,0,1,HIGH,2
CFG-0009430,DEV-MAIN-ACC-090,0,1,1,0,1,0.0,0.5,0,1,MEDIUM,1
CFG-0009431,DEV-PEDS-ACC-104,0,1,1,1,1,0.0,0.0,0,0,LOW,0
CFG-0009432,DEV-PHARM-FIR-010,0,1,1,1,1,0.0,0.0,1,0,LOW,0
CFG-0009433,DEV-ADMIN-EDG-050,0,1,1,1,1,0.0,0.0,0,0,LOW,0
CFG-0009434,DEV-ADMIN-IOT-003,0,1,1,0,1,0.0,0.5,0,1,MEDIUM,1
CFG-0009435,DEV-RESEARCH-EDG-055,0,1,1,1,1,0.0,0.0,0,0,LOW,0
CFG-0009436,DEV-EMERGENCY-FIR-058,1,1,1,1,1,0.4,0.0,0,1,HIGH,2
CFG-0009437,DEV-RESEARCH-EDG-055,0,1,1,1,1,0.0,0.0,0,0,LOW,0
CFG-0009438,DEV-EMERGENCY-IOT-073,0,1,1,1,1,0.0,0.0,0,0,LOW,0
CFG-0009439,DEV-CLINIC-ACC-033,0,1,1,1,1,0.0,0.0,1,0,LOW,0
CFG-0009440,DEV-RESEARCH-SWI-001,0,1,1,1,1,0.0,0.0,1,0,LOW,0
CFG-0009441,DEV-DIAG-SWI-060,0,1,1,1,1,0.0,0.0,0,0,LOW,0
CFG-0009442,DEV-EMERGENCY-FIR-030,0,1,1,1,1,0.0,0.0,0,0,LOW,0
CFG-0009443,DEV-RESEARCH-SWI-020,0,1,1,1,0,0.0,0.5,0,0,LOW,0
CFG-0009444,DEV-PEDS-ACC-104,0,1,0,1,1,0.3,0.0,0,1,HIGH,2
CFG-0009445,DEV-ONCOLOGY-FIR-061,0,1,1,1,1,0.0,0.0,1,0,LOW,0
CFG-0009446,DEV-EMERGENCY-COR-022,0,1,1,1,1,0.0,0.0,0,0,LOW,0
CFG-0009447,DEV-CARDIO-SWI-062,0,1,1,0,1,0.0,0.5,0,1,MEDIUM,1
CFG-0009448,DEV-ONCOLOGY-ACC-053,0,1,1,0,1,0.0,0.5,0,1,MEDIUM,1
CFG-0009449,DEV-DIAG-COR-009,0,1,1,1,1,0.0,0.0,0,0,LOW,0
CFG-0009450,DEV-PHARM-IOT-107,0,1,1,1,1,0.0,0.0,0,0,LOW,0
CFG-0009451,DEV-RESEARCH-SWI-001,0,1,0,1,1,0.3,0.0,1,1,LOW,0
CFG-0009452,DEV-DIAG-SWI-092,0,1,1,1,1,0.0,0.0,0,0,LOW,0
CFG-0009453,DEV-EMERGENCY-SWI-052,0,1,1,1,1,0.0,0.0,0,0,LOW,0
CFG-0009454,DEV-ONCOLOGY-ACC-016,0,1,1,1,1,0.0,0.0,1,0,LOW,0
CFG-0009455,DEV-ONCOLOGY-SWI-039,0,1,1,1,1,0.0,0.0,0,0,LOW,0
CFG-0009456,DEV-ADMIN-EDG-050,0,1,1,1,1,0.0,0.0,0,0,LOW,0
CFG-0009457,DEV-ADMIN-WIR-013,0,1,1,1,0,0.0,0.5,0,0,LOW,0
CFG-0009458,DEV-CARDIO-COR-063,0,1,1,1,1,0.0,0.0,0,0,LOW,0
CFG-0009459,DEV-ONCOLOGY-FIR-061,1,1,1,1,1,0.4,0.0,0,1,HIGH,2
CFG-0009460,DEV-ADMIN-WIR-013,0,1,1,1,1,0.0,0.0,1,0,LOW,0
CFG-0009461,DEV-ONCOLOGY-VPN-075,0,1,1,1,1,0.0,0.0,0,0,LOW,0
CFG-0009462,DEV-ADMIN-IOT-003,0,1,1,0,1,0.0,0.5,1,1,LOW,0
CFG-0009463,DEV-EMERGENCY-SWI-081,0,1,1,1,1,0.0,0.0,0,0,LOW,0
CFG-0009464,DEV-PHARM-VPN-023,0,1,1,0,1,0.0,0.5,0,1,MEDIUM,1
CFG-0009465,DEV-EMERGENCY-VPN-002,0,1,1,1,0,0.0,0.5,0,0,LOW,0
CFG-0009466,DEV-CARDIO-SWI-074,0,1,1,0,1,0.0,0.5,0,1,MEDIUM,1
CFG-0009467,DEV-MAIN-ACC-090,0,1,1,1,1,0.0,0.0,0,0,LOW,0
CFG-0009468,DEV-CARDIO-ACC-008,0,1,1,1,1,0.0,0.0,0,0,LOW,0
CFG-0009469,DEV-CARDIO-ACC-008,0,1,1,1,1,0.0,0.0,1,0,LOW,0
CFG-0009470,DEV-DIAG-ACC-103,0,1,1,1,1,0.0,0.0,1,0,LOW,0
CFG-0009471,DEV-EMERGENCY-COR-022,0,1,1,1,1,0.0,0.0,0,0,LOW,0
CFG-0009472,DEV-RESEARCH-SWI-001,0,1,1,1,1,0.0,0.0,0,0,LOW,0
CFG-0009473,DEV-DIAG-COR-009,0,1,1,1,1,0.0,0.0,0,0,LOW,0
CFG-0009474,DEV-MAIN-WIR-043,1,1,1,1,1,0.4,0.0,1,1,LOW,0
CFG-0009475,DEV-PHARM-FIR-010,1,1,1,1,1,0.4,0.0,0,1,HIGH,2
CFG-0009476,DEV-PEDS-IOT-035,0,1,1,1,0,0.0,0.5,0,0,LOW,0
CFG-0009477,DEV-CLINIC-VPN-029,0,1,1,1,1,0.0,0.0,0,0,LOW,0
CFG-0009478,DEV-EMERGENCY-FIR-030,0,1,1,1,1,0.0,0.0,0,0,LOW,0
CFG-0009479,DEV-PHARM-VPN-004,0,1,1,1,1,0.0,0.0,0,0,LOW,0
CFG-0009480,DEV-CLINIC-ACC-033,0,1,1,1,1,0.0,0.0,0,0,LOW,0
CFG-0009481,DEV-EMERGENCY-IOT-073,0,1,0,1,1,0.3,0.0,0,1,HIGH,2
CFG-0009482,DEV-MAIN-WIR-043,0,1,1,1,1,0.0,0.0,1,0,LOW,0
CFG-0009483,DEV-ADMIN-IOT-003,0,1,1,1,1,0.0,0.0,0,0,LOW,0
CFG-0009484,DEV-ADMIN-IOT-003,0,1,1,1,1,0.0,0.0,1,0,LOW,0
CFG-0009485,DEV-PHARM-VPN-023,1,1,1,1,1,0.4,0.0,0,1,HIGH,2
CFG-0009486,DEV-CLINIC-ACC-033,0,1,1,1,1,0.0,0.0,0,0,LOW,0
CFG-0009487,DEV-DIAG-ACC-103,0,1,1,1,1,0.0,0.0,0,0,LOW,0
CFG-0009488,DEV-CARDIO-SWI-062,0,1,1,1,1,0.0,0.0,0,0,LOW,0
CFG-0009489,DEV-CLINIC-EDG-048,0,1,1,1,1,0.0,0.0,1,0,LOW,0
CFG-0009490,DEV-PHARM-COR-106,0,1,1,1,0,0.0,0.5,0,0,LOW,0
CFG-0009491,DEV-PEDS-IOT-046,0,1,0,1,1,0.3,0.0,0,1,HIGH,2
CFG-0009492,DEV-DIAG-ACC-103,0,1,1,1,1,0.0,0.0,1,0,LOW,0
CFG-0009493,DEV-RESEARCH-SWI-001,0,1,1,1,1,0.0,0.0,0,0,LOW,0
CFG-0009494,DEV-PEDS-WIR-040,0,1,1,1,1,0.0,0.0,0,0,LOW,0
CFG-0009495,DEV-CLINIC-ACC-109,0,1,1,1,1,0.0,0.0,0,0,LOW,0
CFG-0009496,DEV-CARDIO-FIR-089,0,1,1,0,1,0.0,0.5,0,1,MEDIUM,1
CFG-0009497,DEV-RESEARCH-VPN-045,0,1,1,1,1,0.0,0.0,0,0,LOW,0
CFG-0009498,DEV-CLINIC-ACC-033,0,1,1,1,1,0.0,0.0,0,0,LOW,0
CFG-0009499,DEV-PHARM-VPN-023,0,1,1,1,1,0.0,0.0,0,0,LOW,0
CFG-0009500,DEV-PEDS-COR-019,0,1,0,1,1,0.3,0.0,0,1,HIGH,2
CFG-0009501,DEV-PHARM-COR-106,0,1,1,1,1,0.0,0.0,1,0,LOW,0
CFG-0009502,DEV-CARDIO-COR-063,0,1,1,1,1,0.0,0.0,1,0,LOW,0
CFG-0009503,DEV-ADMIN-IOT-003,0,1,1,1,1,0.0,0.0,0,0,LOW,0
CFG-0009504,DEV-PEDS-IOT-035,0,1,1,0,1,0.0,0.5,0,1,MEDIUM,1
CFG-0009505,DEV-CARDIO-IOT-110,0,1,1,1,1,0.0,0.0,0,0,LOW,0
CFG-0009506,DEV-RESEARCH-FIR-031,1,1,1,1,0,0.4,0.5,1,1,LOW,0
CFG-0009507,DEV-ADMIN-IOT-003,0,1,1,1,1,0.0,0.0,1,0,LOW,0
CFG-0009508,DEV-ADMIN-FIR-093,0,1,1,1,1,0.0,0.0,1,0,LOW,0
CFG-0009509,DEV-ADMIN-IOT-003,0,1,1,1,1,0.0,0.0,0,0,LOW,0
CFG-0009510,DEV-EMERGENCY-SWI-096,0,1,1,1,1,0.0,0.0,0,0,LOW,0
CFG-0009511,DEV-RESEARCH-EDG-057,0,1,1,1,1,0.0,0.0,1,0,LOW,0
CFG-0009512,DEV-CLINIC-VPN-029,0,1,1,1,1,0.0,0.0,0,0,LOW,0
CFG-0009513,DEV-RESEARCH-SWI-001,0,1,1,1,1,0.0,0.0,0,0,LOW,0
CFG-0009514,DEV-ADMIN-FIR-024,0,1,0,1,1,0.3,0.0,0,1,HIGH,2
CFG-0009515,DEV-CARDIO-VPN-011,0,1,1,1,1,0.0,0.0,0,0,LOW,0
CFG-0009516,DEV-CARDIO-SWI-062,0,1,1,1,1,0.0,0.0,0,0,LOW,0
CFG-0009517,DEV-EMERGENCY-FIR-058,0,1,1,1,1,0.0,0.0,0,0,LOW,0
CFG-0009518,DEV-MAIN-EDG-071,0,1,1,1,1,0.0,0.0,1,0,LOW,0
CFG-0009520,DEV-CLINIC-VPN-051,0,1,1,1,1,0.0,0.0,0,0,LOW,0
CFG-0009521,DEV-PEDS-WIR-007,0,1,1,1,1,0.0,0.0,0,0,LOW,0
CFG-0009522,DEV-DIAG-EDG-067,0,1,0,1,1,0.3,0.0,0,1,HIGH,2
CFG-0009523,DEV-DIAG-SWI-092,0,1,1,1,1,0.0,0.0,0,0,LOW,0
CFG-0009524,DEV-ADMIN-FIR-093,0,1,1,1,1,0.0,0.0,1,0,LOW,0
CFG-0009525,DEV-RESEARCH-FIR-086,0,1,1,1,1,0.0,0.0,0,0,LOW,0
CFG-0009526,DEV-PEDS-IOT-046,0,1,1,1,1,0.0,0.0,0,0,LOW,0
CFG-0009527,DEV-EMERGENCY-COR-065,0,1,1,1,1,0.0,0.0,0,0,LOW,0
CFG-0009528,DEV-PHARM-FIR-010,0,1,1,1,1,0.0,0.0,0,0,LOW,0
CFG-0009529,DEV-CLINIC-IOT-041,0,1,1,1,1,0.0,0.0,0,0,LOW,0
CFG-0009530,DEV-RESEARCH-SWI-020,0,1,1,1,1,0.0,0.0,0,0,LOW,0
CFG-0009531,DEV-ADMIN-VPN-021,0,1,1,1,1,0.0,0.0,1,0,LOW,0
CFG-0009532,DEV-ADMIN-FIR-024,0,1,1,1,1,0.0,0.0,1,0,LOW,0
CFG-0009533,DEV-CARDIO-ACC-008,0,1,1,1,1,0.0,0.0,0,0,LOW,0
CFG-0009534,DEV-PHARM-IOT-107,0,1,1,1,1,0.0,0.0,0,0,LOW,0
CFG-0009535,DEV-CARDIO-IOT-110,0,1,1,1,1,0.0,0.0,0,0,LOW,0
CFG-0009536,DEV-DIAG-COR-009,0,1,1,1,0,0.0,0.5,0,0,LOW,0
CFG-0009537,DEV-EMERGENCY-FIR-030,0,1,1,1,1,0.0,0.0,0,0,LOW,0
CFG-0009538,DEV-CLINIC-SWI-082,0,1,1,1,1,0.0,0.0,1,0,LOW,0
CFG-0009539,DEV-CARDIO-SWI-074,0,1,1,1,1,0.0,0.0,0,0,LOW,0
CFG-0009540,DEV-DIAG-SWI-092,1,1,1,1,1,0.4,0.0,0,1,HIGH,2
CFG-0009541,DEV-PEDS-IOT-046,0,1,1,1,1,0.0,0.0,1,0,LOW,0
CFG-0009542,DEV-ADMIN-WIR-013,0,1,1,0,1,0.0,0.5,0,1,MEDIUM,1
CFG-0009543,DEV-DIAG-SWI-032,0,1,0,1,1,0.3,0.0,0,1,HIGH,2
CFG-0009544,DEV-MAIN-EDG-012,0,1,1,1,1,0.0,0.0,0,0,LOW,0
CFG-0009545,DEV-CARDIO-VPN-011,0,1,1,1,1,0.0,0.0,1,0,LOW,0
CFG-0009546,DEV-PEDS-ACC-104,0,1,1,1,1,0.0,0.0,1,0,LOW,0
CFG-0009547,DEV-EMERGENCY-SWI-052,0,1,1,1,1,0.0,0.0,0,0,LOW,0
CFG-0009548,DEV-CLINIC-VPN-098,0,1,1,1,1,0.0,0.0,1,0,LOW,0
CFG-0009549,DEV-CARDIO-IOT-110,0,1,1,1,1,0.0,0.0,1,0,LOW,0
CFG-0009550,DEV-ONCOLOGY-IOT-070,0,1,1,1,1,0.0,0.0,0,0,LOW,0
CFG-0009551,DEV-CLINIC-FIR-087,0,1,1,1,1,0.0,0.0,0,0,LOW,0
CFG-0009552,DEV-CARDIO-SWI-074,0,1,1,1,1,0.0,0.0,0,0,LOW,0
CFG-0009553,DEV-EMERGENCY-IOT-073,0,1,1,1,0,0.0,0.5,0,0,LOW,0
CFG-0009554,DEV-DIAG-ACC-036,1,1,1,1,1,0.4,0.0,0,1,HIGH,2
CFG-0009555,DEV-PEDS-WIR-040,0,1,1,1,1,0.0,0.0,0,0,LOW,0
CFG-0009556,DEV-ONCOLOGY-ACC-053,0,1,1,1,1,0.0,0.0,0,0,LOW,0
CFG-0009557,DEV-CARDIO-IOT-110,0,1,1,1,1,0.0,0.0,0,0,LOW,0
CFG-0009558,DEV-PHARM-VPN-102,0,1,1,1,0,0.0,0.5,0,0,LOW,0
CFG-0009559,DEV-RESEARCH-SWI-079,0,1,1,1,1,0.0,0.0,1,0,LOW,0
CFG-0009560,DEV-CLINIC-WIR-097,0,1,1,1,1,0.0,0.0,0,0,LOW,0
CFG-0009561,DEV-PHARM-FIR-101,0,1,1,1,1,0.0,0.0,0,0,LOW,0
CFG-0009562,DEV-ONCOLOGY-FIR-061,0,1,1,0,1,0.0,0.5,1,1,LOW,0
CFG-0009563,DEV-PEDS-COR-019,0,1,1,1,1,0.0,0.0,0,0,LOW,0
CFG-0009564,DEV-EMERGENCY-SWI-081,1,1,1,1,1,0.4,0.0,0,1,HIGH,2
CFG-0009565,DEV-ADMIN-IOT-003,0,1,1,1,1,0.0,0.0,0,0,LOW,0
CFG-0009566,DEV-ADMIN-FIR-024,0,1,1,1,1,0.0,0.0,0,0,LOW,0
CFG-0009568,DEV-MAIN-ACC-077,0,1,1,1,1,0.0,0.0,1,0,LOW,0
CFG-0009569,DEV-ONCOLOGY-VPN-075,0,1,1,1,0,0.0,0.5,1,0,LOW,0
CFG-0009570,DEV-MAIN-SWI-044,0,1,1,1,0,0.0,0.5,1,0,LOW,0
CFG-0009571,DEV-CLINIC-WIR-097,0,1,1,1,1,0.0,0.0,0,0,LOW,0
CFG-0009572,DEV-EMERGENCY-SWI-081,0,1,1,1,1,0.0,0.0,0,0,LOW,0
CFG-0009573,DEV-PHARM-FIR-101,0,1,1,1,1,0.0,0.0,0,0,LOW,0
CFG-0009574,DEV-DIAG-ACC-103,0,1,1,1,1,0.0,0.0,0,0,LOW,0
CFG-0009575,DEV-PHARM-VPN-047,0,1,1,1,1,0.0,0.0,0,0,LOW,0
CFG-0009576,DEV-PHARM-ACC-083,0,1,1,1,1,0.0,0.0,0,0,LOW,0
CFG-0009577,DEV-ADMIN-FIR-024,0,1,1,1,1,0.0,0.0,0,0,LOW,0
CFG-0009578,DEV-CARDIO-SWI-074,0,1,1,1,1,0.0,0.0,1,0,LOW,0
CFG-0009579,DEV-ADMIN-WIR-013,1,1,1,1,1,0.4,0.0,0,1,HIGH,2
CFG-0009581,DEV-CARDIO-ACC-068,0,1,1,1,1,0.0,0.0,0,0,LOW,0
CFG-0009582,DEV-ONCOLOGY-IOT-059,0,1,1,1,1,0.0,0.0,1,0,LOW,0
CFG-0009583,DEV-CLINIC-WIR-097,1,1,1,1,1,0.4,0.0,1,1,LOW,0
CFG-0009584,DEV-MAIN-FIR-064,0,1,1,1,1,0.0,0.0,0,0,LOW,0
CFG-0009585,DEV-MAIN-EDG-012,0,1,1,0,1,0.0,0.5,0,1,MEDIUM,1
CFG-0009586,DEV-DIAG-SWI-060,0,1,1,1,1,0.0,0.0,0,0,LOW,0
CFG-0009587,DEV-CLINIC-SWI-082,0,1,0,1,1,0.3,0.0,1,1,LOW,0
CFG-0009588,DEV-CARDIO-IOT-110,0,1,1,1,1,0.0,0.0,0,0,LOW,0
CFG-0009589,DEV-CARDIO-ACC-008,0,1,1,1,0,0.0,0.5,0,0,LOW,0
CFG-0009590,DEV-ONCOLOGY-IOT-059,1,1,1,1,1,0.4,0.0,0,1,HIGH,2
CFG-0009591,DEV-CLINIC-ACC-109,0,1,1,1,1,0.0,0.0,0,0,LOW,0
CFG-0009592,DEV-MAIN-ACC-077,0,1,1,1,1,0.0,0.0,1,0,LOW,0
CFG-0009593,DEV-ADMIN-SWI-049,0,1,1,1,0,0.0,0.5,0,0,LOW,0
CFG-0009594,DEV-CLINIC-VPN-029,0,1,1,1,0,0.0,0.5,0,0,LOW,0
CFG-0009595,DEV-CARDIO-SWI-074,0,1,1,1,1,0.0,0.0,0,0,LOW,0
CFG-0009596,DEV-DIAG-COR-009,0,1,1,1,1,0.0,0.0,0,0,LOW,0
CFG-0009597,DEV-PHARM-VPN-047,0,1,1,1,1,0.0,0.0,0,0,LOW,0
CFG-0009598,DEV-CLINIC-ACC-109,0,1,1,1,1,0.0,0.0,0,0,LOW,0
CFG-0009599,DEV-ADMIN-EDG-050,0,1,1,1,1,0.0,0.0,0,0,LOW,0
CFG-0009600,DEV-CARDIO-FIR-089,1,1,1,1,1,0.4,0.0,1,1,LOW,0
CFG-0009601,DEV-EMERGENCY-VPN-002,0,1,1,1,1,0.0,0.0,1,0,LOW,0
CFG-0009602,DEV-PHARM-FIR-010,0,1,1,1,1,0.0,0.0,0,0,LOW,0
CFG-0009603,DEV-CARDIO-IOT-006,0,1,1,1,1,0.0,0.0,1,0,LOW,0
CFG-0009604,DEV-ADMIN-WIR-013,0,1,1,1,1,0.0,0.0,0,0,LOW,0
CFG-0009605,DEV-CLINIC-VPN-098,0,1,1,0,1,0.0,0.5,0,1,MEDIUM,1
CFG-0009606,DEV-EMERGENCY-COR-022,0,1,1,1,1,0.0,0.0,0,0,LOW,0
CFG-0009607,DEV-CLINIC-VPN-051,0,1,1,1,0,0.0,0.5,0,0,LOW,0
CFG-0009608,DEV-RESEARCH-EDG-057,0,1,1,1,1,0.0,0.0,0,0,LOW,0
CFG-0009609,DEV-DIAG-WIR-084,0,1,1,1,1,0.0,0.0,0,0,LOW,0
CFG-0009610,DEV-CARDIO-ACC-008,0,1,1,1,1,0.0,0.0,1,0,LOW,0
CFG-0009611,DEV-CARDIO-SWI-074,0,1,1,1,1,0.0,0.0,1,0,LOW,0
CFG-0009612,DEV-PEDS-FIR-069,0,1,1,1,1,0.0,0.0,0,0,LOW,0
CFG-0009613,DEV-DIAG-SWI-032,0,1,1,1,1,0.0,0.0,0,0,LOW,0
CFG-0009614,DEV-CLINIC-ACC-034,0,1,1,1,1,0.0,0.0,1,0,LOW,0
CFG-0009615,DEV-EMERGENCY-VPN-002,0,1,1,1,1,0.0,0.0,1,0,LOW,0
CFG-0009616,DEV-RESEARCH-FIR-031,0,1,1,1,1,0.0,0.0,1,0,LOW,0
CFG-0009617,DEV-PEDS-ACC-104,1,1,1,1,1,0.4,0.0,1,1,LOW,0
CFG-0009618,DEV-PEDS-VPN-025,0,1,1,1,0,0.0,0.5,0,0,LOW,0
CFG-0009619,DEV-ONCOLOGY-ACC-016,1,1,1,1,1,0.4,0.0,0,1,HIGH,2
CFG-0009620,DEV-CLINIC-IOT-041,0,1,1,1,1,0.0,0.0,1,0,LOW,0
CFG-0009621,DEV-EMERGENCY-VPN-094,0,1,1,1,1,0.0,0.0,0,0,LOW,0
CFG-0009622,DEV-PEDS-IOT-035,0,1,1,0,1,0.0,0.5,0,1,MEDIUM,1
CFG-0009623,DEV-EMERGENCY-COR-065,0,1,1,1,1,0.0,0.0,1,0,LOW,0
CFG-0009624,DEV-DIAG-SWI-092,0,1,1,1,1,0.0,0.0,1,0,LOW,0
CFG-0009625,DEV-RESEARCH-SWI-100,0,1,1,1,1,0.0,0.0,1,0,LOW,0
CFG-0009626,DEV-EMERGENCY-SWI-066,1,1,1,1,1,0.4,0.0,0,1,HIGH,2
CFG-0009627,DEV-EMERGENCY-SWI-081,0,1,1,1,1,0.0,0.0,0,0,LOW,0
CFG-0009628,DEV-DIAG-EDG-080,0,1,1,1,1,0.0,0.0,0,0,LOW,0
CFG-0009629,DEV-CARDIO-COR-063,0,1,1,1,1,0.0,0.0,0,0,LOW,0
CFG-0009630,DEV-EMERGENCY-VPN-002,0,1,1,1,1,0.0,0.0,0,0,LOW,0
CFG-0009631,DEV-EMERGENCY-SWI-096,0,1,1,1,1,0.0,0.0,0,0,LOW,0
CFG-0009632,DEV-MAIN-WIR-043,0,1,1,1,1,0.0,0.0,0,0,LOW,0
CFG-0009633,DEV-CARDIO-VPN-011,0,1,0,1,1,0.3,0.0,0,1,HIGH,2
CFG-0009634,DEV-RESEARCH-SWI-001,0,1,1,1,1,0.0,0.0,0,0,LOW,0
CFG-0009635,DEV-EMERGENCY-SWI-099,0,1,1,1,1,0.0,0.0,0,0,LOW,0
CFG-0009636,DEV-MAIN-SWI-042,0,1,1,1,1,0.0,0.0,0,0,LOW,0
CFG-0009637,DEV-CLINIC-ACC-034,0,1,1,1,1,0.0,0.0,1,0,LOW,0
CFG-0009638,DEV-DIAG-COR-009,0,1,1,1,1,0.0,0.0,0,0,LOW,0
CFG-0009639,DEV-MAIN-ACC-077,0,1,1,1,1,0.0,0.0,0,0,LOW,0
CFG-0009640,DEV-EMERGENCY-FIR-058,0,1,1,1,1,0.0,0.0,0,0,LOW,0
CFG-0009641,DEV-PHARM-ACC-083,0,1,1,1,1,0.0,0.0,0,0,LOW,0
CFG-0009642,DEV-MAIN-FIR-091,0,1,1,1,1,0.0,0.0,0,0,LOW,0
CFG-0009643,DEV-MAIN-VPN-026,0,1,1,1,1,0.0,0.0,0,0,LOW,0
CFG-0009644,DEV-PEDS-COR-019,0,1,0,1,1,0.3,0.0,0,1,HIGH,2
CFG-0009645,DEV-DIAG-EDG-080,0,1,1,1,1,0.0,0.0,1,0,LOW,0
CFG-0009646,DEV-CLINIC-WIR-097,0,1,1,1,1,0.0,0.0,0,0,LOW,0
CFG-0009647,DEV-PHARM-EDG-038,0,1,1,1,1,0.0,0.0,1,0,LOW,0
CFG-0009648,DEV-DIAG-EDG-080,1,1,1,1,1,0.4,0.0,1,1,LOW,0
CFG-0009649,DEV-DIAG-SWI-092,0,1,1,1,1,0.0,0.0,0,0,LOW,0
CFG-0009650,DEV-DIAG-EDG-080,0,1,0,1,1,0.3,0.0,0,1,HIGH,2
CFG-0009651,DEV-DIAG-SWI-092,0,1,1,1,1,0.0,0.0,0,0,LOW,0
CFG-0009652,DEV-ADMIN-SWI-049,0,1,1,1,1,0.0,0.0,0,0,LOW,0
CFG-0009653,DEV-EMERGENCY-SWI-096,0,1,1,1,1,0.0,0.0,0,0,LOW,0
CFG-0009654,DEV-DIAG-ACC-036,0,1,1,1,1,0.0,0.0,0,0,LOW,0
CFG-0009655,DEV-DIAG-SWI-060,0,1,1,1,1,0.0,0.0,0,0,LOW,0
CFG-0009656,DEV-CARDIO-VPN-011,0,1,1,1,1,0.0,0.0,0,0,LOW,0
CFG-0009657,DEV-ONCOLOGY-VPN-075,0,1,1,1,1,0.0,0.0,0,0,LOW,0
CFG-0009658,DEV-PHARM-IOT-107,0,1,1,1,1,0.0,0.0,0,0,LOW,0
CFG-0009659,DEV-MAIN-SWI-042,0,1,1,1,1,0.0,0.0,0,0,LOW,0
CFG-0009660,DEV-PHARM-VPN-047,0,1,1,1,1,0.0,0.0,0,0,LOW,0
CFG-0009661,DEV-DIAG-SWI-060,0,1,1,1,1,0.0,0.0,1,0,LOW,0
CFG-0009662,DEV-EMERGENCY-IOT-073,0,1,1,1,1,0.0,0.0,0,0,LOW,0
CFG-0009663,DEV-RESEARCH-SWI-020,0,1,1,1,1,0.0,0.0,0,0,LOW,0
CFG-0009664,DEV-MAIN-VPN-026,0,1,1,1,1,0.0,0.0,0,0,LOW,0
CFG-0009665,DEV-ONCOLOGY-ACC-016,0,1,0,1,1,0.3,0.0,0,1,HIGH,2
CFG-0009666,DEV-MAIN-IOT-005,0,1,1,1,1,0.0,0.0,0,0,LOW,0
CFG-0009667,DEV-MAIN-FIR-091,0,1,1,1,1,0.0,0.0,1,0,LOW,0
CFG-0009668,DEV-PEDS-WIR-095,0,1,1,1,1,0.0,0.0,0,0,LOW,0
CFG-0009669,DEV-RESEARCH-EDG-057,0,1,1,1,1,0.0,0.0,0,0,LOW,0
CFG-0009670,DEV-PHARM-FIR-101,1,1,1,1,1,0.4,0.0,0,1,HIGH,2
CFG-0009671,DEV-ONCOLOGY-SWI-039,0,1,1,0,1,0.0,0.5,1,1,LOW,0
CFG-0009672,DEV-PHARM-IOT-107,0,1,1,1,1,0.0,0.0,1,0,LOW,0
CFG-0009673,DEV-MAIN-SWI-017,0,1,1,1,1,0.0,0.0,0,0,LOW,0
CFG-0009674,DEV-DIAG-FIR-108,0,1,1,1,1,0.0,0.0,0,0,LOW,0
CFG-0009675,DEV-DIAG-COR-009,0,1,0,1,1,0.3,0.0,1,1,LOW,0
CFG-0009676,DEV-CARDIO-IOT-110,0,1,1,1,1,0.0,0.0,1,0,LOW,0
CFG-0009677,DEV-EMERGENCY-SWI-099,0,1,1,1,1,0.0,0.0,0,0,LOW,0
CFG-0009678,DEV-ONCOLOGY-WIR-037,0,1,1,1,1,0.0,0.0,0,0,LOW,0
CFG-0009679,DEV-CLINIC-VPN-098,0,1,1,1,1,0.0,0.0,0,0,LOW,0
CFG-0009680,DEV-PHARM-VPN-047,0,1,1,1,1,0.0,0.0,0,0,LOW,0
CFG-0009681,DEV-CARDIO-IOT-110,0,1,1,0,1,0.0,0.5,1,1,LOW,0
CFG-0009682,DEV-MAIN-ACC-090,0,1,1,1,1,0.0,0.0,0,0,LOW,0
CFG-0009683,DEV-DIAG-WIR-084,0,1,1,1,1,0.0,0.0,0,0,LOW,0
CFG-0009684,DEV-PEDS-IOT-035,0,1,1,1,1,0.0,0.0,0,0,LOW,0
CFG-0009685,DEV-CARDIO-ACC-008,0,1,1,1,0,0.0,0.5,0,0,LOW,0
CFG-0009686,DEV-PEDS-WIR-007,1,1,1,0,1,0.4,0.5,0,2,HIGH,2
CFG-0009687,DEV-ADMIN-IOT-003,1,1,1,1,1,0.4,0.0,0,1,HIGH,2
CFG-0009688,DEV-CLINIC-FIR-087,0,1,1,1,1,0.0,0.0,0,0,LOW,0
CFG-0009689,DEV-DIAG-ACC-103,0,1,1,1,1,0.0,0.0,0,0,LOW,0
CFG-0009690,DEV-EMERGENCY-IOT-015,0,1,1,1,1,0.0,0.0,0,0,LOW,0
CFG-0009691,DEV-MAIN-ACC-090,0,1,1,1,1,0.0,0.0,0,0,LOW,0
CFG-0009692,DEV-RESEARCH-EDG-057,0,1,1,1,1,0.0,0.0,1,0,LOW,0
CFG-0009693,DEV-CLINIC-ACC-027,0,1,1,1,1,0.0,0.0,1,0,LOW,0
CFG-0009694,DEV-PHARM-VPN-023,0,1,1,1,1,0.0,0.0,0,0,LOW,0
CFG-0009695,DEV-PEDS-WIR-040,0,1,1,1,1,0.0,0.0,0,0,LOW,0
CFG-0009696,DEV-ADMIN-VPN-021,0,1,1,1,0,0.0,0.5,1,0,LOW,0
CFG-0009697,DEV-EMERGENCY-SWI-096,0,1,1,1,1,0.0,0.0,0,0,LOW,0
CFG-0009698,DEV-ADMIN-IOT-003,0,1,1,1,1,0.0,0.0,0,0,LOW,0
CFG-0009699,DEV-DIAG-EDG-067,0,1,1,1,1,0.0,0.0,0,0,LOW,0
CFG-0009700,DEV-MAIN-FIR-064,0,1,1,1,0,0.0,0.5,0,0,LOW,0
CFG-0009701,DEV-RESEARCH-SWI-020,1,1,1,1,1,0.4,0.0,0,1,HIGH,2
CFG-0009702,DEV-CARDIO-COR-063,0,1,1,1,0,0.0,0.5,1,0,LOW,0
CFG-0009703,DEV-CARDIO-ACC-008,0,1,0,1,1,0.3,0.0,0,1,HIGH,2
CFG-0009704,DEV-RESEARCH-SWI-001,0,1,1,1,1,0.0,0.0,0,0,LOW,0
CFG-0009706,DEV-DIAG-ACC-103,0,1,0,1,1,0.3,0.0,0,1,HIGH,2
CFG-0009707,DEV-PEDS-WIR-040,1,1,1,1,1,0.4,0.0,1,1,LOW,0
CFG-0009708,DEV-MAIN-SWI-042,1,1,1,1,1,0.4,0.0,0,1,HIGH,2
CFG-0009709,DEV-RESEARCH-EDG-057,0,1,1,0,1,0.0,0.5,0,1,MEDIUM,1
CFG-0009710,DEV-MAIN-VPN-026,0,1,1,0,1,0.0,0.5,1,1,LOW,0
CFG-0009711,DEV-RESEARCH-EDG-057,0,1,1,1,1,0.0,0.0,0,0,LOW,0
CFG-0009712,DEV-EMERGENCY-IOT-015,0,1,1,1,1,0.0,0.0,0,0,LOW,0
CFG-0009713,DEV-ONCOLOGY-VPN-075,0,1,1,1,1,0.0,0.0,0,0,LOW,0
CFG-0009714,DEV-CLINIC-VPN-051,1,1,1,1,1,0.4,0.0,0,1,HIGH,2
CFG-0009715,DEV-CARDIO-IOT-006,0,1,1,1,1,0.0,0.0,0,0,LOW,0
CFG-0009716,DEV-RESEARCH-SWI-079,0,1,1,0,1,0.0,0.5,0,1,MEDIUM,1
CFG-0009717,DEV-DIAG-WIR-084,0,1,1,1,1,0.0,0.0,1,0,LOW,0
CFG-0009718,DEV-PEDS-WIR-007,0,1,1,1,1,0.0,0.0,1,0,LOW,0
CFG-0009719,DEV-PHARM-VPN-023,0,1,1,1,1,0.0,0.0,0,0,LOW,0
CFG-0009720,DEV-PHARM-VPN-023,0,1,1,1,1,0.0,0.0,0,0,LOW,0
CFG-0009721,DEV-EMERGENCY-VPN-002,0,1,1,1,1,0.0,0.0,1,0,LOW,0
CFG-0009722,DEV-MAIN-EDG-014,0,1,1,1,1,0.0,0.0,0,0,LOW,0
CFG-0009723,DEV-RESEARCH-SWI-079,1,1,1,1,1,0.4,0.0,1,1,LOW,0
CFG-0009724,DEV-RESEARCH-FIR-078,0,1,0,1,1,0.3,0.0,0,1,HIGH,2
CFG-0009725,DEV-PHARM-EDG-038,0,1,1,1,1,0.0,0.0,1,0,LOW,0
CFG-0009726,DEV-MAIN-ACC-077,0,1,1,1,1,0.0,0.0,0,0,LOW,0
CFG-0009727,DEV-ONCOLOGY-IOT-070,0,1,1,1,1,0.0,0.0,0,0,LOW,0
CFG-0009728,DEV-MAIN-SWI-044,0,1,1,1,1,0.0,0.0,0,0,LOW,0
CFG-0009729,DEV-MAIN-EDG-071,0,1,1,1,1,0.0,0.0,1,0,LOW,0
CFG-0009730,DEV-MAIN-FIR-064,0,1,1,1,1,0.0,0.0,0,0,LOW,0
CFG-0009731,DEV-RESEARCH-EDG-057,0,1,1,1,0,0.0,0.5,0,0,LOW,0
CFG-0009732,DEV-MAIN-EDG-014,0,1,1,1,1,0.0,0.0,0,0,LOW,0
CFG-0009733,DEV-DIAG-SWI-032,0,1,1,1,1,0.0,0.0,0,0,LOW,0
CFG-0009734,DEV-EMERGENCY-SWI-096,0,1,1,1,1,0.0,0.0,1,0,LOW,0
CFG-0009735,DEV-CARDIO-ACC-068,0,1,1,1,1,0.0,0.0,0,0,LOW,0
CFG-0009736,DEV-EMERGENCY-FIR-058,0,1,1,1,1,0.0,0.0,0,0,LOW,0
CFG-0009737,DEV-RESEARCH-FIR-078,0,1,0,1,1,0.3,0.0,1,1,LOW,0
CFG-0009738,DEV-PHARM-EDG-038,0,1,1,1,1,0.0,0.0,0,0,LOW,0
CFG-0009739,DEV-PEDS-COR-054,0,1,1,1,1,0.0,0.0,0,0,LOW,0
CFG-0009740,DEV-CLINIC-ACC-034,0,1,1,1,1,0.0,0.0,0,0,LOW,0
CFG-0009741,DEV-CARDIO-COR-063,0,1,1,1,1,0.0,0.0,1,0,LOW,0
CFG-0009742,DEV-CLINIC-SWI-082,0,1,1,1,1,0.0,0.0,0,0,LOW,0
CFG-0009743,DEV-CLINIC-IOT-041,0,1,1,1,1,0.0,0.0,0,0,LOW,0
CFG-0009744,DEV-PHARM-EDG-038,0,1,0,1,1,0.3,0.0,0,1,HIGH,2
CFG-0009745,DEV-ADMIN-FIR-093,0,1,1,0,1,0.0,0.5,0,1,MEDIUM,1
CFG-0009746,DEV-ONCOLOGY-WIR-037,0,1,1,1,1,0.0,0.0,0,0,LOW,0
CFG-0009747,DEV-CARDIO-ACC-068,0,1,1,1,1,0.0,0.0,1,0,LOW,0
CFG-0009748,DEV-PEDS-WIR-095,0,1,1,1,1,0.0,0.0,0,0,LOW,0
CFG-0009749,DEV-DIAG-FIR-108,0,1,1,1,1,0.0,0.0,0,0,LOW,0
CFG-0009750,DEV-PHARM-FIR-101,0,1,1,1,1,0.0,0.0,1,0,LOW,0
CFG-0009751,DEV-CARDIO-SWI-074,0,1,0,1,1,0.3,0.0,1,1,LOW,0
CFG-0009752,DEV-RESEARCH-SWI-020,0,1,1,1,1,0.0,0.0,1,0,LOW,0
CFG-0009753,DEV-CARDIO-FIR-089,1,1,1,1,0,0.4,0.5,0,1,HIGH,2
CFG-0009754,DEV-EMERGENCY-VPN-002,0,1,1,0,1,0.0,0.5,0,1,MEDIUM,1
CFG-0009755,DEV-CLINIC-SWI-082,0,1,1,1,1,0.0,0.0,0,0,LOW,0
CFG-0009756,DEV-CARDIO-FIR-088,1,1,0,1,1,0.7,0.0,0,2,CRITICAL,3
CFG-0009757,DEV-DIAG-ACC-036,0,1,1,1,1,0.0,0.0,0,0,LOW,0
CFG-0009758,DEV-EMERGENCY-COR-022,0,1,1,1,1,0.0,0.0,0,0,LOW,0
CFG-0009759,DEV-PEDS-VPN-025,1,1,1,1,1,0.4,0.0,0,1,HIGH,2
CFG-0009760,DEV-ONCOLOGY-IOT-059,0,1,1,1,1,0.0,0.0,1,0,LOW,0
CFG-0009761,DEV-RESEARCH-FIR-086,0,1,1,1,1,0.0,0.0,1,0,LOW,0
CFG-0009762,DEV-ADMIN-COR-105,0,1,1,1,1,0.0,0.0,1,0,LOW,0
CFG-0009763,DEV-RESEARCH-IOT-072,0,1,1,1,1,0.0,0.0,1,0,LOW,0
CFG-0009764,DEV-ADMIN-IOT-003,0,1,1,1,1,0.0,0.0,1,0,LOW,0
CFG-0009765,DEV-ADMIN-SWI-049,0,1,1,1,1,0.0,0.0,0,0,LOW,0
CFG-0009766,DEV-ONCOLOGY-ACC-016,0,1,1,1,1,0.0,0.0,1,0,LOW,0
CFG-0009767,DEV-PHARM-COR-106,0,1,1,1,1,0.0,0.0,1,0,LOW,0
CFG-0009768,DEV-EMERGENCY-VPN-002,0,1,1,1,1,0.0,0.0,1,0,LOW,0
CFG-0009769,DEV-PEDS-VPN-025,0,1,1,1,1,0.0,0.0,1,0,LOW,0
CFG-0009770,DEV-MAIN-VPN-026,0,1,1,1,1,0.0,0.0,0,0,LOW,0
CFG-0009771,DEV-RESEARCH-SWI-079,1,1,1,1,1,0.4,0.0,1,1,LOW,0
CFG-0009772,DEV-EMERGENCY-SWI-081,0,1,1,1,1,0.0,0.0,0,0,LOW,0
CFG-0009773,DEV-PHARM-VPN-047,0,1,0,1,1,0.3,0.0,0,1,HIGH,2
CFG-0009774,DEV-EMERGENCY-VPN-002,0,1,0,1,1,0.3,0.0,0,1,HIGH,2
CFG-0009775,DEV-MAIN-EDG-012,1,1,1,1,1,0.4,0.0,0,1,HIGH,2
CFG-0009776,DEV-CARDIO-FIR-089,0,1,1,1,1,0.0,0.0,0,0,LOW,0
CFG-0009777,DEV-PHARM-COR-106,0,1,1,1,1,0.0,0.0,0,0,LOW,0
CFG-0009778,DEV-ADMIN-SWI-049,0,1,1,1,1,0.0,0.0,0,0,LOW,0
CFG-0009779,DEV-CLINIC-ACC-033,1,1,1,1,1,0.4,0.0,0,1,HIGH,2
CFG-0009780,DEV-RESEARCH-EDG-055,1,1,1,1,1,0.4,0.0,0,1,HIGH,2
CFG-0009781,DEV-EMERGENCY-VPN-002,0,1,1,1,1,0.0,0.0,0,0,LOW,0
CFG-0009782,DEV-MAIN-EDG-071,0,1,1,1,1,0.0,0.0,0,0,LOW,0
CFG-0009783,DEV-MAIN-IOT-018,0,1,1,1,0,0.0,0.5,1,0,LOW,0
CFG-0009784,DEV-PHARM-FIR-028,0,1,1,1,1,0.0,0.0,1,0,LOW,0
CFG-0009785,DEV-PHARM-FIR-010,0,1,1,1,1,0.0,0.0,0,0,LOW,0
CFG-0009786,DEV-MAIN-VPN-026,0,1,1,1,1,0.0,0.0,0,0,LOW,0
CFG-0009787,DEV-PHARM-FIR-101,0,1,1,1,1,0.0,0.0,0,0,LOW,0
CFG-0009788,DEV-CARDIO-ACC-068,0,1,1,1,1,0.0,0.0,0,0,LOW,0
CFG-0009789,DEV-MAIN-IOT-018,0,1,1,1,1,0.0,0.0,0,0,LOW,0
CFG-0009790,DEV-RESEARCH-EDG-057,0,1,1,0,1,0.0,0.5,1,1,LOW,0
CFG-0009791,DEV-MAIN-ACC-077,0,1,1,1,1,0.0,0.0,1,0,LOW,0
CFG-0009792,DEV-ADMIN-VPN-021,0,1,1,0,1,0.0,0.5,0,1,MEDIUM,1
CFG-0009793,DEV-PEDS-VPN-025,1,1,1,1,1,0.4,0.0,0,1,HIGH,2
CFG-0009794,DEV-PEDS-WIR-007,0,1,1,1,1,0.0,0.0,0,0,LOW,0
CFG-0009795,DEV-MAIN-ACC-077,0,1,1,1,1,0.0,0.0,1,0,LOW,0
CFG-0009796,DEV-PHARM-ACC-083,0,1,1,1,1,0.0,0.0,1,0,LOW,0
CFG-0009797,DEV-RESEARCH-SWI-001,0,1,1,1,1,0.0,0.0,0,0,LOW,0
CFG-0009798,DEV-CLINIC-ACC-109,0,1,1,1,1,0.0,0.0,0,0,LOW,0
CFG-0009799,DEV-PHARM-VPN-047,0,1,1,1,1,0.0,0.0,0,0,LOW,0
CFG-0009800,DEV-CLINIC-VPN-029,1,1,1,1,1,0.4,0.0,0,1,HIGH,2
CFG-0009801,DEV-PHARM-ACC-083,0,1,0,1,1,0.3,0.0,0,1,HIGH,2
CFG-0009802,DEV-RESEARCH-FIR-056,0,1,1,1,0,0.0,0.5,0,0,LOW,0
CFG-0009803,DEV-PEDS-IOT-035,0,1,1,1,1,0.0,0.0,1,0,LOW,0
CFG-0009804,DEV-DIAG-WIR-084,0,1,1,1,1,0.0,0.0,1,0,LOW,0
CFG-0009805,DEV-ONCOLOGY-ACC-016,0,1,1,1,1,0.0,0.0,0,0,LOW,0
CFG-0009806,DEV-PHARM-COR-106,0,1,1,1,1,0.0,0.0,0,0,LOW,0
CFG-0009807,DEV-RESEARCH-SWI-001,0,1,1,1,1,0.0,0.0,0,0,LOW,0
CFG-0009808,DEV-CLINIC-EDG-048,0,1,1,1,1,0.0,0.0,0,0,LOW,0
CFG-0009809,DEV-RESEARCH-VPN-045,0,1,1,1,1,0.0,0.0,0,0,LOW,0
CFG-0009810,DEV-RESEARCH-EDG-057,0,1,1,1,1,0.0,0.0,0,0,LOW,0
CFG-0009811,DEV-RESEARCH-EDG-057,0,1,1,1,1,0.0,0.0,1,0,LOW,0
CFG-0009812,DEV-PHARM-ACC-083,1,1,1,1,1,0.4,0.0,0,1,HIGH,2
CFG-0009813,DEV-EMERGENCY-VPN-002,0,1,1,0,1,0.0,0.5,1,1,LOW,0
CFG-0009814,DEV-EMERGENCY-VPN-094,0,1,1,1,1,0.0,0.0,0,0,LOW,0
CFG-0009815,DEV-CARDIO-ACC-068,0,1,0,1,1,0.3,0.0,0,1,HIGH,2
CFG-0009816,DEV-ADMIN-SWI-049,0,1,1,1,1,0.0,0.0,0,0,LOW,0
CFG-0009817,DEV-RESEARCH-SWI-020,0,1,1,1,1,0.0,0.0,0,0,LOW,0
CFG-0009818,DEV-RESEARCH-VPN-045,1,1,1,0,1,0.4,0.5,0,2,HIGH,2
CFG-0009819,DEV-ADMIN-IOT-003,0,1,1,1,1,0.0,0.0,0,0,LOW,0
CFG-0009820,DEV-ADMIN-FIR-093,0,1,1,1,1,0.0,0.0,1,0,LOW,0
CFG-0009821,DEV-CARDIO-COR-063,0,1,1,1,1,0.0,0.0,0,0,LOW,0
CFG-0009822,DEV-MAIN-IOT-005,0,1,1,1,1,0.0,0.0,1,0,LOW,0
CFG-0009823,DEV-ONCOLOGY-ACC-016,1,1,1,1,1,0.4,0.0,0,1,HIGH,2
CFG-0009824,DEV-RESEARCH-FIR-056,0,1,1,1,1,0.0,0.0,0,0,LOW,0
CFG-0009825,DEV-RESEARCH-IOT-072,0,1,1,1,1,0.0,0.0,0,0,LOW,0
CFG-0009826,DEV-CARDIO-SWI-062,0,1,1,1,1,0.0,0.0,0,0,LOW,0
CFG-0009827,DEV-EMERGENCY-SWI-066,1,1,1,1,1,0.4,0.0,0,1,HIGH,2
CFG-0009828,DEV-ADMIN-FIR-024,0,1,1,1,1,0.0,0.0,0,0,LOW,0
CFG-0009829,DEV-ONCOLOGY-ACC-016,0,1,1,1,1,0.0,0.0,0,0,LOW,0
CFG-0009830,DEV-EMERGENCY-VPN-002,0,1,1,1,1,0.0,0.0,1,0,LOW,0
CFG-0009831,DEV-EMERGENCY-VPN-094,0,1,1,1,1,0.0,0.0,0,0,LOW,0
CFG-0009832,DEV-DIAG-ACC-036,0,1,1,1,1,0.0,0.0,0,0,LOW,0
CFG-0009833,DEV-DIAG-FIR-108,1,1,1,1,1,0.4,0.0,1,1,LOW,0
CFG-0009834,DEV-ADMIN-WIR-013,0,1,0,1,1,0.3,0.0,0,1,HIGH,2
CFG-0009835,DEV-CLINIC-ACC-034,0,1,1,1,1,0.0,0.0,0,0,LOW,0
CFG-0009836,DEV-DIAG-SWI-092,1,1,1,1,1,0.4,0.0,0,1,HIGH,2
CFG-0009837,DEV-CLINIC-ACC-109,0,1,1,1,1,0.0,0.0,0,0,LOW,0
CFG-0009838,DEV-EMERGENCY-IOT-073,0,1,1,1,1,0.0,0.0,1,0,LOW,0
CFG-0009839,DEV-RESEARCH-FIR-078,0,1,1,1,1,0.0,0.0,0,0,LOW,0
CFG-0009840,DEV-MAIN-IOT-018,0,1,1,1,1,0.0,0.0,0,0,LOW,0
CFG-0009841,DEV-MAIN-SWI-017,0,1,1,1,1,0.0,0.0,0,0,LOW,0
CFG-0009842,DEV-RESEARCH-SWI-079,0,1,1,1,1,0.0,0.0,1,0,LOW,0
CFG-0009843,DEV-CARDIO-EDG-085,0,1,1,1,1,0.0,0.0,0,0,LOW,0
CFG-0009844,DEV-CLINIC-ACC-033,0,1,1,0,1,0.0,0.5,0,1,MEDIUM,1
CFG-0009845,DEV-PEDS-IOT-046,0,1,1,1,1,0.0,0.0,0,0,LOW,0
CFG-0009846,DEV-RESEARCH-FIR-078,0,1,1,1,1,0.0,0.0,1,0,LOW,0
CFG-0009847,DEV-PEDS-FIR-069,0,1,1,0,1,0.0,0.5,0,1,MEDIUM,1
CFG-0009848,DEV-PHARM-VPN-023,0,1,0,1,1,0.3,0.0,0,1,HIGH,2
CFG-0009849,DEV-DIAG-SWI-060,0,1,1,1,1,0.0,0.0,0,0,LOW,0
CFG-0009850,DEV-DIAG-SWI-060,0,1,1,1,1,0.0,0.0,0,0,LOW,0
CFG-0009851,DEV-CLINIC-EDG-048,0,1,1,1,1,0.0,0.0,0,0,LOW,0
CFG-0009852,DEV-MAIN-SWI-044,0,1,1,0,1,0.0,0.5,0,1,MEDIUM,1
CFG-0009853,DEV-PEDS-COR-054,0,1,1,1,1,0.0,0.0,0,0,LOW,0
CFG-0009854,DEV-DIAG-SWI-032,0,1,1,1,1,0.0,0.0,0,0,LOW,0
CFG-0009855,DEV-RESEARCH-FIR-056,0,1,1,0,1,0.0,0.5,0,1,MEDIUM,1
CFG-0009856,DEV-MAIN-ACC-090,0,1,1,1,1,0.0,0.0,0,0,LOW,0
CFG-0009857,DEV-RESEARCH-FIR-031,0,1,1,1,1,0.0,0.0,0,0,LOW,0
CFG-0009858,DEV-PEDS-IOT-046,0,1,1,1,1,0.0,0.0,0,0,LOW,0
CFG-0009859,DEV-MAIN-ACC-090,1,1,1,1,1,0.4,0.0,1,1,LOW,0
CFG-0009860,DEV-PHARM-VPN-047,0,1,1,1,1,0.0,0.0,0,0,LOW,0
CFG-0009861,DEV-PEDS-WIR-007,0,1,1,1,1,0.0,0.0,0,0,LOW,0
CFG-0009862,DEV-DIAG-FIR-108,0,1,0,1,1,0.3,0.0,0,1,HIGH,2
CFG-0009863,DEV-PEDS-WIR-007,0,1,0,1,1,0.3,0.0,0,1,HIGH,2
CFG-0009864,DEV-CARDIO-ACC-008,0,1,0,1,1,0.3,0.0,0,1,HIGH,2
CFG-0009865,DEV-CLINIC-IOT-041,0,1,1,1,1,0.0,0.0,0,0,LOW,0
CFG-0009866,DEV-RESEARCH-SWI-001,0,1,1,1,1,0.0,0.0,1,0,LOW,0
CFG-0009867,DEV-PHARM-FIR-028,0,1,1,0,1,0.0,0.5,0,1,MEDIUM,1
CFG-0009868,DEV-ADMIN-IOT-003,0,1,1,1,1,0.0,0.0,0,0,LOW,0
CFG-0009869,DEV-MAIN-EDG-012,0,1,1,1,1,0.0,0.0,1,0,LOW,0
CFG-0009870,DEV-RESEARCH-EDG-055,0,1,1,1,1,0.0,0.0,1,0,LOW,0
CFG-0009871,DEV-PEDS-IOT-046,0,1,1,1,1,0.0,0.0,0,0,LOW,0
CFG-0009872,DEV-PHARM-FIR-010,0,1,1,1,1,0.0,0.0,0,0,LOW,0
CFG-0009873,DEV-MAIN-SWI-042,0,1,1,0,1,0.0,0.5,1,1,LOW,0
CFG-0009874,DEV-MAIN-VPN-026,0,1,1,1,1,0.0,0.0,0,0,LOW,0
CFG-0009875,DEV-RESEARCH-FIR-086,0,1,1,1,1,0.0,0.0,0,0,LOW,0
CFG-0009876,DEV-CLINIC-ACC-034,0,1,1,1,1,0.0,0.0,0,0,LOW,0
CFG-0009877,DEV-DIAG-SWI-032,0,1,1,1,1,0.0,0.0,0,0,LOW,0
CFG-0009878,DEV-DIAG-COR-009,0,1,1,1,1,0.0,0.0,0,0,LOW,0
CFG-0009879,DEV-CLINIC-EDG-048,0,1,1,1,1,0.0,0.0,0,0,LOW,0
CFG-0009880,DEV-CLINIC-ACC-109,0,1,1,1,1,0.0,0.0,0,0,LOW,0
CFG-0009881,DEV-ADMIN-VPN-021,0,1,1,1,1,0.0,0.0,1,0,LOW,0
CFG-0009882,DEV-ONCOLOGY-IOT-059,0,1,0,1,1,0.3,0.0,1,1,LOW,0
CFG-0009883,DEV-MAIN-IOT-005,0,1,1,1,1,0.0,0.0,0,0,LOW,0
CFG-0009884,DEV-CARDIO-SWI-074,0,1,0,1,1,0.3,0.0,0,1,HIGH,2
CFG-0009885,DEV-ONCOLOGY-SWI-039,0,1,1,1,1,0.0,0.0,0,0,LOW,0
CFG-0009886,DEV-EMERGENCY-VPN-094,0,1,1,1,1,0.0,0.0,1,0,LOW,0
CFG-0009887,DEV-MAIN-SWI-042,0,1,1,0,1,0.0,0.5,0,1,MEDIUM,1
CFG-0009888,DEV-DIAG-FIR-108,0,1,1,1,1,0.0,0.0,0,0,LOW,0
CFG-0009889,DEV-MAIN-EDG-014,0,1,1,1,1,0.0,0.0,0,0,LOW,0
CFG-0009890,DEV-ONCOLOGY-WIR-037,0,1,1,1,1,0.0,0.0,1,0,LOW,0
CFG-0009891,DEV-RESEARCH-SWI-100,0,1,1,1,1,0.0,0.0,0,0,LOW,0
CFG-0009892,DEV-MAIN-SWI-044,0,1,1,1,1,0.0,0.0,0,0,LOW,0
CFG-0009893,DEV-ONCOLOGY-ACC-053,0,1,1,1,1,0.0,0.0,0,0,LOW,0
CFG-0009894,DEV-CARDIO-COR-063,1,1,1,1,1,0.4,0.0,0,1,HIGH,2
CFG-0009895,DEV-CARDIO-EDG-085,0,1,1,1,1,0.0,0.0,0,0,LOW,0
CFG-0009896,DEV-MAIN-EDG-014,0,1,1,1,1,0.0,0.0,0,0,LOW,0
CFG-0009897,DEV-MAIN-SWI-044,0,1,0,1,1,0.3,0.0,0,1,HIGH,2
CFG-0009898,DEV-CLINIC-WIR-097,0,1,1,1,1,0.0,0.0,0,0,LOW,0
CFG-0009899,DEV-MAIN-WIR-043,0,1,1,1,0,0.0,0.5,0,0,LOW,0
CFG-0009900,DEV-ONCOLOGY-IOT-070,0,1,1,1,1,0.0,0.0,0,0,LOW,0
CFG-0009901,DEV-EMERGENCY-VPN-002,1,1,1,1,1,0.4,0.0,1,1,LOW,0
CFG-0009902,DEV-EMERGENCY-IOT-015,0,1,1,1,1,0.0,0.0,0,0,LOW,0
CFG-0009903,DEV-CARDIO-ACC-008,0,1,0,1,1,0.3,0.0,0,1,HIGH,2
CFG-0009904,DEV-CLINIC-ACC-027,1,1,1,1,1,0.4,0.0,0,1,HIGH,2
CFG-0009905,DEV-PEDS-COR-054,1,1,1,1,1,0.4,0.0,0,1,HIGH,2
CFG-0009906,DEV-ADMIN-WIR-013,1,1,1,1,1,0.4,0.0,0,1,HIGH,2
CFG-0009907,DEV-CARDIO-VPN-011,1,1,1,1,1,0.4,0.0,0,1,HIGH,2
CFG-0009908,DEV-ONCOLOGY-FIR-061,0,1,1,1,1,0.0,0.0,0,0,LOW,0
CFG-0009909,DEV-CARDIO-IOT-110,0,1,1,1,1,0.0,0.0,1,0,LOW,0
CFG-0009910,DEV-ONCOLOGY-IOT-070,1,1,1,1,1,0.4,0.0,0,1,HIGH,2
CFG-0009912,DEV-DIAG-ACC-103,0,1,1,1,1,0.0,0.0,0,0,LOW,0
CFG-0009913,DEV-CLINIC-EDG-048,0,1,1,1,1,0.0,0.0,1,0,LOW,0
CFG-0009914,DEV-PHARM-VPN-047,0,1,1,0,1,0.0,0.5,0,1,MEDIUM,1
CFG-0009915,DEV-CARDIO-FIR-088,0,1,1,1,1,0.0,0.0,0,0,LOW,0
CFG-0009916,DEV-CARDIO-ACC-008,0,1,1,1,1,0.0,0.0,0,0,LOW,0
CFG-0009917,DEV-ONCOLOGY-FIR-061,0,1,1,1,0,0.0,0.5,1,0,LOW,0
CFG-0009918,DEV-DIAG-ACC-036,0,1,1,0,1,0.0,0.5,0,1,MEDIUM,1
CFG-0009919,DEV-ONCOLOGY-ACC-053,0,1,1,1,0,0.0,0.5,1,0,LOW,0
CFG-0009920,DEV-DIAG-EDG-080,0,1,1,1,1,0.0,0.0,1,0,LOW,0
CFG-0009921,DEV-ONCOLOGY-SWI-039,1,1,1,1,1,0.4,0.0,0,1,HIGH,2
CFG-0009922,DEV-RESEARCH-SWI-079,0,1,1,1,1,0.0,0.0,0,0,LOW,0
CFG-0009923,DEV-DIAG-ACC-103,0,1,1,1,1,0.0,0.0,1,0,LOW,0
CFG-0009924,DEV-CARDIO-COR-063,0,1,0,1,1,0.3,0.0,0,1,HIGH,2
CFG-0009925,DEV-RESEARCH-EDG-055,0,1,1,1,1,0.0,0.0,0,0,LOW,0
CFG-0009926,DEV-ADMIN-FIR-093,0,1,1,1,1,0.0,0.0,0,0,LOW,0
CFG-0009927,DEV-CARDIO-IOT-110,0,1,1,1,0,0.0,0.5,0,0,LOW,0
CFG-0009928,DEV-CARDIO-ACC-068,0,1,1,1,1,0.0,0.0,0,0,LOW,0
CFG-0009929,DEV-MAIN-FIR-064,0,1,1,1,1,0.0,0.0,0,0,LOW,0
CFG-0009930,DEV-ONCOLOGY-IOT-059,0,1,1,1,1,0.0,0.0,0,0,LOW,0
CFG-0009931,DEV-CLINIC-ACC-034,0,1,1,1,1,0.0,0.0,0,0,LOW,0
CFG-0009932,DEV-PHARM-FIR-010,0,1,0,1,1,0.3,0.0,0,1,HIGH,2
CFG-0009933,DEV-CLINIC-VPN-098,0,1,1,0,1,0.0,0.5,0,1,MEDIUM,1
CFG-0009934,DEV-EMERGENCY-SWI-052,0,1,1,1,1,0.0,0.0,0,0,LOW,0
CFG-0009935,DEV-PHARM-VPN-102,0,1,1,1,1,0.0,0.0,0,0,LOW,0
CFG-0009936,DEV-PHARM-FIR-101,0,1,1,1,1,0.0,0.0,1,0,LOW,0
CFG-0009937,DEV-DIAG-SWI-092,0,1,1,1,1,0.0,0.0,1,0,LOW,0
CFG-0009938,DEV-CLINIC-VPN-098,0,1,1,1,1,0.0,0.0,0,0,LOW,0
CFG-0009939,DEV-PHARM-FIR-028,0,1,1,0,1,0.0,0.5,1,1,LOW,0
CFG-0009940,DEV-MAIN-ACC-090,0,1,1,1,1,0.0,0.0,1,0,LOW,0
CFG-0009941,DEV-DIAG-COR-009,0,1,1,1,1,0.0,0.0,1,0,LOW,0
CFG-0009943,DEV-PEDS-COR-019,0,1,1,1,1,0.0,0.0,0,0,LOW,0
CFG-0009944,DEV-MAIN-FIR-064,0,1,1,1,1,0.0,0.0,1,0,LOW,0
CFG-0009945,DEV-CLINIC-ACC-027,0,1,1,1,1,0.0,0.0,1,0,LOW,0
CFG-0009946,DEV-RESEARCH-EDG-057,0,1,1,1,1,0.0,0.0,0,0,LOW,0
CFG-0009947,DEV-PHARM-IOT-107,0,1,1,1,1,0.0,0.0,0,0,LOW,0
CFG-0009948,DEV-CLINIC-ACC-033,0,1,1,1,1,0.0,0.0,0,0,LOW,0
CFG-0009949,DEV-PHARM-FIR-010,1,1,1,1,1,0.4,0.0,0,1,HIGH,2
CFG-0009950,DEV-EMERGENCY-SWI-081,0,1,1,1,1,0.0,0.0,0,0,LOW,0
CFG-0009951,DEV-EMERGENCY-SWI-099,0,1,1,1,1,0.0,0.0,0,0,LOW,0
CFG-0009952,DEV-RESEARCH-SWI-001,0,1,1,1,1,0.0,0.0,1,0,LOW,0
CFG-0009953,DEV-ADMIN-SWI-049,0,1,1,1,1,0.0,0.0,1,0,LOW,0
CFG-0009954,DEV-PEDS-FIR-069,0,1,1,1,1,0.0,0.0,0,0,LOW,0
CFG-0009955,DEV-PHARM-EDG-038,0,1,1,1,1,0.0,0.0,0,0,LOW,0
CFG-0009956,DEV-RESEARCH-SWI-100,0,1,1,1,1,0.0,0.0,1,0,LOW,0
CFG-0009957,DEV-DIAG-SWI-032,0,1,1,1,1,0.0,0.0,1,0,LOW,0
CFG-0009958,DEV-CLINIC-VPN-098,0,1,1,1,1,0.0,0.0,0,0,LOW,0
CFG-0009959,DEV-PHARM-EDG-038,0,1,0,1,1,0.3,0.0,0,1,HIGH,2
CFG-0009960,DEV-DIAG-SWI-092,0,1,1,1,1,0.0,0.0,0,0,LOW,0
CFG-0009961,DEV-PHARM-VPN-023,0,1,1,1,1,0.0,0.0,1,0,LOW,0
CFG-0009962,DEV-ONCOLOGY-IOT-059,0,1,1,1,1,0.0,0.0,1,0,LOW,0
CFG-0009963,DEV-MAIN-EDG-014,1,1,1,1,1,0.4,0.0,0,1,HIGH,2
CFG-0009964,DEV-DIAG-ACC-036,0,1,1,1,1,0.0,0.0,0,0,LOW,0
CFG-0009965,DEV-PEDS-IOT-046,0,1,1,1,1,0.0,0.0,0,0,LOW,0
CFG-0009966,DEV-RESEARCH-SWI-020,0,1,1,1,1,0.0,0.0,0,0,LOW,0
CFG-0009967,DEV-CLINIC-VPN-051,0,1,1,0,1,0.0,0.5,0,1,MEDIUM,1
CFG-0009968,DEV-ADMIN-IOT-003,0,1,1,1,1,0.0,0.0,0,0,LOW,0
CFG-0009969,DEV-MAIN-SWI-044,0,1,1,1,1,0.0,0.0,1,0,LOW,0
CFG-0009970,DEV-EMERGENCY-IOT-073,0,1,1,1,1,0.0,0.0,1,0,LOW,0
CFG-0009972,DEV-ADMIN-IOT-003,0,1,1,0,1,0.0,0.5,0,1,MEDIUM,1
CFG-0009973,DEV-CARDIO-IOT-110,0,1,1,1,1,0.0,0.0,0,0,LOW,0
CFG-0009974,DEV-CLINIC-EDG-048,0,1,1,1,1,0.0,0.0,0,0,LOW,0
CFG-0009975,DEV-DIAG-FIR-108,0,1,1,1,1,0.0,0.0,1,0,LOW,0
CFG-0009976,DEV-DIAG-SWI-032,0,1,1,1,1,0.0,0.0,1,0,LOW,0
CFG-0009977,DEV-EMERGENCY-SWI-099,0,1,1,1,1,0.0,0.0,0,0,LOW,0
CFG-0009978,DEV-MAIN-SWI-017,0,1,1,1,1,0.0,0.0,0,0,LOW,0
CFG-0009979,DEV-PEDS-IOT-035,0,1,1,1,1,0.0,0.0,0,0,LOW,0
CFG-0009980,DEV-EMERGENCY-FIR-058,0,1,1,1,1,0.0,0.0,0,0,LOW,0
CFG-0009981,DEV-RESEARCH-EDG-055,0,1,1,1,1,0.0,0.0,0,0,LOW,0
CFG-0009982,DEV-ONCOLOGY-ACC-053,0,1,1,1,1,0.0,0.0,0,0,LOW,0
CFG-0009983,DEV-PEDS-FIR-069,0,1,1,1,1,0.0,0.0,0,0,LOW,0
CFG-0009984,DEV-CLINIC-ACC-027,0,1,1,1,1,0.0,0.0,0,0,LOW,0
CFG-0009985,DEV-PEDS-COR-019,0,1,1,1,0,0.0,0.5,0,0,LOW,0
CFG-0009986,DEV-RESEARCH-EDG-055,0,1,1,1,1,0.0,0.0,0,0,LOW,0
CFG-0009987,DEV-RESEARCH-VPN-045,0,1,1,1,0,0.0,0.5,0,0,LOW,0
CFG-0009988,DEV-DIAG-FIR-108,0,1,1,1,1,0.0,0.0,0,0,LOW,0
CFG-0009989,DEV-MAIN-WIR-043,0,1,1,1,1,0.0,0.0,1,0,LOW,0
CFG-0009990,DEV-EMERGENCY-SWI-096,0,1,1,1,1,0.0,0.0,1,0,LOW,0
CFG-0009991,DEV-EMERGENCY-COR-065,1,1,1,1,1,0.4,0.0,1,1,LOW,0
CFG-0009992,DEV-ADMIN-COR-105,1,1,1,1,1,0.4,0.0,0,1,HIGH,2
CFG-0009993,DEV-PHARM-FIR-028,0,1,1,1,1,0.0,0.0,0,0,LOW,0
CFG-0009994,DEV-CLINIC-VPN-098,0,1,1,0,1,0.0,0.5,0,1,MEDIUM,1
CFG-0009995,DEV-RESEARCH-FIR-031,0,1,1,1,1,0.0,0.0,0,0,LOW,0
CFG-0009996,DEV-DIAG-COR-009,0,1,1,1,1,0.0,0.0,0,0,LOW,0
CFG-0009997,DEV-CARDIO-VPN-011,0,1,1,1,1,0.0,0.0,0,0,LOW,0
CFG-0009998,DEV-CARDIO-FIR-088,0,1,1,1,1,0.0,0.0,1,0,LOW,0
CFG-0009999,DEV-PHARM-VPN-004,0,1,1,1,1,0.0,0.0,1,0,LOW,0
CFG-0010000,DEV-RESEARCH-IOT-072,0,1,1,0,1,0.0,0.5,0,1,MEDIUM,1
CFG-0010001,DEV-ADMIN-WIR-013,0,1,1,1,1,0.0,0.0,0,0,LOW,0
CFG-0010002,DEV-DIAG-SWI-060,0,1,1,1,1,0.0,0.0,0,0,LOW,0
CFG-0010003,DEV-CLINIC-EDG-048,0,1,1,1,1,0.0,0.0,0,0,LOW,0
CFG-0010004,DEV-PEDS-FIR-069,0,1,1,1,1,0.0,0.0,0,0,LOW,0
CFG-0010005,DEV-CARDIO-EDG-085,0,1,1,1,1,0.0,0.0,1,0,LOW,0
CFG-0010006,DEV-RESEARCH-EDG-057,0,1,1,1,1,0.0,0.0,1,0,LOW,0
CFG-0010007,DEV-ONCOLOGY-FIR-061,0,1,1,1,1,0.0,0.0,1,0,LOW,0
CFG-0010008,DEV-CARDIO-EDG-085,1,1,1,1,1,0.4,0.0,1,1,LOW,0
CFG-0010009,DEV-PHARM-FIR-101,0,1,1,1,1,0.0,0.0,0,0,LOW,0
CFG-0010010,DEV-PEDS-COR-054,1,1,1,1,1,0.4,0.0,1,1,LOW,0
CFG-0010011,DEV-DIAG-ACC-036,0,1,1,1,1,0.0,0.0,0,0,LOW,0
CFG-0010012,DEV-CLINIC-VPN-098,0,1,1,1,1,0.0,0.0,0,0,LOW,0
CFG-0010013,DEV-MAIN-IOT-005,0,1,1,1,1,0.0,0.0,0,0,LOW,0
CFG-0010014,DEV-PHARM-VPN-047,0,1,1,1,1,0.0,0.0,1,0,LOW,0
CFG-0010015,DEV-PEDS-IOT-035,0,1,1,1,1,0.0,0.0,0,0,LOW,0
CFG-0010016,DEV-MAIN-SWI-042,0,1,1,1,0,0.0,0.5,1,0,LOW,0
CFG-0010017,DEV-ADMIN-IOT-003,0,1,1,1,1,0.0,0.0,0,0,LOW,0
CFG-0010018,DEV-CARDIO-IOT-006,0,1,1,1,1,0.0,0.0,1,0,LOW,0
CFG-0010019,DEV-CARDIO-VPN-011,0,1,1,1,1,0.0,0.0,0,0,LOW,0
CFG-0010020,DEV-PHARM-VPN-004,0,1,1,1,1,0.0,0.0,0,0,LOW,0
CFG-0010021,DEV-RESEARCH-FIR-031,0,1,1,0,1,0.0,0.5,1,1,LOW,0
CFG-0010022,DEV-DIAG-SWI-032,0,1,1,1,1,0.0,0.0,1,0,LOW,0
CFG-0010023,DEV-ADMIN-FIR-024,0,1,1,1,1,0.0,0.0,1,0,LOW,0
CFG-0010024,DEV-EMERGENCY-IOT-073,0,1,1,1,1,0.0,0.0,0,0,LOW,0
CFG-0010025,DEV-CLINIC-ACC-109,0,1,1,1,0,0.0,0.5,0,0,LOW,0
CFG-0010026,DEV-CARDIO-IOT-110,0,1,1,1,1,0.0,0.0,0,0,LOW,0
CFG-0010027,DEV-PHARM-FIR-028,0,1,1,1,1,0.0,0.0,0,0,LOW,0
CFG-0010028,DEV-ADMIN-SWI-049,0,1,1,1,1,0.0,0.0,0,0,LOW,0
CFG-0010029,DEV-EMERGENCY-IOT-073,0,1,1,0,1,0.0,0.5,0,1,MEDIUM,1
CFG-0010030,DEV-DIAG-COR-009,0,1,1,1,1,0.0,0.0,0,0,LOW,0
CFG-0010031,DEV-CARDIO-SWI-062,1,1,1,1,1,0.4,0.0,0,1,HIGH,2
CFG-0010032,DEV-EMERGENCY-FIR-058,0,1,0,1,1,0.3,0.0,0,1,HIGH,2
CFG-0010033,DEV-EMERGENCY-SWI-099,0,1,1,1,1,0.0,0.0,0,0,LOW,0
CFG-0010034,DEV-PHARM-ACC-083,0,1,1,1,1,0.0,0.0,0,0,LOW,0
CFG-0010035,DEV-ADMIN-SWI-049,0,1,1,1,1,0.0,0.0,0,0,LOW,0
CFG-0010036,DEV-MAIN-SWI-044,0,1,0,1,1,0.3,0.0,0,1,HIGH,2
CFG-0010037,DEV-CARDIO-SWI-074,1,1,1,1,1,0.4,0.0,0,1,HIGH,2
CFG-0010038,DEV-RESEARCH-SWI-100,0,1,1,1,1,0.0,0.0,0,0,LOW,0
CFG-0010039,DEV-PHARM-FIR-101,0,1,1,1,1,0.0,0.0,0,0,LOW,0
CFG-0010040,DEV-CLINIC-VPN-098,0,1,1,1,1,0.0,0.0,0,0,LOW,0
CFG-0010041,DEV-EMERGENCY-COR-065,0,1,1,1,1,0.0,0.0,1,0,LOW,0
CFG-0010042,DEV-ADMIN-SWI-049,0,1,1,1,1,0.0,0.0,0,0,LOW,0
CFG-0010043,DEV-DIAG-ACC-103,0,1,1,1,1,0.0,0.0,1,0,LOW,0
CFG-0010044,DEV-DIAG-SWI-032,0,1,1,1,1,0.0,0.0,0,0,LOW,0
CFG-0010045,DEV-DIAG-SWI-032,0,1,1,1,1,0.0,0.0,0,0,LOW,0
CFG-0010046,DEV-RESEARCH-IOT-072,0,1,1,1,1,0.0,0.0,0,0,LOW,0
CFG-0010048,DEV-PEDS-WIR-007,0,1,1,0,1,0.0,0.5,0,1,MEDIUM,1
CFG-0010049,DEV-DIAG-EDG-067,0,1,1,1,1,0.0,0.0,0,0,LOW,0
CFG-0010050,DEV-ADMIN-IOT-003,0,1,1,1,1,0.0,0.0,1,0,LOW,0
CFG-0010051,DEV-MAIN-SWI-042,0,1,1,1,1,0.0,0.0,0,0,LOW,0
CFG-0010052,DEV-PHARM-FIR-101,0,1,1,1,1,0.0,0.0,0,0,LOW,0
CFG-0010053,DEV-CARDIO-IOT-006,0,1,1,1,0,0.0,0.5,1,0,LOW,0
CFG-0010054,DEV-RESEARCH-EDG-055,0,1,1,1,1,0.0,0.0,0,0,LOW,0
CFG-0010055,DEV-DIAG-COR-009,1,1,1,1,1,0.4,0.0,0,1,HIGH,2
CFG-0010056,DEV-CARDIO-COR-063,0,1,1,1,1,0.0,0.0,0,0,LOW,0
CFG-0010057,DEV-RESEARCH-VPN-045,1,1,1,1,1,0.4,0.0,0,1,HIGH,2
CFG-0010058,DEV-ONCOLOGY-WIR-037,0,1,1,1,1,0.0,0.0,0,0,LOW,0
CFG-0010059,DEV-CARDIO-VPN-011,0,1,1,1,1,0.0,0.0,1,0,LOW,0
CFG-0010060,DEV-PEDS-ACC-104,0,1,1,1,1,0.0,0.0,0,0,LOW,0
CFG-0010061,DEV-ONCOLOGY-VPN-075,0,1,1,1,1,0.0,0.0,1,0,LOW,0
CFG-0010062,DEV-RESEARCH-SWI-001,0,1,1,1,1,0.0,0.0,0,0,LOW,0
CFG-0010063,DEV-RESEARCH-FIR-086,0,1,1,1,1,0.0,0.0,0,0,LOW,0
CFG-0010064,DEV-ONCOLOGY-VPN-075,0,1,1,1,1,0.0,0.0,0,0,LOW,0
CFG-0010065,DEV-PHARM-FIR-028,1,1,1,0,1,0.4,0.5,0,2,HIGH,2
CFG-0010066,DEV-DIAG-ACC-103,0,1,1,1,1,0.0,0.0,0,0,LOW,0
CFG-0010067,DEV-MAIN-EDG-071,0,1,1,1,1,0.0,0.0,0,0,LOW,0
CFG-0010068,DEV-RESEARCH-SWI-001,0,1,1,1,1,0.0,0.0,0,0,LOW,0
CFG-0010069,DEV-DIAG-ACC-036,0,1,1,1,1,0.0,0.0,0,0,LOW,0
CFG-0010070,DEV-RESEARCH-VPN-045,0,1,1,1,1,0.0,0.0,1,0,LOW,0
CFG-0010071,DEV-ONCOLOGY-IOT-059,0,1,1,1,1,0.0,0.0,1,0,LOW,0
CFG-0010072,DEV-PEDS-VPN-025,0,1,1,1,1,0.0,0.0,0,0,LOW,0
CFG-0010073,DEV-RESEARCH-SWI-001,0,1,1,1,0,0.0,0.5,1,0,LOW,0
CFG-0010074,DEV-PEDS-FIR-069,0,1,1,1,1,0.0,0.0,0,0,LOW,0
CFG-0010075,DEV-CARDIO-ACC-008,0,1,1,1,1,0.0,0.0,0,0,LOW,0
CFG-0010076,DEV-MAIN-ACC-077,0,1,1,1,1,0.0,0.0,0,0,LOW,0
CFG-0010078,DEV-CLINIC-VPN-051,0,1,1,1,1,0.0,0.0,1,0,LOW,0
CFG-0010079,DEV-CARDIO-VPN-011,0,1,1,1,1,0.0,0.0,0,0,LOW,0
CFG-0010080,DEV-ONCOLOGY-IOT-059,0,1,1,1,1,0.0,0.0,0,0,LOW,0
CFG-0010081,DEV-ONCOLOGY-IOT-059,0,1,1,1,1,0.0,0.0,1,0,LOW,0
CFG-0010082,DEV-PHARM-VPN-047,0,1,1,1,1,0.0,0.0,0,0,LOW,0
CFG-0010083,DEV-RESEARCH-EDG-055,0,1,1,1,1,0.0,0.0,1,0,LOW,0
CFG-0010084,DEV-MAIN-EDG-014,0,1,1,1,1,0.0,0.0,0,0,LOW,0
CFG-0010085,DEV-PEDS-ACC-104,0,1,1,1,1,0.0,0.0,0,0,LOW,0
CFG-0010086,DEV-ADMIN-FIR-024,0,1,1,1,1,0.0,0.0,0,0,LOW,0
CFG-0010087,DEV-RESEARCH-FIR-078,0,1,0,1,1,0.3,0.0,1,1,LOW,0
CFG-0010088,DEV-DIAG-COR-009,0,1,1,1,1,0.0,0.0,0,0,LOW,0
CFG-0010089,DEV-PHARM-FIR-028,0,1,1,1,1,0.0,0.0,0,0,LOW,0
CFG-0010090,DEV-ADMIN-COR-105,0,1,1,1,1,0.0,0.0,0,0,LOW,0
CFG-0010091,DEV-MAIN-SWI-017,0,1,1,1,1,0.0,0.0,0,0,LOW,0
CFG-0010092,DEV-ONCOLOGY-WIR-037,0,1,1,1,1,0.0,0.0,0,0,LOW,0
CFG-0010093,DEV-ONCOLOGY-ACC-016,0,1,1,1,1,0.0,0.0,0,0,LOW,0
CFG-0010094,DEV-MAIN-FIR-064,0,1,1,1,1,0.0,0.0,0,0,LOW,0
CFG-0010095,DEV-MAIN-EDG-014,0,1,1,1,1,0.0,0.0,0,0,LOW,0
CFG-0010097,DEV-ADMIN-IOT-003,0,1,1,1,1,0.0,0.0,1,0,LOW,0
CFG-0010098,DEV-PHARM-FIR-028,0,1,1,1,1,0.0,0.0,1,0,LOW,0
CFG-0010099,DEV-ONCOLOGY-VPN-075,0,1,0,1,1,0.3,0.0,0,1,HIGH,2
CFG-0010100,DEV-ONCOLOGY-IOT-059,0,1,0,1,1,0.3,0.0,0,1,HIGH,2
CFG-0010101,DEV-PEDS-IOT-046,0,1,0,1,1,0.3,0.0,0,1,HIGH,2
CFG-0010102,DEV-EMERGENCY-SWI-099,0,1,1,1,1,0.0,0.0,0,0,LOW,0
CFG-0010103,DEV-DIAG-WIR-084,0,1,1,1,1,0.0,0.0,0,0,LOW,0
CFG-0010105,DEV-PHARM-FIR-101,0,1,1,1,1,0.0,0.0,0,0,LOW,0
CFG-0010106,DEV-EMERGENCY-SWI-052,0,1,1,1,1,0.0,0.0,1,0,LOW,0
CFG-0010107,DEV-CLINIC-SWI-082,0,1,1,1,1,0.0,0.0,0,0,LOW,0
CFG-0010108,DEV-EMERGENCY-VPN-002,0,1,1,1,1,0.0,0.0,0,0,LOW,0
CFG-0010109,DEV-DIAG-COR-009,0,1,1,1,1,0.0,0.0,0,0,LOW,0
CFG-0010110,DEV-MAIN-FIR-091,0,1,1,1,1,0.0,0.0,0,0,LOW,0
CFG-0010111,DEV-DIAG-EDG-080,0,1,1,1,1,0.0,0.0,1,0,LOW,0
CFG-0010112,DEV-RESEARCH-FIR-031,0,1,1,0,1,0.0,0.5,0,1,MEDIUM,1
CFG-0010113,DEV-EMERGENCY-SWI-052,0,1,1,1,1,0.0,0.0,0,0,LOW,0
CFG-0010114,DEV-PEDS-ACC-104,0,1,1,1,1,0.0,0.0,0,0,LOW,0
CFG-0010115,DEV-EMERGENCY-SWI-052,0,1,1,1,1,0.0,0.0,0,0,LOW,0
CFG-0010116,DEV-MAIN-EDG-012,0,1,1,1,1,0.0,0.0,1,0,LOW,0
CFG-0010117,DEV-DIAG-WIR-084,0,1,1,1,1,0.0,0.0,0,0,LOW,0
CFG-0010118,DEV-CARDIO-SWI-062,0,1,1,1,1,0.0,0.0,0,0,LOW,0
CFG-0010119,DEV-PHARM-VPN-004,0,1,1,1,1,0.0,0.0,0,0,LOW,0
CFG-0010120,DEV-MAIN-SWI-042,0,1,1,0,1,0.0,0.5,1,1,LOW,0
CFG-0010121,DEV-CLINIC-ACC-034,0,1,1,1,1,0.0,0.0,1,0,LOW,0
CFG-0010122,DEV-RESEARCH-SWI-001,0,1,1,1,1,0.0,0.0,1,0,LOW,0
CFG-0010123,DEV-EMERGENCY-SWI-099,0,1,1,0,1,0.0,0.5,0,1,MEDIUM,1
CFG-0010124,DEV-CLINIC-ACC-033,0,1,1,1,1,0.0,0.0,1,0,LOW,0
CFG-0010125,DEV-RESEARCH-EDG-055,0,1,1,1,1,0.0,0.0,0,0,LOW,0
CFG-0010126,DEV-PHARM-VPN-004,0,1,1,1,1,0.0,0.0,1,0,LOW,0
CFG-0010127,DEV-MAIN-VPN-026,0,1,1,1,1,0.0,0.0,0,0,LOW,0
CFG-0010128,DEV-ONCOLOGY-IOT-059,0,1,1,1,1,0.0,0.0,0,0,LOW,0
CFG-0010129,DEV-MAIN-SWI-017,0,1,1,1,1,0.0,0.0,0,0,LOW,0
CFG-0010130,DEV-CARDIO-SWI-074,0,1,1,1,1,0.0,0.0,0,0,LOW,0
CFG-0010131,DEV-ONCOLOGY-ACC-016,1,1,1,1,1,0.4,0.0,0,1,HIGH,2
CFG-0010132,DEV-PHARM-VPN-023,0,1,1,1,1,0.0,0.0,0,0,LOW,0
CFG-0010133,DEV-MAIN-IOT-005,0,1,1,1,1,0.0,0.0,0,0,LOW,0
CFG-0010134,DEV-DIAG-EDG-067,0,1,0,1,1,0.3,0.0,0,1,HIGH,2
CFG-0010135,DEV-EMERGENCY-SWI-052,0,1,1,1,1,0.0,0.0,0,0,LOW,0
CFG-0010136,DEV-EMERGENCY-VPN-002,0,1,1,0,1,0.0,0.5,0,1,MEDIUM,1
CFG-0010137,DEV-MAIN-VPN-026,0,1,1,1,1,0.0,0.0,0,0,LOW,0
CFG-0010138,DEV-MAIN-WIR-043,1,1,1,1,1,0.4,0.0,1,1,LOW,0
CFG-0010139,DEV-CARDIO-EDG-085,0,1,1,1,1,0.0,0.0,0,0,LOW,0
CFG-0010140,DEV-DIAG-SWI-092,1,1,1,1,1,0.4,0.0,0,1,HIGH,2
CFG-0010141,DEV-EMERGENCY-VPN-094,0,1,1,1,1,0.0,0.0,0,0,LOW,0
CFG-0010142,DEV-CLINIC-WIR-097,0,1,1,1,1,0.0,0.0,1,0,LOW,0
CFG-0010143,DEV-EMERGENCY-SWI-066,0,1,1,1,1,0.0,0.0,1,0,LOW,0
CFG-0010144,DEV-ONCOLOGY-ACC-053,0,1,1,1,1,0.0,0.0,0,0,LOW,0
CFG-0010145,DEV-EMERGENCY-IOT-015,0,1,1,1,1,0.0,0.0,0,0,LOW,0
CFG-0010146,DEV-CLINIC-ACC-033,0,1,1,1,1,0.0,0.0,0,0,LOW,0
CFG-0010147,DEV-EMERGENCY-COR-022,1,1,1,1,1,0.4,0.0,0,1,HIGH,2
CFG-0010148,DEV-RESEARCH-SWI-001,0,1,1,1,1,0.0,0.0,1,0,LOW,0
CFG-0010149,DEV-ADMIN-VPN-021,0,1,1,1,1,0.0,0.0,0,0,LOW,0
CFG-0010150,DEV-RESEARCH-EDG-055,1,1,1,1,0,0.4,0.5,0,1,HIGH,2
CFG-0010151,DEV-ADMIN-IOT-003,0,1,1,1,1,0.0,0.0,0,0,LOW,0
CFG-0010152,DEV-RESEARCH-FIR-086,0,1,1,1,1,0.0,0.0,0,0,LOW,0
CFG-0010153,DEV-RESEARCH-SWI-079,0,1,1,1,1,0.0,0.0,0,0,LOW,0
CFG-0010154,DEV-PHARM-ACC-083,0,1,1,1,1,0.0,0.0,0,0,LOW,0
CFG-0010155,DEV-ADMIN-COR-105,0,1,1,0,1,0.0,0.5,0,1,MEDIUM,1
CFG-0010156,DEV-PEDS-WIR-040,0,1,1,1,1,0.0,0.0,0,0,LOW,0
CFG-0010157,DEV-CARDIO-ACC-068,0,1,1,1,0,0.0,0.5,1,0,LOW,0
CFG-0010158,DEV-DIAG-SWI-092,0,1,1,1,1,0.0,0.0,0,0,LOW,0
CFG-0010159,DEV-ONCOLOGY-ACC-016,0,1,1,1,1,0.0,0.0,0,0,LOW,0
CFG-0010160,DEV-ONCOLOGY-WIR-037,0,1,1,1,1,0.0,0.0,1,0,LOW,0
CFG-0010161,DEV-EMERGENCY-SWI-096,0,1,1,1,1,0.0,0.0,1,0,LOW,0
CFG-0010162,DEV-ONCOLOGY-VPN-075,0,1,1,1,1,0.0,0.0,0,0,LOW,0
CFG-0010163,DEV-PHARM-VPN-004,0,1,1,1,1,0.0,0.0,0,0,LOW,0
CFG-0010164,DEV-MAIN-IOT-005,0,1,1,1,0,0.0,0.5,1,0,LOW,0
CFG-0010165,DEV-ADMIN-VPN-021,0,1,1,1,1,0.0,0.0,0,0,LOW,0
CFG-0010166,DEV-CARDIO-IOT-110,0,1,1,1,1,0.0,0.0,0,0,LOW,0
CFG-0010167,DEV-MAIN-WIR-043,0,1,0,1,1,0.3,0.0,0,1,HIGH,2
CFG-0010168,DEV-EMERGENCY-SWI-099,0,1,1,1,1,0.0,0.0,1,0,LOW,0
CFG-0010169,DEV-DIAG-COR-009,0,1,1,1,1,0.0,0.0,1,0,LOW,0
CFG-0010170,DEV-CARDIO-IOT-110,1,1,1,1,1,0.4,0.0,0,1,HIGH,2
CFG-0010171,DEV-CLINIC-VPN-051,0,1,1,1,1,0.0,0.0,0,0,LOW,0
CFG-0010172,DEV-RESEARCH-SWI-001,0,1,1,1,1,0.0,0.0,0,0,LOW,0
CFG-0010173,DEV-EMERGENCY-SWI-081,0,1,1,1,1,0.0,0.0,0,0,LOW,0
CFG-0010174,DEV-RESEARCH-FIR-086,0,1,1,1,1,0.0,0.0,0,0,LOW,0
CFG-0010175,DEV-DIAG-SWI-032,0,1,1,1,1,0.0,0.0,0,0,LOW,0
CFG-0010176,DEV-MAIN-EDG-071,0,1,1,1,1,0.0,0.0,0,0,LOW,0
CFG-0010177,DEV-DIAG-EDG-067,0,1,1,1,1,0.0,0.0,0,0,LOW,0
CFG-0010178,DEV-CARDIO-COR-063,0,1,1,1,1,0.0,0.0,0,0,LOW,0
CFG-0010179,DEV-EMERGENCY-COR-022,0,1,1,1,1,0.0,0.0,0,0,LOW,0
CFG-0010180,DEV-CARDIO-IOT-110,0,1,1,1,1,0.0,0.0,0,0,LOW,0
CFG-0010181,DEV-EMERGENCY-SWI-052,0,1,1,1,1,0.0,0.0,0,0,LOW,0
CFG-0010182,DEV-ONCOLOGY-IOT-059,0,1,1,1,1,0.0,0.0,0,0,LOW,0
CFG-0010183,DEV-EMERGENCY-IOT-015,0,1,1,1,1,0.0,0.0,0,0,LOW,0
CFG-0010184,DEV-CARDIO-ACC-068,0,1,1,1,1,0.0,0.0,0,0,LOW,0
CFG-0010185,DEV-DIAG-ACC-036,0,1,1,1,1,0.0,0.0,0,0,LOW,0
CFG-0010186,DEV-ADMIN-FIR-024,0,1,1,1,1,0.0,0.0,0,0,LOW,0
CFG-0010187,DEV-MAIN-SWI-042,0,1,1,0,1,0.0,0.5,0,1,MEDIUM,1
CFG-0010188,DEV-PEDS-IOT-035,0,1,1,1,1,0.0,0.0,0,0,LOW,0
CFG-0010189,DEV-PEDS-WIR-007,0,1,1,1,1,0.0,0.0,0,0,LOW,0
CFG-0010190,DEV-ONCOLOGY-VPN-075,0,1,1,0,1,0.0,0.5,1,1,LOW,0
CFG-0010191,DEV-MAIN-SWI-017,0,1,1,1,1,0.0,0.0,0,0,LOW,0
CFG-0010192,DEV-RESEARCH-VPN-045,0,1,0,1,1,0.3,0.0,0,1,HIGH,2
CFG-0010193,DEV-RESEARCH-EDG-057,0,1,1,1,1,0.0,0.0,0,0,LOW,0
CFG-0010194,DEV-ADMIN-FIR-024,1,1,1,1,1,0.4,0.0,1,1,LOW,0
CFG-0010195,DEV-RESEARCH-FIR-031,0,1,1,1,1,0.0,0.0,0,0,LOW,0
CFG-0010196,DEV-PHARM-VPN-047,0,1,1,1,1,0.0,0.0,0,0,LOW,0
CFG-0010197,DEV-MAIN-IOT-005,0,1,1,1,1,0.0,0.0,0,0,LOW,0
CFG-0010198,DEV-CLINIC-VPN-029,0,1,0,1,1,0.3,0.0,0,1,HIGH,2
CFG-0010199,DEV-MAIN-ACC-090,0,1,1,1,1,0.0,0.0,0,0,LOW,0
CFG-0010200,DEV-CLINIC-VPN-029,0,1,1,1,1,0.0,0.0,0,0,LOW,0
CFG-0010201,DEV-MAIN-SWI-017,0,1,1,1,1,0.0,0.0,1,0,LOW,0
CFG-0010202,DEV-PHARM-VPN-047,0,1,1,1,1,0.0,0.0,0,0,LOW,0
CFG-0010203,DEV-CARDIO-ACC-008,0,1,1,1,1,0.0,0.0,0,0,LOW,0
CFG-0010204,DEV-PEDS-IOT-035,0,1,1,1,1,0.0,0.0,0,0,LOW,0
CFG-0010205,DEV-DIAG-EDG-067,0,1,1,1,1,0.0,0.0,1,0,LOW,0
CFG-0010206,DEV-ONCOLOGY-ACC-053,0,1,1,1,1,0.0,0.0,0,0,LOW,0
CFG-0010207,DEV-CLINIC-ACC-027,0,1,1,1,1,0.0,0.0,0,0,LOW,0
CFG-0010208,DEV-PEDS-COR-054,0,1,1,1,1,0.0,0.0,0,0,LOW,0
CFG-0010209,DEV-CARDIO-EDG-085,0,1,1,1,1,0.0,0.0,1,0,LOW,0
CFG-0010210,DEV-CARDIO-SWI-062,0,1,1,1,1,0.0,0.0,1,0,LOW,0
CFG-0010211,DEV-PHARM-ACC-083,0,1,1,0,1,0.0,0.5,0,1,MEDIUM,1
CFG-0010212,DEV-ONCOLOGY-FIR-061,0,1,1,1,1,0.0,0.0,1,0,LOW,0
CFG-0010213,DEV-PEDS-WIR-007,0,1,1,1,1,0.0,0.0,0,0,LOW,0
CFG-0010215,DEV-EMERGENCY-SWI-081,0,1,1,1,1,0.0,0.0,1,0,LOW,0
CFG-0010216,DEV-CARDIO-IOT-110,0,1,1,1,1,0.0,0.0,0,0,LOW,0
CFG-0010217,DEV-ADMIN-VPN-021,0,1,1,1,1,0.0,0.0,0,0,LOW,0
CFG-0010218,DEV-RESEARCH-SWI-079,0,1,1,1,1,0.0,0.0,0,0,LOW,0
CFG-0010219,DEV-RESEARCH-FIR-056,0,1,1,1,1,0.0,0.0,0,0,LOW,0
CFG-0010220,DEV-RESEARCH-SWI-079,0,1,1,1,1,0.0,0.0,1,0,LOW,0
CFG-0010221,DEV-RESEARCH-EDG-057,0,1,1,1,1,0.0,0.0,0,0,LOW,0
CFG-0010222,DEV-DIAG-SWI-092,0,1,1,1,1,0.0,0.0,0,0,LOW,0
CFG-0010223,DEV-PEDS-VPN-025,0,1,1,1,1,0.0,0.0,0,0,LOW,0
CFG-0010224,DEV-RESEARCH-SWI-001,0,1,1,1,1,0.0,0.0,1,0,LOW,0
CFG-0010225,DEV-RESEARCH-SWI-079,0,1,1,1,1,0.0,0.0,0,0,LOW,0
CFG-0010226,DEV-ADMIN-EDG-050,0,1,0,1,1,0.3,0.0,0,1,HIGH,2
CFG-0010227,DEV-DIAG-WIR-084,0,1,1,1,1,0.0,0.0,0,0,LOW,0
CFG-0010228,DEV-RESEARCH-FIR-078,0,1,0,1,1,0.3,0.0,1,1,LOW,0
CFG-0010229,DEV-ADMIN-IOT-003,0,1,1,1,0,0.0,0.5,0,0,LOW,0
CFG-0010230,DEV-MAIN-IOT-018,0,1,1,1,1,0.0,0.0,0,0,LOW,0
CFG-0010231,DEV-ONCOLOGY-SWI-039,0,1,1,1,1,0.0,0.0,1,0,LOW,0
CFG-0010232,DEV-PEDS-IOT-046,0,1,1,1,1,0.0,0.0,1,0,LOW,0
CFG-0010233,DEV-PEDS-IOT-046,0,1,0,1,1,0.3,0.0,0,1,HIGH,2
CFG-0010234,DEV-EMERGENCY-FIR-058,0,1,1,1,1,0.0,0.0,0,0,LOW,0
CFG-0010235,DEV-PHARM-FIR-101,0,1,1,1,1,0.0,0.0,0,0,LOW,0
CFG-0010236,DEV-ADMIN-EDG-050,0,1,1,1,1,0.0,0.0,0,0,LOW,0
CFG-0010237,DEV-RESEARCH-EDG-055,0,1,1,1,1,0.0,0.0,1,0,LOW,0
CFG-0010238,DEV-CLINIC-SWI-082,0,1,1,1,1,0.0,0.0,0,0,LOW,0
CFG-0010239,DEV-MAIN-EDG-012,0,1,1,1,1,0.0,0.0,0,0,LOW,0
CFG-0010240,DEV-PEDS-FIR-069,0,1,1,1,1,0.0,0.0,0,0,LOW,0
CFG-0010241,DEV-MAIN-EDG-012,0,1,1,1,1,0.0,0.0,0,0,LOW,0
CFG-0010242,DEV-PEDS-WIR-095,1,1,1,1,1,0.4,0.0,0,1,HIGH,2
CFG-0010243,DEV-RESEARCH-SWI-001,0,1,1,1,1,0.0,0.0,1,0,LOW,0
CFG-0010244,DEV-PEDS-COR-054,0,1,1,1,1,0.0,0.0,1,0,LOW,0
CFG-0010245,DEV-DIAG-EDG-080,0,1,1,0,1,0.0,0.5,0,1,MEDIUM,1
CFG-0010246,DEV-CLINIC-EDG-048,0,1,1,1,1,0.0,0.0,0,0,LOW,0
CFG-0010247,DEV-CARDIO-IOT-110,0,1,1,1,1,0.0,0.0,1,0,LOW,0
CFG-0010248,DEV-CARDIO-SWI-074,0,1,1,1,1,0.0,0.0,0,0,LOW,0
CFG-0010249,DEV-MAIN-EDG-012,0,1,1,1,1,0.0,0.0,1,0,LOW,0
CFG-0010250,DEV-ADMIN-EDG-050,0,1,1,1,1,0.0,0.0,1,0,LOW,0
CFG-0010251,DEV-PEDS-COR-019,0,1,1,1,1,0.0,0.0,0,0,LOW,0
CFG-0010252,DEV-DIAG-EDG-067,0,1,1,0,1,0.0,0.5,1,1,LOW,0
CFG-0010253,DEV-MAIN-FIR-064,0,1,1,1,1,0.0,0.0,0,0,LOW,0
CFG-0010254,DEV-EMERGENCY-FIR-058,0,1,1,1,1,0.0,0.0,1,0,LOW,0
CFG-0010255,DEV-CLINIC-IOT-041,0,1,1,1,1,0.0,0.0,1,0,LOW,0
CFG-0010256,DEV-PEDS-COR-054,0,1,1,1,1,0.0,0.0,0,0,LOW,0
CFG-0010257,DEV-MAIN-FIR-064,0,1,1,1,0,0.0,0.5,0,0,LOW,0
CFG-0010258,DEV-RESEARCH-SWI-079,0,1,1,1,1,0.0,0.0,0,0,LOW,0
CFG-0010259,DEV-ADMIN-FIR-093,0,1,1,1,0,0.0,0.5,0,0,LOW,0
CFG-0010260,DEV-DIAG-WIR-084,0,1,1,1,1,0.0,0.0,0,0,LOW,0
CFG-0010261,DEV-MAIN-SWI-017,1,1,1,1,1,0.4,0.0,1,1,LOW,0
CFG-0010262,DEV-RESEARCH-VPN-045,0,1,0,1,1,0.3,0.0,0,1,HIGH,2
CFG-0010263,DEV-RESEARCH-SWI-100,0,1,0,1,1,0.3,0.0,0,1,HIGH,2
CFG-0010264,DEV-DIAG-ACC-103,1,1,1,1,1,0.4,0.0,1,1,LOW,0
CFG-0010265,DEV-PEDS-IOT-035,0,1,1,1,1,0.0,0.0,0,0,LOW,0
CFG-0010266,DEV-EMERGENCY-IOT-073,0,1,1,1,1,0.0,0.0,0,0,LOW,0
CFG-0010267,DEV-CLINIC-WIR-097,0,1,1,1,1,0.0,0.0,0,0,LOW,0
CFG-0010268,DEV-EMERGENCY-COR-022,0,1,1,0,1,0.0,0.5,1,1,LOW,0
CFG-0010269,DEV-DIAG-ACC-103,0,1,1,1,1,0.0,0.0,0,0,LOW,0
CFG-0010270,DEV-ADMIN-VPN-021,0,1,1,1,0,0.0,0.5,0,0,LOW,0
CFG-0010271,DEV-EMERGENCY-COR-065,0,1,1,1,1,0.0,0.0,1,0,LOW,0
CFG-0010272,DEV-ONCOLOGY-FIR-061,0,1,1,1,1,0.0,0.0,1,0,LOW,0
CFG-0010273,DEV-MAIN-IOT-018,0,1,1,1,1,0.0,0.0,0,0,LOW,0
CFG-0010274,DEV-MAIN-FIR-064,0,1,0,1,1,0.3,0.0,0,1,HIGH,2
CFG-0010275,DEV-EMERGENCY-SWI-066,0,1,1,1,1,0.0,0.0,0,0,LOW,0
CFG-0010276,DEV-CLINIC-VPN-051,0,1,0,1,1,0.3,0.0,0,1,HIGH,2
CFG-0010277,DEV-EMERGENCY-COR-065,0,1,1,1,0,0.0,0.5,0,0,LOW,0
CFG-0010278,DEV-RESEARCH-FIR-078,1,1,1,1,1,0.4,0.0,0,1,HIGH,2
CFG-0010279,DEV-MAIN-EDG-014,0,1,1,1,1,0.0,0.0,0,0,LOW,0
CFG-0010280,DEV-CARDIO-EDG-085,0,1,1,1,1,0.0,0.0,0,0,LOW,0
CFG-0010281,DEV-PEDS-ACC-104,0,1,1,1,1,0.0,0.0,0,0,LOW,0
CFG-0010282,DEV-PEDS-WIR-007,0,1,1,1,1,0.0,0.0,0,0,LOW,0
CFG-0010283,DEV-MAIN-IOT-018,0,1,1,1,1,0.0,0.0,1,0,LOW,0
CFG-0010284,DEV-CLINIC-ACC-033,1,1,1,1,1,0.4,0.0,0,1,HIGH,2
CFG-0010285,DEV-PHARM-FIR-028,0,1,1,1,1,0.0,0.0,0,0,LOW,0
CFG-0010286,DEV-EMERGENCY-FIR-030,0,1,0,1,1,0.3,0.0,0,1,HIGH,2
CFG-0010287,DEV-RESEARCH-FIR-086,0,1,1,1,1,0.0,0.0,0,0,LOW,0
CFG-0010288,DEV-RESEARCH-SWI-100,0,1,1,1,1,0.0,0.0,0,0,LOW,0
CFG-0010289,DEV-MAIN-IOT-018,0,1,1,1,1,0.0,0.0,0,0,LOW,0
CFG-0010290,DEV-EMERGENCY-IOT-073,0,1,1,1,1,0.0,0.0,0,0,LOW,0
CFG-0010291,DEV-ONCOLOGY-IOT-070,0,1,1,1,1,0.0,0.0,0,0,LOW,0
CFG-0010292,DEV-DIAG-ACC-036,0,1,1,1,1,0.0,0.0,0,0,LOW,0
CFG-0010293,DEV-MAIN-FIR-064,0,1,0,1,1,0.3,0.0,1,1,LOW,0
CFG-0010294,DEV-MAIN-IOT-005,0,1,1,1,1,0.0,0.0,1,0,LOW,0
CFG-0010295,DEV-CLINIC-IOT-041,0,1,1,1,0,0.0,0.5,0,0,LOW,0
CFG-0010296,DEV-ONCOLOGY-IOT-059,0,1,1,1,1,0.0,0.0,0,0,LOW,0
CFG-0010297,DEV-CLINIC-VPN-098,0,1,1,1,1,0.0,0.0,0,0,LOW,0
CFG-0010298,DEV-PHARM-FIR-028,0,1,1,1,1,0.0,0.0,0,0,LOW,0
CFG-0010299,DEV-MAIN-WIR-043,0,1,1,1,1,0.0,0.0,1,0,LOW,0
CFG-0010300,DEV-EMERGENCY-SWI-099,0,1,1,0,1,0.0,0.5,0,1,MEDIUM,1
CFG-0010301,DEV-MAIN-FIR-064,0,1,1,1,1,0.0,0.0,0,0,LOW,0
CFG-0010302,DEV-PHARM-COR-106,0,1,1,1,1,0.0,0.0,0,0,LOW,0
CFG-0010303,DEV-DIAG-FIR-108,0,1,1,1,1,0.0,0.0,0,0,LOW,0
CFG-0010304,DEV-ADMIN-IOT-003,0,1,1,1,1,0.0,0.0,0,0,LOW,0
CFG-0010305,DEV-EMERGENCY-VPN-002,1,1,1,1,1,0.4,0.0,0,1,HIGH,2
CFG-0010306,DEV-EMERGENCY-SWI-096,0,1,1,1,1,0.0,0.0,0,0,LOW,0
CFG-0010307,DEV-CLINIC-WIR-097,0,1,1,1,1,0.0,0.0,1,0,LOW,0
CFG-0010308,DEV-PEDS-ACC-104,0,1,1,1,1,0.0,0.0,0,0,LOW,0
CFG-0010309,DEV-CLINIC-WIR-097,0,1,1,0,1,0.0,0.5,0,1,MEDIUM,1
CFG-0010310,DEV-RESEARCH-FIR-078,0,1,1,1,1,0.0,0.0,1,0,LOW,0
CFG-0010312,DEV-MAIN-WIR-043,0,1,1,0,1,0.0,0.5,1,1,LOW,0
CFG-0010313,DEV-PHARM-IOT-107,0,1,1,1,1,0.0,0.0,0,0,LOW,0
CFG-0010314,DEV-PEDS-FIR-069,0,1,1,1,1,0.0,0.0,0,0,LOW,0
CFG-0010315,DEV-PHARM-IOT-107,0,1,1,0,1,0.0,0.5,0,1,MEDIUM,1
CFG-0010316,DEV-MAIN-FIR-064,0,1,1,0,1,0.0,0.5,0,1,MEDIUM,1
CFG-0010317,DEV-DIAG-SWI-092,0,1,1,1,1,0.0,0.0,0,0,LOW,0
CFG-0010318,DEV-PHARM-VPN-023,0,1,1,1,1,0.0,0.0,0,0,LOW,0
CFG-0010319,DEV-PEDS-VPN-025,0,1,1,1,1,0.0,0.0,1,0,LOW,0
CFG-0010320,DEV-CARDIO-EDG-085,0,1,1,1,1,0.0,0.0,0,0,LOW,0
CFG-0010322,DEV-CLINIC-VPN-029,0,1,1,1,1,0.0,0.0,0,0,LOW,0
CFG-0010323,DEV-PEDS-VPN-025,1,1,1,1,1,0.4,0.0,0,1,HIGH,2
CFG-0010324,DEV-CARDIO-ACC-068,0,1,1,1,1,0.0,0.0,0,0,LOW,0
CFG-0010325,DEV-RESEARCH-SWI-001,0,1,1,0,1,0.0,0.5,1,1,LOW,0
CFG-0010326,DEV-DIAG-SWI-092,0,1,1,1,1,0.0,0.0,0,0,LOW,0
CFG-0010327,DEV-PEDS-ACC-104,0,1,1,1,1,0.0,0.0,0,0,LOW,0
CFG-0010328,DEV-MAIN-ACC-077,0,1,1,1,1,0.0,0.0,0,0,LOW,0
CFG-0010329,DEV-RESEARCH-FIR-056,0,1,1,1,0,0.0,0.5,0,0,LOW,0
CFG-0010330,DEV-MAIN-FIR-091,0,1,1,1,1,0.0,0.0,1,0,LOW,0
CFG-0010331,DEV-RESEARCH-EDG-055,1,1,1,1,1,0.4,0.0,0,1,HIGH,2
CFG-0010332,DEV-MAIN-EDG-071,0,1,1,1,1,0.0,0.0,0,0,LOW,0
CFG-0010333,DEV-RESEARCH-SWI-079,0,1,1,1,1,0.0,0.0,0,0,LOW,0
CFG-0010334,DEV-EMERGENCY-SWI-066,0,1,1,1,0,0.0,0.5,0,0,LOW,0
CFG-0010335,DEV-ONCOLOGY-ACC-053,0,1,1,1,1,0.0,0.0,0,0,LOW,0
CFG-0010336,DEV-RESEARCH-VPN-045,0,1,1,1,1,0.0,0.0,0,0,LOW,0
CFG-0010337,DEV-ADMIN-EDG-050,0,1,1,1,1,0.0,0.0,0,0,LOW,0
CFG-0010338,DEV-MAIN-WIR-043,0,1,1,1,1,0.0,0.0,1,0,LOW,0
CFG-0010339,DEV-CARDIO-SWI-062,0,1,1,1,1,0.0,0.0,0,0,LOW,0
CFG-0010340,DEV-CLINIC-IOT-041,0,1,1,1,1,0.0,0.0,0,0,LOW,0
CFG-0010341,DEV-MAIN-FIR-064,1,1,1,1,1,0.4,0.0,0,1,HIGH,2
CFG-0010342,DEV-DIAG-SWI-060,0,1,1,0,1,0.0,0.5,0,1,MEDIUM,1
CFG-0010343,DEV-PHARM-EDG-038,0,1,1,1,1,0.0,0.0,0,0,LOW,0
CFG-0010344,DEV-PHARM-FIR-010,0,1,0,1,1,0.3,0.0,0,1,HIGH,2
CFG-0010345,DEV-PHARM-EDG-038,0,1,1,1,1,0.0,0.0,0,0,LOW,0
CFG-0010346,DEV-CLINIC-VPN-051,0,1,1,1,1,0.0,0.0,1,0,LOW,0
CFG-0010347,DEV-EMERGENCY-COR-022,0,1,1,1,1,0.0,0.0,0,0,LOW,0
CFG-0010348,DEV-MAIN-IOT-005,0,1,1,1,1,0.0,0.0,0,0,LOW,0
CFG-0010350,DEV-MAIN-IOT-018,0,1,1,1,1,0.0,0.0,0,0,LOW,0
CFG-0010351,DEV-MAIN-FIR-064,0,1,1,1,1,0.0,0.0,0,0,LOW,0
CFG-0010352,DEV-ADMIN-FIR-024,0,1,1,1,1,0.0,0.0,0,0,LOW,0
CFG-0010353,DEV-RESEARCH-SWI-100,0,1,1,1,1,0.0,0.0,0,0,LOW,0
CFG-0010354,DEV-DIAG-SWI-060,0,1,1,1,1,0.0,0.0,1,0,LOW,0
CFG-0010355,DEV-PHARM-VPN-047,0,1,1,1,1,0.0,0.0,0,0,LOW,0
CFG-0010356,DEV-CLINIC-FIR-087,0,1,1,1,1,0.0,0.0,0,0,LOW,0
CFG-0010357,DEV-CLINIC-ACC-027,0,1,1,1,1,0.0,0.0,1,0,LOW,0
CFG-0010358,DEV-RESEARCH-VPN-045,0,1,1,1,1,0.0,0.0,0,0,LOW,0
CFG-0010359,DEV-CARDIO-ACC-008,0,1,1,1,1,0.0,0.0,0,0,LOW,0
CFG-0010360,DEV-PHARM-VPN-004,0,1,1,1,0,0.0,0.5,0,0,LOW,0
CFG-0010361,DEV-EMERGENCY-VPN-094,0,1,1,1,1,0.0,0.0,1,0,LOW,0
CFG-0010362,DEV-ONCOLOGY-FIR-061,0,1,1,1,1,0.0,0.0,0,0,LOW,0
CFG-0010363,DEV-EMERGENCY-SWI-081,0,1,1,1,1,0.0,0.0,1,0,LOW,0
CFG-0010364,DEV-MAIN-ACC-077,0,1,1,0,1,0.0,0.5,0,1,MEDIUM,1
CFG-0010365,DEV-PEDS-WIR-040,0,1,1,1,1,0.0,0.0,0,0,LOW,0
CFG-0010366,DEV-ADMIN-WIR-013,0,1,1,1,1,0.0,0.0,0,0,LOW,0
CFG-0010367,DEV-ADMIN-VPN-021,0,1,1,1,1,0.0,0.0,0,0,LOW,0
CFG-0010368,DEV-CLINIC-WIR-097,0,1,1,1,1,0.0,0.0,0,0,LOW,0
CFG-0010369,DEV-CLINIC-VPN-051,1,1,1,1,1,0.4,0.0,0,1,HIGH,2
CFG-0010370,DEV-CARDIO-FIR-089,0,1,1,1,1,0.0,0.0,0,0,LOW,0
CFG-0010371,DEV-PEDS-FIR-069,1,1,1,1,1,0.4,0.0,0,1,HIGH,2
CFG-0010372,DEV-CLINIC-VPN-098,1,1,1,1,1,0.4,0.0,0,1,HIGH,2
CFG-0010373,DEV-PHARM-IOT-107,0,1,1,1,0,0.0,0.5,1,0,LOW,0
CFG-0010374,DEV-PHARM-VPN-004,0,1,1,1,1,0.0,0.0,0,0,LOW,0
CFG-0010375,DEV-RESEARCH-VPN-045,0,1,1,1,1,0.0,0.0,1,0,LOW,0
CFG-0010376,DEV-MAIN-ACC-077,0,1,1,1,0,0.0,0.5,1,0,LOW,0
CFG-0010377,DEV-MAIN-EDG-071,1,1,1,1,1,0.4,0.0,1,1,LOW,0
CFG-0010378,DEV-EMERGENCY-SWI-052,0,1,1,1,0,0.0,0.5,1,0,LOW,0
CFG-0010379,DEV-ONCOLOGY-WIR-037,0,1,1,1,1,0.0,0.0,1,0,LOW,0
CFG-0010380,DEV-ADMIN-IOT-003,0,1,1,1,1,0.0,0.0,1,0,LOW,0
CFG-0010381,DEV-CLINIC-ACC-027,0,1,1,1,1,0.0,0.0,0,0,LOW,0
CFG-0010382,DEV-RESEARCH-FIR-056,0,1,1,1,1,0.0,0.0,0,0,LOW,0
CFG-0010383,DEV-MAIN-WIR-043,0,1,1,1,1,0.0,0.0,0,0,LOW,0
CFG-0010384,DEV-ADMIN-SWI-049,0,1,1,0,1,0.0,0.5,1,1,LOW,0
CFG-0010385,DEV-RESEARCH-IOT-072,0,1,1,1,1,0.0,0.0,1,0,LOW,0
CFG-0010386,DEV-PHARM-EDG-038,1,1,1,1,1,0.4,0.0,0,1,HIGH,2
CFG-0010387,DEV-PEDS-IOT-035,0,1,1,1,1,0.0,0.0,0,0,LOW,0
CFG-0010388,DEV-RESEARCH-SWI-079,0,1,1,1,1,0.0,0.0,0,0,LOW,0
CFG-0010389,DEV-MAIN-VPN-026,0,1,1,1,1,0.0,0.0,0,0,LOW,0
CFG-0010390,DEV-DIAG-ACC-036,0,1,1,1,1,0.0,0.0,1,0,LOW,0
CFG-0010391,DEV-RESEARCH-SWI-001,0,1,1,1,1,0.0,0.0,0,0,LOW,0
CFG-0010392,DEV-EMERGENCY-IOT-073,0,1,1,1,1,0.0,0.0,0,0,LOW,0
CFG-0010393,DEV-DIAG-ACC-103,0,1,1,1,0,0.0,0.5,1,0,LOW,0
CFG-0010394,DEV-ADMIN-WIR-013,0,1,1,1,1,0.0,0.0,0,0,LOW,0
CFG-0010395,DEV-PEDS-IOT-035,0,1,1,1,1,0.0,0.0,1,0,LOW,0
CFG-0010396,DEV-CLINIC-VPN-029,0,1,1,1,1,0.0,0.0,0,0,LOW,0
CFG-0010397,DEV-EMERGENCY-VPN-002,0,1,1,1,1,0.0,0.0,0,0,LOW,0
CFG-0010398,DEV-DIAG-ACC-036,1,1,1,1,1,0.4,0.0,1,1,LOW,0
CFG-0010399,DEV-PEDS-FIR-069,0,1,1,1,1,0.0,0.0,0,0,LOW,0
CFG-0010400,DEV-CLINIC-ACC-034,0,1,1,1,1,0.0,0.0,1,0,LOW,0
CFG-0010401,DEV-EMERGENCY-SWI-081,1,1,0,1,1,0.7,0.0,0,2,CRITICAL,3
CFG-0010402,DEV-CLINIC-SWI-082,0,1,1,1,1,0.0,0.0,0,0,LOW,0
CFG-0010403,DEV-CARDIO-VPN-011,0,1,1,1,1,0.0,0.0,0,0,LOW,0
CFG-0010404,DEV-DIAG-EDG-067,0,1,1,1,1,0.0,0.0,0,0,LOW,0
CFG-0010405,DEV-PEDS-WIR-007,0,1,1,1,1,0.0,0.0,0,0,LOW,0
CFG-0010406,DEV-MAIN-VPN-026,0,1,1,1,1,0.0,0.0,0,0,LOW,0
CFG-0010407,DEV-EMERGENCY-FIR-058,0,1,1,1,1,0.0,0.0,0,0,LOW,0
CFG-0010408,DEV-EMERGENCY-SWI-099,0,1,1,1,1,0.0,0.0,0,0,LOW,0
CFG-0010409,DEV-PEDS-COR-054,0,1,1,0,1,0.0,0.5,1,1,LOW,0
CFG-0010410,DEV-DIAG-SWI-092,0,1,0,1,1,0.3,0.0,0,1,HIGH,2
CFG-0010411,DEV-CARDIO-EDG-085,0,1,1,1,1,0.0,0.0,0,0,LOW,0
CFG-0010412,DEV-RESEARCH-FIR-031,1,1,1,1,1,0.4,0.0,0,1,HIGH,2
CFG-0010413,DEV-CARDIO-FIR-089,0,1,1,1,1,0.0,0.0,1,0,LOW,0
CFG-0010414,DEV-MAIN-SWI-044,0,1,1,1,1,0.0,0.0,1,0,LOW,0
CFG-0010415,DEV-ADMIN-EDG-050,0,1,1,1,1,0.0,0.0,0,0,LOW,0
CFG-0010416,DEV-PEDS-COR-054,0,1,1,1,1,0.0,0.0,0,0,LOW,0
CFG-0010417,DEV-PEDS-COR-019,0,1,1,0,1,0.0,0.5,0,1,MEDIUM,1
CFG-0010418,DEV-ONCOLOGY-IOT-059,1,1,1,1,1,0.4,0.0,1,1,LOW,0
CFG-0010419,DEV-ADMIN-FIR-024,0,1,1,1,1,0.0,0.0,0,0,LOW,0
CFG-0010420,DEV-PHARM-EDG-038,0,1,1,1,1,0.0,0.0,0,0,LOW,0
CFG-0010421,DEV-PEDS-COR-019,0,1,1,1,1,0.0,0.0,0,0,LOW,0
CFG-0010422,DEV-EMERGENCY-VPN-002,0,1,1,1,1,0.0,0.0,0,0,LOW,0
CFG-0010423,DEV-EMERGENCY-VPN-002,0,1,1,1,1,0.0,0.0,0,0,LOW,0
CFG-0010424,DEV-PHARM-FIR-101,0,1,1,1,0,0.0,0.5,1,0,LOW,0
CFG-0010425,DEV-EMERGENCY-FIR-058,0,1,1,1,1,0.0,0.0,0,0,LOW,0
CFG-0010426,DEV-RESEARCH-SWI-020,0,1,1,1,1,0.0,0.0,1,0,LOW,0
CFG-0010427,DEV-CLINIC-VPN-051,0,1,1,1,1,0.0,0.0,1,0,LOW,0
CFG-0010428,DEV-EMERGENCY-SWI-099,0,1,1,1,1,0.0,0.0,0,0,LOW,0
CFG-0010429,DEV-CARDIO-VPN-011,0,1,1,1,1,0.0,0.0,0,0,LOW,0
CFG-0010430,DEV-CLINIC-ACC-109,0,1,1,1,1,0.0,0.0,0,0,LOW,0
CFG-0010431,DEV-RESEARCH-SWI-001,0,1,1,1,1,0.0,0.0,0,0,LOW,0
CFG-0010432,DEV-EMERGENCY-SWI-099,0,1,1,1,1,0.0,0.0,0,0,LOW,0
CFG-0010433,DEV-ONCOLOGY-ACC-016,0,1,1,1,1,0.0,0.0,0,0,LOW,0
CFG-0010434,DEV-CARDIO-ACC-068,0,1,1,1,1,0.0,0.0,0,0,LOW,0
CFG-0010435,DEV-PHARM-FIR-010,0,1,1,1,1,0.0,0.0,0,0,LOW,0
CFG-0010436,DEV-DIAG-SWI-092,0,1,1,1,1,0.0,0.0,0,0,LOW,0
CFG-0010437,DEV-MAIN-EDG-071,0,1,1,0,1,0.0,0.5,0,1,MEDIUM,1
CFG-0010438,DEV-ADMIN-IOT-003,0,1,1,1,1,0.0,0.0,0,0,LOW,0
CFG-0010439,DEV-ONCOLOGY-FIR-061,0,1,1,1,1,0.0,0.0,0,0,LOW,0
CFG-0010440,DEV-EMERGENCY-SWI-081,0,1,1,1,1,0.0,0.0,0,0,LOW,0
CFG-0010441,DEV-ONCOLOGY-VPN-075,0,1,1,1,1,0.0,0.0,0,0,LOW,0
CFG-0010442,DEV-PHARM-COR-106,0,1,1,0,1,0.0,0.5,0,1,MEDIUM,1
CFG-0010443,DEV-RESEARCH-EDG-057,0,1,1,1,1,0.0,0.0,0,0,LOW,0
CFG-0010444,DEV-EMERGENCY-SWI-096,0,1,0,1,1,0.3,0.0,0,1,HIGH,2
CFG-0010445,DEV-EMERGENCY-SWI-096,0,1,1,1,1,0.0,0.0,0,0,LOW,0
CFG-0010446,DEV-ADMIN-IOT-003,0,1,1,1,1,0.0,0.0,1,0,LOW,0
CFG-0010447,DEV-RESEARCH-FIR-086,0,1,1,1,1,0.0,0.0,0,0,LOW,0
CFG-0010448,DEV-CARDIO-SWI-074,0,1,1,1,1,0.0,0.0,1,0,LOW,0
CFG-0010449,DEV-PHARM-IOT-107,0,1,1,1,1,0.0,0.0,1,0,LOW,0
CFG-0010450,DEV-DIAG-COR-009,0,1,1,1,1,0.0,0.0,0,0,LOW,0
CFG-0010451,DEV-EMERGENCY-VPN-002,0,1,1,1,1,0.0,0.0,0,0,LOW,0
CFG-0010452,DEV-RESEARCH-SWI-001,0,1,1,1,1,0.0,0.0,0,0,LOW,0
CFG-0010453,DEV-ADMIN-SWI-049,0,1,1,1,1,0.0,0.0,0,0,LOW,0
CFG-0010454,DEV-DIAG-SWI-092,0,1,0,1,1,0.3,0.0,1,1,LOW,0
CFG-0010455,DEV-RESEARCH-IOT-072,0,1,1,0,1,0.0,0.5,1,1,LOW,0
CFG-0010456,DEV-PEDS-FIR-069,0,1,1,1,1,0.0,0.0,0,0,LOW,0
CFG-0010457,DEV-CLINIC-SWI-082,0,1,1,0,1,0.0,0.5,0,1,MEDIUM,1
CFG-0010458,DEV-PEDS-COR-019,0,1,1,1,1,0.0,0.0,1,0,LOW,0
CFG-0010459,DEV-CARDIO-SWI-074,0,1,1,1,1,0.0,0.0,1,0,LOW,0
CFG-0010460,DEV-CARDIO-VPN-011,0,1,1,1,0,0.0,0.5,0,0,LOW,0
CFG-0010461,DEV-MAIN-EDG-012,0,1,1,1,1,0.0,0.0,1,0,LOW,0
CFG-0010462,DEV-PEDS-VPN-025,0,1,1,1,1,0.0,0.0,0,0,LOW,0
CFG-0010463,DEV-ONCOLOGY-SWI-039,0,1,1,1,1,0.0,0.0,0,0,LOW,0
CFG-0010464,DEV-CLINIC-SWI-082,0,1,1,1,1,0.0,0.0,1,0,LOW,0
CFG-0010465,DEV-RESEARCH-FIR-031,0,1,1,1,1,0.0,0.0,1,0,LOW,0
CFG-0010466,DEV-RESEARCH-EDG-057,0,1,1,1,1,0.0,0.0,0,0,LOW,0
CFG-0010467,DEV-RESEARCH-SWI-001,0,1,1,1,1,0.0,0.0,0,0,LOW,0
CFG-0010469,DEV-DIAG-ACC-036,0,1,1,0,1,0.0,0.5,0,1,MEDIUM,1
CFG-0010470,DEV-ADMIN-WIR-013,0,1,1,1,1,0.0,0.0,0,0,LOW,0
CFG-0010471,DEV-RESEARCH-VPN-045,0,1,0,1,1,0.3,0.0,1,1,LOW,0
CFG-0010473,DEV-MAIN-SWI-042,0,1,1,1,1,0.0,0.0,1,0,LOW,0
CFG-0010474,DEV-ONCOLOGY-VPN-075,0,1,1,1,1,0.0,0.0,0,0,LOW,0
CFG-0010475,DEV-RESEARCH-SWI-020,1,1,1,1,1,0.4,0.0,0,1,HIGH,2
CFG-0010476,DEV-CARDIO-FIR-089,0,1,1,1,1,0.0,0.0,0,0,LOW,0
CFG-0010477,DEV-PHARM-ACC-083,0,1,1,1,1,0.0,0.0,0,0,LOW,0
CFG-0010478,DEV-EMERGENCY-IOT-073,0,1,1,0,1,0.0,0.5,0,1,MEDIUM,1
CFG-0010479,DEV-RESEARCH-FIR-086,0,1,1,1,1,0.0,0.0,0,0,LOW,0
CFG-0010480,DEV-ONCOLOGY-ACC-016,0,1,1,1,1,0.0,0.0,0,0,LOW,0
CFG-0010481,DEV-RESEARCH-FIR-056,0,1,1,1,1,0.0,0.0,1,0,LOW,0
CFG-0010482,DEV-ADMIN-SWI-049,0,1,1,1,1,0.0,0.0,1,0,LOW,0
CFG-0010483,DEV-DIAG-EDG-080,0,1,1,1,1,0.0,0.0,1,0,LOW,0
CFG-0010484,DEV-DIAG-EDG-067,0,1,1,1,1,0.0,0.0,0,0,LOW,0
CFG-0010485,DEV-MAIN-SWI-017,0,1,1,1,1,0.0,0.0,1,0,LOW,0
CFG-0010486,DEV-CLINIC-ACC-033,0,1,1,1,1,0.0,0.0,0,0,LOW,0
CFG-0010487,DEV-ONCOLOGY-IOT-059,1,1,1,1,1,0.4,0.0,0,1,HIGH,2
CFG-0010488,DEV-PHARM-VPN-047,0,1,1,1,1,0.0,0.0,0,0,LOW,0
CFG-0010490,DEV-ADMIN-COR-105,0,1,0,1,1,0.3,0.0,1,1,LOW,0
CFG-0010491,DEV-EMERGENCY-COR-022,0,1,1,1,1,0.0,0.0,1,0,LOW,0
CFG-0010492,DEV-PEDS-WIR-095,0,1,1,1,1,0.0,0.0,0,0,LOW,0
CFG-0010493,DEV-ADMIN-IOT-003,0,1,1,0,1,0.0,0.5,0,1,MEDIUM,1
CFG-0010494,DEV-RESEARCH-FIR-086,0,1,1,1,1,0.0,0.0,0,0,LOW,0
CFG-0010495,DEV-MAIN-EDG-071,0,1,1,1,1,0.0,0.0,0,0,LOW,0
CFG-0010496,DEV-ONCOLOGY-VPN-075,1,1,1,1,1,0.4,0.0,1,1,LOW,0
CFG-0010497,DEV-CARDIO-SWI-062,0,1,1,1,1,0.0,0.0,0,0,LOW,0
CFG-0010498,DEV-CLINIC-ACC-034,0,1,1,1,1,0.0,0.0,0,0,LOW,0
CFG-0010499,DEV-PHARM-VPN-023,0,1,1,1,1,0.0,0.0,0,0,LOW,0
CFG-0010500,DEV-EMERGENCY-SWI-099,0,1,1,1,0,0.0,0.5,0,0,LOW,0
